owner,farm_name,country_of_origin,aroma,flavor
metad plc,metad plc,Ethiopia,8.67,8.83
metad plc,metad plc,Ethiopia,8.75,8.67
grounds for health admin,"san marcos barrancas ""san cristobal cuch",Guatemala,8.42,8.5
yidnekachew dabessa,yidnekachew dabessa coffee plantation,Ethiopia,8.17,8.58
metad plc,metad plc,Ethiopia,8.25,8.5
ji-ae ahn,NA,Brazil,8.58,8.42
hugo valdivia,NA,Peru,8.42,8.5
ethiopia commodity exchange,aolme,Ethiopia,8.25,8.33
ethiopia commodity exchange,aolme,Ethiopia,8.67,8.67
diamond enterprise plc,tulla coffee farm,Ethiopia,8.08,8.58
mohammed lalo,fahem coffee plantation,Ethiopia,8.17,8.67
cqi q coffee sample representative,el filo,United States,8.25,8.42
cqi q coffee sample representative,los cedros,United States,8.08,8.67
grounds for health admin,arianna farms,United States (Hawaii),8.33,8.42
ethiopia commodity exchange,aolme,Ethiopia,8.25,8.33
cqi q coffee sample representative,el águila,United States,8,8.5
grounds for health admin,toarco jaya,Indonesia,8.33,8.25
ethiopia commodity exchange,NA,Ethiopia,8.17,8.33
yunnan coffee exchange,echo coffee,China,8.42,8.25
essencecoffee,drima zede,Ethiopia,8.17,8.17
cqi q coffee sample representative,el rodeo,United States,8,8.25
the coffee source inc.,several,Costa Rica,8.08,8.25
roberto licona franco,la herradura,Mexico,8.17,8.25
cqi q coffee sample representative,la curva,United States,8.25,8.33
ji-ae ahn,NA,Ethiopia,8.42,8.17
nucoffee,fazenda kaquend,Brazil,8.5,8.5
ethiopia commodity exchange,NA,Ethiopia,7.83,8.25
kabum trading company,chebonet (23) women coffee,Uganda,8.42,8.17
bismarck castro,los hicaques,Honduras,8.17,8.08
"lin, che-hao krude 林哲豪",tsoustructive garden 鄒築園,Taiwan,8,8
nora zeas,NA,Nicaragua,7.92,8.25
specialty coffee-korea,NA,"Tanzania, United Republic Of",8.42,8.17
nucoffee,fazenda recreio,Brazil,8.5,8.17
francisco a mena,exclusive coffees s.a.,Costa Rica,8.17,7.83
hider abamecha,haider abamecha coffee plantation,Ethiopia,8,8.08
daniel magu,kangunu,Kenya,8.08,8
kona pacific farmers cooperative,NA,United States (Hawaii),8.08,8.17
kona pacific farmers cooperative,kona pacific farmers cooperative,United States (Hawaii),8.25,8.42
ethiopia commodity exchange,"phone number | 0911-51-08-01, email | at",Ethiopia,7.92,7.75
cqi q coffee sample representative,la primavera,United States,7.67,8.17
itdp international,co-op #12,Thailand,7.83,8.33
jacques pereira carneiro,pereira estate coffee,Brazil,8.17,7.92
jacques pereira carneiro,pereira estate coffee,Brazil,8.42,7.92
"lin, che-hao krude 林哲豪",sunshine valley estate 向陽高山咖啡,Taiwan,8.08,8.17
jungle estate,jungle estate,Kenya,8.08,8.08
nucoffee,fazenda kaquend,Brazil,8.33,8
great lakes coffee uganda,kaasayi,Uganda,8.08,8.08
lusso lab,ecobio colombia,Colombia,7.75,7.92
lusso lab,kianjavi,Kenya,7.92,8.17
afca,NA,Uganda,8.25,8
ethiopia commodity exchange,contact | sidacoop@ethionet.net,Ethiopia,7.75,8.08
grounds for health admin,hula daddy kona coffee,United States (Hawaii),8.33,8.17
juan luis alvarado romero,la esperanza y anexos,Guatemala,7.92,8.08
kawacom uganda ltd,sipi organic coffee project,Uganda,8.17,8.17
exportadora de cafe condor s.a,NA,Colombia,8,8
gonzalo hernandez,la berlina estate,Panama,8,8
ibrahim hussien speciality coffee producer &export,NA,Ethiopia,7.83,8.08
juan luis alvarado romero,valparaiso,Guatemala,7.83,8
juan luis alvarado romero,finca el limon,Guatemala,8,8
seid damtew coffee planataion,seid damtew coffee planation,Ethiopia,7.83,8
dane loraas,NA,Peru,8,8
"colbran coffeelands, ltd.",tairora cherry – bonta,Papua New Guinea,8.33,8.42
atlantic specialty coffee,el majahual,El Salvador,7.92,8.17
lusso lab,finca la esmeralda,El Salvador,7.83,8
kona pacific farmers cooperative,NA,United States (Hawaii),7.83,8
essencecoffee,elida estate,Panama,8,7.75
essencecoffee,inoi,Kenya,7.92,7.92
assefa belay coffee producer,NA,Ethiopia,7.83,8
kyagalanyi ltd,buginyanya,Uganda,8.33,7.92
juan luis alvarado romero,asoperc,Guatemala,8,7.83
assefa belay coffee producer,NA,Ethiopia,7.75,7.83
great lakes coffee uganda,chesiyo farmer group,Uganda,8.08,8
kona pacific farmers cooperative,NA,United States (Hawaii),7.92,7.92
nucoffee,fazenda serra de três barras,Brazil,8,8
grounds for health admin,sierra nevada,El Salvador,8.08,7.83
yunnan coffee exchange,pu'er city longke coffee co.ltd,China,8,8
essencecoffee,el injerto s.a.,Guatemala,7.83,7.75
the coffee source inc.,several,Costa Rica,7.92,8.08
the coffee source inc.,several,Costa Rica,8,7.58
rashid moledina & co. (msa) ltd.,NA,Kenya,7.83,8.08
ibero kenya limited,NA,Kenya,8,7.92
ethiopia commodity exchange,phone number | 0911-513824 email: gmt.ft,Ethiopia,7.83,7.83
ethiopia commodity exchange,NA,Ethiopia,7.92,7.83
juan luis alvarado romero,la esperanza y anexos,Guatemala,8,7.92
exportadora de cafe condor s.a,various,Colombia,8.17,7.92
compañia colombiana agroindustrial s.a,NA,Colombia,7.58,8.08
"nomura trading co., ltd.",NA,Indonesia,7.75,7.83
the coffee source inc.,coop. hoja blanca - fedecocagua,Guatemala,8.25,8
seid damtew coffee planataion,seid damtew coffee planation,Ethiopia,7.75,8
carcafe ltda ci,NA,Colombia,8.17,7.83
steven kil,aricha coop,Ethiopia,8.42,8
eileen koyanagi,NA,United States (Hawaii),7.58,7.83
carcafe ltda ci,NA,Colombia,7.83,8
kona pacific farmers cooperative,NA,United States (Hawaii),8.08,8.17
ethiopia commodity exchange,NA,Ethiopia,7.67,8
kona pacific farmers cooperative,kona pacific farmers cooperative,United States (Hawaii),7.5,7.92
kyagalanyi coffee ltd,mount elgon area,Uganda,8.17,7.92
racafe & cia s.c.a,NA,Colombia,8,7.92
troy quimby,estate la patricia,Costa Rica,7.83,8
"el equimite, cafetal biodinámico",various,Mexico,7.83,8
simon mahinda,NA,Kenya,8.17,7.83
rashid moledina & co. (msa) ltd.,machure estate,Kenya,7.75,7.83
nucoffee,sitío são geraldo,Brazil,8,8
young kim,kassandra,Mexico,7.92,8.17
kona pacific farmers cooperative,kona pacific farmers cooperative,United States (Hawaii),7.75,7.92
carl walker,la igualdad,Guatemala,7.83,8.08
racafe & cia s.c.a,NA,Colombia,7.92,7.92
racafe & cia s.c.a,NA,Colombia,7.92,7.83
"lin, che-hao krude 林哲豪",baishengcun coffee 百勝村咖啡莊園,Taiwan,7.67,7.83
taylor winch (t) ltd,hasambo amcos,"Tanzania, United Republic Of",8,7.83
racafe & cia s.c.a,NA,Colombia,7.75,7.92
artemio zapata tejeda,el suspiro,Mexico,7.75,8
nucoffee,fazenda grota funda,Brazil,8,7.92
nucoffee,sitio claro,Brazil,8,8
brian speckman,NA,Kenya,8,7.67
"lin, che-hao krude 林哲豪",shi fang yuan 十方源,Taiwan,7.92,7.58
kawacom uganda ltd,mt.elgon bugisu shamba 2,Uganda,7.75,7.92
kona pacific farmers cooperative,NA,United States (Hawaii),7.67,7.75
ethiopia commodity exchange,contact | sidacoop@ethionet.net,Ethiopia,7.75,7.92
philip schluter,contact | sidacoop@ethionet.net,Ethiopia,7.42,7.92
松澤宏樹 koju matsuzawa,matsuzawa coffee,Thailand,7.75,7.75
lydiah mwangi,karatina,Kenya,7.92,7.83
cadexsa,cerro bueno,Honduras,7.83,7.75
the coffee source inc.,several,El Salvador,7.75,8
grounds for health admin,santa martha,Nicaragua,7.83,7.58
consejo salvadoreño del café,monterrey,El Salvador,7.83,7.83
sanjava coffee,sran temanggung plantation,Indonesia,7.92,7.83
松澤宏樹 koju matsuzawa,ada farm,Japan,7.75,7.75
rodrigo soto,rio jorco,Costa Rica,8.08,7.75
juan luis alvarado romero,san diego buena vista,Guatemala,7.75,7.83
fabian calderon mora,coopetarrazú,Costa Rica,8.17,8
essencecoffee,moplaco,Ethiopia,8.08,7.83
essencecoffee,finca salaca las brisas,Costa Rica,7.67,7.58
eric thormaehlen,various,Costa Rica,8,7.58
rob tuttle,NA,Costa Rica,8.08,7.83
cqi taiwan icp cqi台灣合作夥伴,dragon 龍咖啡,Taiwan,8,7.92
compañia colombiana agroindustrial s.a,NA,Colombia,7.75,7.83
dream together,NA,Kenya,7.75,7.92
juan luis alvarado romero,agropecuaria quiagral,Guatemala,8,7.83
juan luis alvarado romero,valparaiso,Guatemala,7.67,7.83
organizaciones de productores de cafe colimense,"el nogal, la higuera, los laureles",Mexico,7.83,7.58
afca,NA,Uganda,7.92,7.83
benjamin schmerler,NA,Peru,7.67,7.83
ethiopia commodity exchange,contact | sidacoop@ethionet.net,Ethiopia,7.42,7.75
jungle estate,jungle estate,Kenya,7.92,7.75
racafe & cia s.c.a,NA,Colombia,7.83,7.67
racafe & cia s.c.a,NA,Colombia,7.92,7.83
daniel magu,blend,Kenya,7.83,7.83
juan luis alvarado romero,el morito,Guatemala,7.75,7.83
juan luis alvarado romero,el papaturro,Guatemala,8,7.92
compañia colombiana agroindustrial s.a,NA,Colombia,7.67,7.67
racafe & cia s.c.a,NA,Colombia,7.75,7.75
taylor winch (coffee) ltd.,NA,Kenya,7.75,7.75
exportadora de cafe condor s.a,NA,Colombia,7.67,7.83
lusso lab,la chaparral,Costa Rica,7.75,7.83
exportadora de cafe condor s.a,various,Colombia,7.42,7.67
nucoffee,fazenda recreio,Brazil,8,8
nucoffee,fazenda vista alegre,Brazil,8.5,8
max gurdian,NA,Costa Rica,7.92,7.67
ecom japan limited,kawacom sipi project,Uganda,7.92,7.75
yunnan coffee exchange,menglian ban’an coffee processing factory,China,7.75,7.92
fabian calderon mora,coopetarrazú,Costa Rica,7.92,7.83
federacion nacional de cafeteros,NA,Colombia,8.08,7.67
eric wu,"puer jiangcheng fuwang coffee biotechnology co., ltd",China,7.67,8
juan luis alvarado romero,el sacramento,Guatemala,8.17,7.83
dream together,rumukia farmers,Kenya,7.92,7.83
maria imelda uscanga martinez,la barranca,Mexico,8,7.92
alfredo bojalil,finca el retiro,Mexico,7.92,7.83
juan luis alvarado romero,nueva granada,Guatemala,7.67,8
daniel friedlander,NA,Brazil,7.81,7.81
alexandra katona-carroll,NA,Brazil,8.17,7.67
max gurdian,several farmers,Costa Rica,7.58,7.83
aulia arif syahri,darmawi,Indonesia,7.67,7.67
carcafe ltda ci,NA,Colombia,7.92,7.83
racafe & cia s.c.a,NA,Colombia,7.92,7.75
kao ming lee,tropica galliard,Taiwan,7.83,7.83
kona pacific farmers cooperative,NA,United States (Hawaii),7.92,7.92
maria amalia guadalupe toriello elorza,finca la chiripa,Mexico,7.75,7.92
ethiopia commodity exchange,phone number | 0911-513824 email: gmt.ft,Ethiopia,7.5,7.75
lydiah mwangi,kigwandi,Kenya,7.33,7.58
bismarck castro,las cuchillas,Honduras,7.92,8
raúl vargas,NA,Colombia,7.58,7.75
bismarck castro,los hicaques,Honduras,7.58,7.92
racafe & cia s.c.a,NA,Colombia,7.67,7.67
carcafe ltda ci,NA,Colombia,7.75,7.67
exportadora de cafe condor s.a,NA,Colombia,7.75,7.58
victor hugo melchor cordova,la distancia,Mexico,8,7.75
nucoffee,santa alina,Brazil,8.17,8
nucoffee,fazenda baipendi,Brazil,8,8
benjamin schmerler,NA,Ethiopia,7.75,7.75
the coffee source inc.,las minas,Guatemala,7.5,7.67
"lin, che-hao krude 林哲豪",馨晴咖啡 good mood coffee,Taiwan,7.92,7.75
松澤宏樹 koju matsuzawa,matsuzawa coffee,Thailand,7.83,7.75
carcafe ltda ci,NA,Colombia,7.83,7.58
juan luis alvarado romero,finca medina,Guatemala,7.75,7.75
juan luis alvarado romero,finca san vicente,Guatemala,7.75,7.92
yunnan coffee exchange,menglian county nayun town mangzhang coffee farm,China,7.83,7.83
racafe & cia s.c.a,NA,Colombia,7.67,7.67
racafe & cia s.c.a,NA,Colombia,7.83,7.67
federacion nacional de cafeteros,NA,Colombia,7.83,7.75
carcafe ltda ci,NA,Colombia,7.42,7.67
tembo coffee company ltd,jacksom mwasenga,"Tanzania, United Republic Of",7.83,7.67
taylor winch (t) ltd,suma jkt itende,"Tanzania, United Republic Of",7.83,7.75
juan luis alvarado romero,el papaturro,Guatemala,7.83,7.83
exportadora de cafe condor s.a,NA,Colombia,7.58,7.5
kona pacific farmers cooperative,NA,United States (Hawaii),7.33,7.92
jesus salazar velasco,pante carajillo,Mexico,7.83,7.92
manuel herrera juarez,finca los barreales,Mexico,7.83,7.83
alfredo bojalil,finca santa teresa,Mexico,7.83,7.92
afca,NA,Uganda,8.17,7.75
juan luis alvarado romero,piamonte,Guatemala,7.75,7.83
racafe & cia s.c.a,NA,Colombia,7.83,7.75
wayner jimenez,los girasoles,Costa Rica,7.92,7.75
juan luis alvarado romero,finca la joya,Guatemala,7.75,7.75
juan luis alvarado romero,santo tomas pachuj,Guatemala,7.75,7.92
juan luis alvarado romero,chapultepec,Guatemala,7.58,7.83
racafe & cia s.c.a,NA,Colombia,8,7.5
cooperativa el gorrion r.l,las nubes,Nicaragua,7.67,7.83
cafebras,pantano,Brazil,7.67,7.75
"ceca, s.a.",gamboa,Costa Rica,7.67,7.75
asefa dukamo keroma,asefa dukamo coffee plantation,Ethiopia,7.5,7.92
selian coffee estate,selian coffee estate,"Tanzania, United Republic Of",7.92,7.75
olam agro colombia,NA,Colombia,7.67,7.5
chris finch,NA,Guatemala,7.67,7.75
itochu corporation,NA,Kenya,7.58,7.75
owen carver,café do paraíso,Brazil,7.58,7.83
juan luis alvarado romero,la union monte verde,Guatemala,7.92,7.75
atlantic specialty coffee,el majahual,El Salvador,8.42,8.08
exportadora de cafe condor s.a,NA,Colombia,7.75,7.75
juan luis alvarado romero,el limon,Guatemala,7.83,7.5
afca,NA,Uganda,7.83,7.75
pt.royal pacific indah international,"mus, eman",Indonesia,7.81,7.88
carcafe ltda ci,NA,Colombia,7.83,7.5
"lin, che-hao krude 林哲豪",chang yu liang 張玉良,Taiwan,7.58,7.67
juan luis alvarado romero,la esperanza y anexos,Guatemala,8,7.75
racafe & cia s.c.a,NA,Colombia,7.92,7.75
lusso lab,aprocafi,Guatemala,7.58,7.75
kona pacific farmers cooperative,NA,United States (Hawaii),7.83,7.75
andres martinez leon,la lagunilla,Mexico,7.67,7.75
steven kil,NA,Ethiopia,7.92,7.92
amanda powers,NA,Costa Rica,7.58,7.75
kyagalanyi coffee ltd,kerchanshe,Ethiopia,7.83,7.75
bismarck castro,las cuchillas,Honduras,7.42,7.83
juan luis alvarado romero,finca los cerros y anexos,Guatemala,7.67,7.83
olam agro colombia,NA,Colombia,7.67,7.67
juan luis alvarado romero,el papaturro,Guatemala,7.92,7.67
juan luis alvarado romero,el papaturro,Guatemala,7.75,7.83
olam agro colombia,NA,Colombia,7.67,7.75
compañia colombiana agroindustrial s.a,NA,Colombia,7.58,7.42
racafe & cia s.c.a,NA,Colombia,7.67,7.67
lusso lab,NA,Ethiopia,7.75,7.75
ipanema coffees,fazenda rio verde,Brazil,7.58,7.83
exportadora de cafe condor s.a,NA,Colombia,7.67,7.83
ibero kenya limited,NA,Kenya,7.67,7.83
doi tung development project,doi tung development project,Thailand,7.92,8.17
taylor winch (coffee) ltd.,-,Kenya,7.67,7.75
afca,NA,Uganda,7.92,7.75
doi tung development project,doi tung development project,Thailand,7.58,7.75
ipanema coffees,fazenda capoeirnha,Brazil,7.5,7.75
cafes tomari sa de cv,cafetal,Mexico,7.83,7.83
sarawut premjit,saveg coffee farm,Thailand,7.67,7.75
ipanema coffees,capoeirinha,Brazil,7.58,7.67
"lin, che-hao krude 林哲豪",tsoustructive garden 鄒築園,Taiwan,7.83,7.75
carcafe ltda ci,NA,Colombia,7.75,7.67
almacafe,NA,Colombia,7.75,7.58
cqi taiwan icp cqi台灣合作夥伴,very famous intl.名門義理國際股份有限公司,Taiwan,7.75,7.75
federacion nacional de cafeteros,NA,Colombia,7.92,7.67
federacion nacional de cafeteros,NA,Colombia,7.83,7.75
racafe & cia s.c.a,NA,Colombia,7.75,7.58
cqi taiwan icp cqi台灣合作夥伴,神谷山莊園,Taiwan,8,7.92
compañia colombiana agroindustrial s.a,NA,Colombia,7.67,7.83
oscar ortega carballo,finca cuetzalingo,Mexico,7.67,7.75
alfredo bojalil,finca sant rosa,Mexico,7.5,7.67
organizaciones de productores de cafe colimense,comunidad la yerbabuena,Mexico,7.75,7.92
carcafe ltda ci,NA,Colombia,7.92,7.58
racafe & cia s.c.a,NA,Colombia,7.83,7.67
"ceca, s.a.",gamboa,Costa Rica,7.67,7.67
juan luis alvarado romero,finca medina,Guatemala,7.75,7.75
cqi taiwan icp cqi台灣合作夥伴,優遊吧斯股份有限公司yuyupas international corp.,Taiwan,7.75,7.67
ipanema coffees,rio verde,Brazil,7.25,7.58
"lin, che-hao krude 林哲豪",鄉舍咖啡 hometown coffee,Taiwan,7.67,7.75
yasmin cofffee plantation plc,NA,Ethiopia,7.75,7.75
ipanema coffees,rio verde,Brazil,7.67,7.67
eric thormaehlen,various,Costa Rica,7.83,7.42
juan luis alvarado romero,el papaturro,Guatemala,7.58,7.83
ipanema coffees,fazenda rio verde,Brazil,7.92,7.5
garet alban,finca el trueno,Ecuador,7.5,7.67
exportadora de cafe condor s.a,NA,Colombia,7.67,7.58
juan luis alvarado romero,finca el morito,Guatemala,7.5,7.83
filemon mendoza campos,predio cañada del encino,Mexico,7.67,8
alfredo bojalil,finca santa teresa,Mexico,7.67,7.58
jacques pereira carneiro,fazenda do sertao,Brazil,7.83,7.83
doi chaang coffee company,"doi chaang coffee original co.,ltd",Thailand,7.75,7.75
doi tung development project,doi tung development project,Thailand,7.5,7.83
ethiopia commodity exchange,"phone number | 0911-51-08-01, email | at",Ethiopia,7.58,7.83
kennedy macharia,NA,Kenya,7.75,7.58
ipanema coffees,fazenda capoeirnha,Brazil,7.67,7.67
carcafe ltda ci,NA,Colombia,7.83,7.83
"lin, che-hao krude 林哲豪",崁頭山咖啡館 (kan tou mountain coffee),Taiwan,7.67,7.67
racafe & cia s.c.a,NA,Colombia,7.92,7.75
yunnan coffee exchange,pu’er specialty coffee cupping center,China,7.83,7.75
carcafe ltda ci,NA,Colombia,7.75,7.67
nile highland arabica coffee farmers,erussi farmers group,Uganda,8,7.92
german negron,hacienda caracolillo,United States (Puerto Rico),7.83,7.83
racafe & cia s.c.a,NA,Colombia,7.67,7.67
olam agro colombia,NA,Colombia,7.67,7.42
exportadora de cafe condor s.a,NA,Colombia,7.58,7.67
exportadora de cafe condor s.a,NA,Colombia,7.75,7.67
kona pacific farmers cooperative,NA,United States (Hawaii),7.25,7.42
saul m. hernandez ramirez,naranjal,Mexico,7.83,7.58
the coffee source inc.,several farms,Guatemala,7.67,7.58
carcafe ltda ci,NA,Colombia,7.83,7.83
exportadora de cafe condor s.a,NA,Colombia,7.75,7.67
kona pacific farmers cooperative,NA,United States (Hawaii),7.83,7.67
ipanema coffees,fazenda capoeirnha,Brazil,7.67,7.83
kennedy macharia,NA,Kenya,8.08,7.67
bismarck castro,los hicaques,Honduras,7.5,7.5
"comercial internacional exportadora, s.a.",santa matilde,Nicaragua,7.67,7.75
ipanema coffees,capoeirinha,Brazil,7.58,7.75
"lin, che-hao krude 林哲豪",tsoustructive garden 鄒築園,Taiwan,7.5,7.67
"ceca, s.a.",NA,Costa Rica,7.33,7.67
doi tung development project,NA,Thailand,7.5,7.75
rob stephen,NA,Colombia,7.5,7.75
juan luis alvarado romero,finca las cuevitas,Guatemala,8,7.5
exportadora de cafe condor s.a,various,Colombia,7.83,7.75
racafe & cia s.c.a,NA,Colombia,7.67,7.67
juan luis alvarado romero,la union monte verde,Guatemala,7.67,7.67
juan luis alvarado romero,el sacramento,Guatemala,7.83,7.67
exportadora de cafe condor s.a,NA,Colombia,7.75,7.75
the coffee source inc.,finca quequesquez,Guatemala,8.17,8.17
juan luis alvarado romero,agropecuaria quiagral,Guatemala,7.67,8.17
juan luis ortega carballo,finca apoxtla,Mexico,7.67,7.5
ekai international company ltd.,"ijen highland, east java",Indonesia,8.17,7.67
juan luis alvarado romero,finca medina,Guatemala,7.67,7.5
kona pacific farmers cooperative,NA,United States (Hawaii),7.75,8
ipanema coffees,fazenda capoeirnha,Brazil,7.58,7.67
juan luis alvarado romero,finca santa clara,Guatemala,7.75,7.75
racafe & cia s.c.a,NA,Colombia,7.75,7.75
yunnan coffee exchange,menglian mang pan professional cooperative,China,7.67,7.58
racafe & cia s.c.a,NA,Colombia,7.67,7.75
andreas kussmaul,exportadora café california,Mexico,7.75,7.75
essencecoffee,lomi tasha,Ethiopia,7.75,7.67
bulamburi coffee farmers association,bulamburi coffee farmers,Uganda,7.67,7.67
compañia colombiana agroindustrial s.a,NA,Colombia,7.67,7.58
compañia colombiana agroindustrial s.a,NA,Colombia,7.67,7.58
compañia colombiana agroindustrial s.a,NA,Colombia,7.75,7.58
cqi taiwan icp cqi台灣合作夥伴,dragon coffee 龍咖啡,Taiwan,7.75,7.75
racafe & cia s.c.a,NA,Colombia,7.67,7.67
alfredo bojalil,ojo de agua,Mexico,7.83,7.67
carcafe ltda ci,NA,Colombia,7.67,7.58
nucoffee,fazenda jericó,Brazil,7.83,7.75
carcafe ltda ci,NA,Colombia,7.75,7.58
cqi taiwan icp cqi台灣合作夥伴,南投縣魚池鄉水社村中正路63-1號,Taiwan,7.58,7.58
"ceca, s.a.",NA,Costa Rica,7.92,7.42
carcafe ltda ci,NA,Colombia,7.75,7.58
juan luis alvarado romero,la esperanza,Guatemala,7.67,7.75
racafe & cia s.c.a,NA,Colombia,7.58,7.58
damari absalome,ano family,"Tanzania, United Republic Of",7.75,7.67
aulia arif syahri,yusrin,Indonesia,7.25,7.67
debesa agro industry plc,NA,Ethiopia,7.67,7.75
federacion nacional de cafeteros,NA,Colombia,7.67,7.42
exportadora de cafe condor s.a,NA,Colombia,8,7.58
the coffee source inc.,several,Guatemala,7.58,7.75
compañia colombiana agroindustrial s.a,NA,Colombia,7.75,7.58
NA,los hicaques,Honduras,7.67,7.5
exportadora de cafe condor s.a,NA,Colombia,7.58,7.75
exportadora de cafe condor s.a,NA,Colombia,7.58,7.67
manuel herrera juarez,finca los barreales 1112lban,Mexico,7.83,7.58
miguel cortes moreno,NA,Mexico,7.67,7.75
gabriel bernardo rivas ross,la corralera,Mexico,7.75,7.67
juan luis alvarado romero,santo tomas pachuj,Guatemala,7.83,7.5
racafe & cia s.c.a,NA,Colombia,7.67,7.58
felipe isaza,conquista / morito,Guatemala,7.5,7.5
kona pacific farmers cooperative,NA,United States (Hawaii),7.5,7.67
specialty coffee association of indonesia,pancoer angkrek,Indonesia,7.83,7.58
carcafe ltda ci,NA,Colombia,7.5,7.58
juan luis alvarado romero,piamonte,Guatemala,7.67,7.75
carcafe ltda ci,NA,Colombia,7.67,7.67
"ceca, s.a.",gamboa,Costa Rica,7.58,7.5
cqi taiwan icp cqi台灣合作夥伴,日月潭文武莊園,Taiwan,7.67,7.67
bugisu cooperative union,bulago & buginyanya,Uganda,7.58,7.75
松澤宏樹 koju matsuzawa,matsuzawa coffee,Thailand,7.5,7.58
consejo salvadoreño del café,la joya,El Salvador,7.58,7.5
carcafe ltda ci,NA,Colombia,7.58,7.67
bourbon specialty coffees,cachoeira da grama farm,Brazil,7.33,7.83
ngila estate ltd,ngila estate,"Tanzania, United Republic Of",7.75,7.67
compañia colombiana agroindustrial s.a,NA,Colombia,7.58,7.58
juan luis alvarado romero,el papaturro,Guatemala,7.75,7.83
juan luis alvarado romero,finca medina,Guatemala,7.67,7.75
juan luis alvarado romero,el morito,Guatemala,7.67,7.5
kona pacific farmers cooperative,NA,United States (Hawaii),7.42,7.75
exportadora de cafe condor s.a,various,Colombia,7.5,7.75
federacion nacional de cafeteros,NA,Colombia,7.58,7.58
kona pacific farmers cooperative,kona pacific farmers cooperative,United States (Hawaii),7.5,7.92
doi tung development project,doi tung development project,Thailand,7.58,7.25
grounds for health admin,NA,Mexico,7.25,7.88
exportadora de cafe condor s.a,various,Colombia,7.75,7.5
racafe & cia s.c.a,NA,Colombia,7.67,7.58
racafe & cia s.c.a,NA,Colombia,7.83,7.58
ipanema coffees,rio verde,Brazil,7.5,7.83
andreas kussmaul,ecc,Mexico,7.75,7.75
exportadora de cafe condor s.a,various,Colombia,7.67,7.75
afca,mondul coffee estate,"Tanzania, United Republic Of",7.75,7.58
j.andrade,el pino,Mexico,7.67,7.67
the coffee source inc.,several,Costa Rica,7.67,7.67
eileen koyanagi,NA,United States (Hawaii),7.83,7.58
eric thormaehlen,several,Costa Rica,7.5,7.67
dane loraas,NA,Peru,7.83,7.75
itiah coffee llc,marre blanche,Haiti,7.58,7.5
carcafe ltda ci,NA,Colombia,7.67,7.67
juan luis alvarado romero,el sacramento,Guatemala,7.83,7.67
kona pacific farmers cooperative,NA,United States (Hawaii),7.92,7.5
steven kil,sogestal kayanza,Burundi,7.75,7.67
exportadora de cafe condor s.a,NA,Colombia,7.5,7.67
kona pacific farmers cooperative,NA,United States (Hawaii),8.08,7.83
kona pacific farmers cooperative,NA,United States (Hawaii),7.58,7.67
cafe de don balbino s.c. de r.l. de c.v.,corta pico,Mexico,7.67,7.83
troy quimby,estate la patricia,Costa Rica,7.5,7.5
rodrigo soto,coopellanobonito,Costa Rica,7.83,7.5
juan luis alvarado romero,linda vista,Guatemala,7.5,7.58
kawacom uganda ltd,kawacom uganda ltd sipi farmers group,Uganda,7.5,7.67
bourbon specialty coffees,NA,Brazil,7.58,7.67
carcafe ltda ci,NA,Colombia,7.58,7.67
productos y servicios chilindron s.a. de c.v.,los charcos,Mexico,7.83,7.75
"lin, che-hao krude 林哲豪",sunshine valley estate 向陽高山咖啡,Taiwan,7.67,7.5
cqi taiwan icp cqi台灣合作夥伴,以勒咖啡,Taiwan,7.92,7.83
compañia colombiana agroindustrial s.a,NA,Colombia,7.58,7.58
juan luis alvarado romero,finca medina,Guatemala,7.5,7.67
exportadora de cafe condor s.a,NA,Colombia,7.83,7.5
calixto guillen vazquez,various,Mexico,7.58,7.75
kona pacific farmers cooperative,NA,United States (Hawaii),7.58,7.75
ernesto rodriguez luna,finca teocelo,Mexico,7.75,7.58
modesto landeros flores,mata larga,Mexico,7.75,7.75
juan luis alvarado romero,agropecuaria quiagral,Guatemala,7.83,7.58
nucoffee,água limpa,Brazil,7.75,7.67
exportadora de cafe condor s.a,NA,Colombia,7.67,7.58
racafe & cia s.c.a,NA,Colombia,7.67,7.67
exportadora de cafe condor s.a,NA,Colombia,7.92,7.75
exportadora de cafe condor s.a,NA,Colombia,8,7.67
exportadora de cafe condor s.a,NA,Colombia,7.92,7.75
ipanema coffees,fazenda capoeirnha,Brazil,7.67,7.42
juan luis alvarado romero,beneficio el torreon,Guatemala,7.58,7.58
taylor winch (t) ltd,mamsera,"Tanzania, United Republic Of",7.67,7.58
andrea bernal,NA,Peru,7.92,7.5
"sunvirtue co., ltd.",apollo estate,Vietnam,7.58,7.42
juan luis alvarado romero,finca medina,Guatemala,7.67,7.75
cadexsa,bethel,Honduras,7.67,7.67
yunnan coffee exchange,chen lin,China,7.5,7.67
yunnan coffee exchange,yunnan success trade co.ltd,China,7.67,7.67
consejo salvadoreño del café,agua caliente,El Salvador,7.5,7.5
juan luis alvarado romero,finca medina,Guatemala,7.5,7.75
juan luis alvarado romero,"la esperanza, margarita nuyes",Guatemala,7.92,7.67
taylor winch (coffee) ltd.,NA,Kenya,7.83,7.75
doi tung development project,NA,Thailand,7.67,7.58
tutunze kahawa ltd,myanganyanga,"Tanzania, United Republic Of",7.58,7.67
racafe & cia s.c.a,NA,Colombia,7.58,7.5
kabum trading company,kaptanya,Uganda,8,7.67
cafe politico,unkown,Colombia,7.58,7.75
mayra yessenia torres,el cerron,Honduras,7.5,7.5
NA,los hicaques,Honduras,7.67,7.67
juan luis alvarado romero,nueva granada,Guatemala,7.33,7.83
eileen koyanagi,NA,United States (Hawaii),7.5,7.5
balam hinyula,NA,"Tanzania, United Republic Of",7.58,7.5
juan luis alvarado romero,finca el morito,Guatemala,7.67,7.83
nestor mendez gomez,santa cecilia,Mexico,7.75,7.58
saul m. hernandez ramirez,tlapacoya,Mexico,7.75,7.67
saul m. hernandez ramirez,la loma,Mexico,7.58,7.75
racafe & cia s.c.a,NA,Colombia,7.67,7.5
fernando mendoza aparicio,el mirador,Mexico,7.75,7.5
exportadora de cafe condor s.a,NA,Colombia,7.58,7.67
alfredo bojalil,finca nueva linda,Mexico,7.5,7.75
nucoffee,campo das flores,Brazil,7.75,7.67
nucoffee,são francisco da serra,Brazil,7.92,7.58
felipe isaza,conquista / morito,Guatemala,7.75,7.5
nucoffee,fazenda do lobo,Brazil,7.75,7.5
nucoffee,olhos d'agua,Brazil,7.58,7.75
the coffee source inc.,several,El Salvador,7.42,7.83
ethiopia commodity exchange,tega and tula special coffee farm,Ethiopia,7.75,8
carcafe ltda ci,NA,Colombia,7.58,7.67
racafe & cia s.c.a,NA,Colombia,7.75,7.5
ipanema coffees,capoeirinha,Brazil,7.58,7.58
ipanema coffees,rio verde,Brazil,7.33,7.67
"lin, che-hao krude 林哲豪",kan tou mountain coffee 崁頭山咖啡館,Taiwan,7.83,7.92
bourbon specialty coffees,NA,Brazil,7.42,7.67
ipanema coffees,rio verde,Brazil,7.58,7.83
eric thormaehlen,various,Costa Rica,7.83,7.33
eileen koyanagi,NA,United States (Hawaii),7.33,7.75
cqi taiwan icp cqi台灣合作夥伴,alishan zou zhu yuan 阿里山鄒築園,Taiwan,7.75,7.75
kona pacific farmers cooperative,NA,United States (Hawaii),7.83,7.83
maria luisa del carmen rojas narvaez,santa maria,Mexico,7.75,7.67
kona pacific farmers cooperative,NA,United States (Hawaii),7.67,7.58
kona pacific farmers cooperative,NA,United States (Hawaii),7.33,7.58
racafe & cia s.c.a,NA,Colombia,7.33,7.33
exportadora de cafe condor s.a,NA,Colombia,7.83,7.75
specialty coffee association of indonesia,lintong nihuta,Indonesia,7.67,7.58
chris finch,NA,Guatemala,7.92,7.67
ipanema coffees,fazenda capoeirnha,Brazil,7.58,7.5
ipanema coffees,fazenda capoeirnha,Brazil,7.5,7.58
ipanema coffees,capoeirinha,Brazil,7.5,7.67
ucfa,isule farmers group,Uganda,7.67,7.58
ucfa,ibanda farmers group,Uganda,7.67,7.67
carcafe ltda ci,NA,Colombia,7.67,7.67
"sunvirtue co., ltd.",apollo estate,Vietnam,7.75,7.67
juan luis alvarado romero,el chile,Guatemala,7.67,7.75
juan luis alvarado romero,nueva granada,Guatemala,7.75,7.67
juan luis alvarado romero,finca medina,Guatemala,7.83,7.67
irene alves santos,fazenda santo antonio,Brazil,7.67,7.67
cqi taiwan icp cqi台灣合作夥伴,雅慕伊,Taiwan,7.92,7.92
star cafe ltd,kabeywa county,Uganda,7.83,7.58
german negron,hacienda caracolillo,United States (Puerto Rico),7.67,7.5
juan luis alvarado romero,grupo medina (pequeños productores),Guatemala,7.67,7.67
eric thormaehlen,several,Costa Rica,7.67,7.58
jacques pereira carneiro,sertao farm,Brazil,7.75,7.58
racafe & cia s.c.a,NA,Colombia,7.75,7.42
exportadora de cafe condor s.a,NA,Colombia,7.83,7.5
carcafe ltda ci,NA,Colombia,7.33,7.67
carcafe ltda ci,NA,Colombia,7.58,7.75
racafe & cia s.c.a,NA,Colombia,7.5,7.5
rosa aurora falcon fernandez,vegas,Mexico,7.67,7.58
santiago solis ayerdi,finca la estancia,Mexico,7.67,7.83
alfredo bojalil,las lomas,Mexico,7.5,7.67
exportadora de cafe condor s.a,NA,Colombia,7.67,7.58
exportadora de cafe condor s.a,various,Colombia,7.75,7.58
exportadora de cafe condor s.a,NA,Colombia,7.67,7.58
juan luis alvarado romero,la igualdad,Guatemala,7.5,7.67
racafe & cia s.c.a,NA,Colombia,7.67,7.67
doi tung development project,doi tung development project,Thailand,7.33,7.67
racafe & cia s.c.a,NA,Colombia,7.33,7.67
kona pacific farmers cooperative,NA,United States (Hawaii),7.83,7.83
kona pacific farmers cooperative,NA,United States (Hawaii),7.5,7.58
exportadora de cafe condor s.a,NA,Colombia,7.5,7.58
grounds for health admin,santa rosa,Nicaragua,7.58,7.83
doi tung development project,doi tung development project,Thailand,7.5,7.25
ipanema coffees,fazenda capoeirnha,Brazil,7.67,7.58
consejo salvadoreño del café,santa josefita,El Salvador,7.5,7.5
racafe & cia s.c.a,NA,Colombia,7.58,7.67
"lin, che-hao krude 林哲豪",shi fang yuan 十方源,Taiwan,7.17,7.83
cqi taiwan icp cqi台灣合作夥伴,-,Ethiopia,7.58,7.58
cqi taiwan icp cqi台灣合作夥伴,佐佑品咖啡莊園,Taiwan,7.5,7.58
renee a. perrine,kalugmanan agri development corp.,Philippines,7.58,7.58
zarah zamora perez,"several, bukidnon, mindanao, philippines",Philippines,8.08,7.5
productos y servicios chilindron s.a. de c.v.,pinzoneno,Mexico,7.83,7.67
andrew bowman,fiech (mixed producers),Mexico,7.75,7.67
expocaccer coop dos cafeic do cerrado ltda,fazenda pantano,Brazil,7.08,7.5
kawacom uganda ltd,sipi organic coffee project,Uganda,8,7.5
nyapea coffee farmers association,nyapea coffee farmers,Uganda,7.75,7.58
juan luis alvarado romero,finca medina,Guatemala,7.75,7.5
juan luis alvarado romero,finca medina,Guatemala,7.67,7.83
rob tuttle,NA,Guatemala,7.58,7.58
racafe & cia s.c.a,NA,Colombia,7.58,7.5
exportadora de cafe condor s.a,NA,Colombia,7.75,7.5
juan luis alvarado romero,finca los cerros y anexos,Guatemala,7.83,7.75
olam agro colombia,NA,Colombia,7.83,7.67
maria guadalupe gomez anzo,el regalito,Mexico,7.58,7.58
royal base corporation,"apollo co., ltd.",Vietnam,7.67,7.33
veronica lopez castillejos,el jabali,Mexico,8,7.92
kona pacific farmers cooperative,NA,United States (Hawaii),7.5,7.5
racafe & cia s.c.a,NA,Colombia,7.5,7.75
doi tung development project,doi tung development project,Thailand,7.42,7.58
jungle estate,jungle estate,Kenya,7.75,7.58
juan luis alvarado romero,piamonte,Guatemala,7.5,7.58
ipanema coffees,capoeirinha,Brazil,7.67,7.58
consejo salvadoreño del café,el barbaro,El Salvador,7.33,7.67
samuel muhirwa,gicumbi,Rwanda,7.83,7.92
"sunvirtue co., ltd.",apollo estate,Vietnam,7.25,7.58
juan luis alvarado romero,el papaturro,Guatemala,7.58,7.58
cafebras,santa fé 2,Brazil,7.58,7.83
essencecoffee,NA,Colombia,7.83,7.67
joshua marsceau,"kampung keling, jumaraj, gurusinga, gongsol",United States,7.42,7.58
juan luis alvarado romero,finca medina,Guatemala,7.67,7.67
"coffeebythebag.com , inc",NA,Colombia,7.5,7.42
racafe & cia s.c.a,NA,Colombia,7.83,7.5
edwin agasso,burka coffee estate,"Tanzania, United Republic Of",7.67,7.5
armando luis pohlenz martinez,NA,Mexico,7.58,7.67
alfredo bojalil,santa rosa,Mexico,7.67,7.58
juan luis alvarado romero,agropecuaria quiagral,Guatemala,7.67,7.67
alfredo bojalil,finca nueva linda,Mexico,7.58,7.58
the coffee source inc.,several farms,El Salvador,7.75,7.58
juan luis alvarado romero,providencia,Guatemala,7.5,7.58
juan luis alvarado romero,linda vista,Guatemala,7.58,7.67
juan luis alvarado romero,las merceditas,Guatemala,7.5,7.67
juan luis alvarado romero,las delicias,Guatemala,7.5,7.5
juan luis alvarado romero,la esmeralda,Guatemala,7.42,7.58
sanjava coffee,various,Indonesia,7.5,7.58
juan luis alvarado romero,la esmeralda,Guatemala,7.58,7.58
"lin, che-hao krude 林哲豪",大鋤花間 (hoe vs. flower coffee farm),Taiwan,7.83,7.67
consejo salvadoreño del café,la montaña,El Salvador,7.67,7.67
"ceca, s.a.",gamboa,Costa Rica,7.58,7.5
bismarck castro,los hicaques,Honduras,7.58,7.5
ipanema coffees,capoeirinha,Brazil,7.5,7.5
yunnan coffee exchange,man ganna estate,China,7.67,7.5
yunnan coffee exchange,pu'er lingdu yunlin coffee co.ltd,China,7.5,7.67
racafe & cia s.c.a,NA,Colombia,7.5,7.58
afca,msese,Malawi,7.75,7.58
juan luis alvarado romero,el morito,Guatemala,7.75,7.42
coffee export,NA,Colombia,7.67,7.42
eileen koyanagi,NA,United States (Hawaii),7.67,7.58
eileen koyanagi,NA,United States (Hawaii),7.58,7.83
the coffee source inc.,several,Colombia,7.58,7.33
nestor mendez gomez,san lorenzo,Mexico,7.58,7.58
sergio de la vequia bernardi,tlamatoca,Mexico,7.58,7.58
romulo bello flores,NA,Mexico,8.08,8.17
NA,supply chain ecom cca s.a.,Colombia,7.5,7.58
racafe & cia s.c.a,NA,Colombia,7.67,7.58
kona pacific farmers cooperative,NA,United States (Hawaii),7.25,7.75
rachel peterson,hacienda la esmeralda,Panama,7.42,7.42
kona pacific farmers cooperative,NA,United States (Hawaii),7.75,7.67
ipanema coffees,capoeirinha,Brazil,7.5,7.58
ipanema coffees,capoeirinha,Brazil,7.5,7.58
cqi taiwan icp cqi台灣合作夥伴,savan coffee bean,Laos,7.67,7.67
consejo salvadoreño del café,el barbaro,El Salvador,7.67,7.67
josé luis rojas yeo,gabriel bernard rivas ross,Mexico,7.5,7.67
federacion nacional de cafeteros,NA,Colombia,7.75,7.5
ipanema coffees,rio verde,Brazil,7.58,7.5
bourbon specialty coffees,santa maria,Brazil,7.33,7.5
nitin coffee estate,nitin,"Tanzania, United Republic Of",7.5,7.5
taylor winch (t) ltd,ampcg,"Tanzania, United Republic Of",7.58,7.5
cqi taiwan icp cqi台灣合作夥伴,伊娜咖啡莊園,Taiwan,8,7.83
productos y servicios chilindron s.a. de c.v.,los llanitos,Mexico,7.67,7.58
kawacom uganda ltd,bugisu shamba,Uganda,7.67,7.5
cqi taiwan icp cqi台灣合作夥伴,zhuo wu shan coffee 卓武山咖啡農場,Taiwan,7.67,7.5
松澤宏樹 koju matsuzawa,m10,Thailand,7.42,7.5
exportadora de cafe condor s.a,NA,Colombia,7.75,7.58
adam kline,NA,El Salvador,7.92,8
juan luis alvarado romero,finca medina,Guatemala,7.67,7.67
doi tung development project,doi tung development project,Thailand,7.83,7.33
montegrande,finca monte grande,Mexico,7.58,7.58
grupo cafetalero los brujos spr de rl,finca castillos,Mexico,7.5,7.58
george a. fernandez,la canada,Colombia,7.33,7.58
kona pacific farmers cooperative,NA,United States (Hawaii),7.83,7.67
young kim,kassandra,Mexico,7.75,7.58
exportadora de cafe condor s.a,NA,Colombia,8.08,7.67
racafe & cia s.c.a,NA,Colombia,7.5,7.42
juan luis alvarado romero,la esmeralda,Guatemala,7.5,7.42
"lin, che-hao krude 林哲豪",林園咖啡 lin yuan coffee,Taiwan,7.67,7.42
gabriel barbara,NA,Brazil,7.5,7.58
cqi taiwan icp cqi台灣合作夥伴,台中市新社區崑山里,Taiwan,7.25,7.25
bourbon specialty coffees,NA,Brazil,7.42,7.42
andry simarmata,small holders farmer,Indonesia,7.83,7.58
doi tung development project,NA,Thailand,7.75,7.33
松澤宏樹 koju matsuzawa,NA,Thailand,7.42,7.58
tembo coffee company ltd,lubanda amcos,"Tanzania, United Republic Of",7.75,7.42
kawacom uganda ltd,mt.elgon sipi falls cheema,Uganda,7.83,7.5
eric thormaehlen,various,Costa Rica,7.67,7.42
dane loraas,NA,Mexico,7.58,7.58
brent hall,NA,Guatemala,7.5,7.58
exportadora de cafe condor s.a,various,Colombia,7.75,7.25
exportadora de cafe condor s.a,various,Colombia,7.75,7.5
exportadora de cafe condor s.a,NA,Colombia,7.58,7.5
guillermo rojas saldana,jamaica,Mexico,7.5,7.58
organizaciones de productores de cafe colimense,la timbuchera; el ocotito y la hortaliza,Mexico,7.67,7.58
racafe & cia s.c.a,NA,Colombia,7.33,7.42
nucoffee,fazenda chamusca,Brazil,7.58,7.5
ipanema coffees,fazenda capoeirnha,Brazil,7.5,7.5
sanjava coffee,various,Indonesia,7.83,7.75
elsy reyes,las cuchillas,Honduras,7.58,7.58
juan luis alvarado romero,la esperanza,Guatemala,7.5,7.5
doi tung development project,NA,Thailand,7.5,7.83
松澤宏樹 koju matsuzawa,NA,Thailand,7.33,7.5
shah plantations,shah plantation,"Tanzania, United Republic Of",7.67,7.42
amkeni gourmet coffee group,amkeni,"Tanzania, United Republic Of",7.75,7
lusso lab,finca san el retiro,Mexico,7.42,7.58
ipanema coffees,fazenda rio verde,Brazil,7.42,7.5
juan luis alvarado romero,la union monte verde,Guatemala,7.83,7.42
exportadora de cafe condor s.a,NA,Colombia,7.5,7.5
juan luis alvarado romero,la esperanza y anexos,Guatemala,7.83,7.67
saul m. hernandez ramirez,la pagua,Mexico,7.5,7.58
enrique mitre lopez,caltuchoco,Mexico,7.67,7.5
enrique eduardo lopez aguilar,santa cruz - pante don manuel,Mexico,7.92,7.5
juan luis alvarado romero,various,Guatemala,7.67,7.33
jacques pereira carneiro,fazenda do sertao,Brazil,7.67,7.42
racafe & cia s.c.a,NA,Colombia,7.67,7.5
kona pacific farmers cooperative,NA,United States (Hawaii),7.33,7.42
adam kline,NA,Guatemala,7.75,7.58
brian beck,carrillo cooperativa,Honduras,7.42,7.67
juan luis alvarado romero,piamonte,Guatemala,7.58,7.5
juan luis alvarado romero,las merceditas,Guatemala,7.67,7.58
juan luis alvarado romero,la esmeralda,Guatemala,7.58,7.5
juan luis alvarado romero,providencia,Guatemala,7.5,7.42
racafe & cia s.c.a,NA,Colombia,5.08,7.75
yunnan coffee exchange,menglian gao sanlin coffee factory,China,7.67,7.42
bourbon specialty coffees,NA,Brazil,7.42,7.5
gladness obed pallangyo,nguruma,"Tanzania, United Republic Of",7.67,7.25
ipanema coffees,rio verde,Brazil,7.17,7.83
the coffee source inc.,several,Guatemala,7.5,7.5
productos y servicios chilindron s.a. de c.v.,los llanitos,Mexico,7.42,7.5
nucoffee,fazenda serra negra,Brazil,7.58,7.67
dane loraas,NA,Peru,7.58,7.58
ipanema coffees,fazenda rio verde,Brazil,7.25,7.33
manuel herrera juarez,finca los barreales,Mexico,7.5,7.58
brent hall,NA,Honduras,7.25,7.67
racafe & cia s.c.a,NA,Colombia,7.67,7.42
nestor mendez gomez,cipresal,Mexico,7.5,7.42
jesus salazar velasco,pante san pedro,Mexico,7.42,7.58
"el equimite, cafetal biodinámico","cafetal el equimite, rancho agroecológico",Mexico,7.42,7.58
manuel herrera juarez,los barreales 1112lbcat_s110312,Mexico,7.75,7.33
dario cesar galeana sanchez,corral del diablo lote 1,Mexico,7.5,7.58
jose daniel cobilt castro,cañada fria,Mexico,7.58,7.58
alvaro quiros perez,finca nextlalpa,Mexico,7.58,7.33
olivia hernandez virves,santa rosa,Mexico,7.67,7.58
finca las nieves,fln mirador,Mexico,7.83,7.5
carcafe ltda ci,NA,Colombia,7.67,7.33
nucoffee,santa mariana,Brazil,7.75,7.5
exportadora de cafe condor s.a,NA,Colombia,7.33,7.58
exportadora de cafe condor s.a,NA,Colombia,7.58,7.25
bismarck castro,los hicaques,Honduras,7.5,7.58
pedro santos e silva,fazenda são pedro,Brazil,7.33,7.5
gabriel barbara,NA,Brazil,7.42,7.42
ipanema coffees,capoeirinha,Brazil,7.5,7.5
"ceca, s.a.",gamboa,Costa Rica,7.75,7.5
rodrigo soto,rio jorco,Costa Rica,7.75,7.33
yunnan coffee exchange,yun lan coffee co. ltd,China,7.5,7.58
ipanema coffees,rio verde,Brazil,8.25,7.83
bourbon specialty coffees,NA,Brazil,7.42,7.5
juan luis alvarado romero,finca loma linda y anexo,Guatemala,7.5,7.42
afca,utchisi mountain,Malawi,7.33,7.58
ipanema coffees,rio verde,Brazil,7.75,8.08
juan luis alvarado romero,el morito,Guatemala,7.58,7.67
dane loraas,NA,Mexico,7.33,7.58
the coffee source inc.,several,Colombia,7.42,7.33
cqi taiwan icp cqi台灣合作夥伴,guo cun nong yuan 國村農園,Taiwan,7.5,7.5
cqi taiwan icp cqi台灣合作夥伴,yu jin gui 玉金櫃咖啡,Taiwan,7.5,7.5
juan luis alvarado romero,el morito,Guatemala,7.5,7.42
exportadora de cafe condor s.a,NA,Colombia,7.5,7.42
alfredo bojalil,santa teresa,Mexico,7.67,7.5
michael gavina,NA,Costa Rica,7.92,7.58
juan luis alvarado romero,finca el morito,Guatemala,7.67,7.5
saul m. hernandez ramirez,tepemalacax,Mexico,7.58,7.67
manuel herrera juarez,finca los barreales 1112lbga7250412,Mexico,7.67,7.58
juan luis alvarado romero,agropecuaria quiagral,Guatemala,7.5,7.67
nucoffee,sitío santa luzia,Brazil,7.58,7.5
maria luisa del carmen rojas narvaez,cafetal santa maria,Mexico,8,7.75
nucoffee,café citrus,Brazil,7.58,7.58
carcafe ltda ci,NA,Colombia,7.83,7.58
klem organics,fazendas klem ltda,Brazil,7.58,7.5
cqi taiwan icp cqi台灣合作夥伴,眉泉莊園,Taiwan,7,7.08
juan luis alvarado romero,linda vista,Guatemala,7.67,7.5
ipanema coffees,rio verde,Brazil,7.42,7.67
consejo salvadoreño del café,zapato de mico,El Salvador,7.58,7.67
cadexsa,bethel,Honduras,7.58,7.5
afca,kachere,Malawi,7.58,7.42
ipanema coffees,rio verde,Brazil,7.75,7.58
cqi taiwan icp cqi台灣合作夥伴,guo xing ka fei wang 國姓咖啡王咖啡莊園,Taiwan,7.5,7.5
jesus carlos cardenas valdivia,finca huehuetecpan,Mexico,7.58,7.58
kona pacific farmers cooperative,NA,United States (Hawaii),7.33,7.42
saul m. hernandez ramirez,omicuatla,Mexico,7.58,7.58
juan luis alvarado romero,finca medina,Guatemala,7.5,7.5
manuel herrera juarez,los barreales 1112lbgr7230412,Mexico,7.5,7.58
guillermo rojas saldana,jamaica,Mexico,7.67,7.58
adam kline,NA,El Salvador,7.75,7.33
sergio de la vequia bernardi,chilcuatla,Mexico,7.33,7.58
organizaciones de productores de cafe colimense,comunidad de canoas,Mexico,7.42,7.5
exportadora de cafe condor s.a,NA,Colombia,7.5,7.42
racafe & cia s.c.a,NA,Colombia,7.67,7.33
nucoffee,caxambu,Brazil,7.67,7.58
racafe & cia s.c.a,NA,Colombia,7.17,7.25
ipanema coffees,fazenda capoeirnha,Brazil,7.42,7.42
bismarck castro,las cuchillas,Honduras,7.5,7.5
"bencafe, s. a.",el brigadum - la coronela,Nicaragua,7.5,7.5
langiro farm group,langiro farm group,"Tanzania, United Republic Of",7.58,7.42
ibero coffee trading co (t) ltd,NA,"Tanzania, United Republic Of",7.42,7.42
ipanema coffees,rio verde,Brazil,6.92,7.58
doi tung development project,NA,Thailand,7.42,7.42
cadexsa,bethel,Honduras,7.67,7.5
essencecoffee,blue lake,Guatemala,7.42,7.42
bourbon specialty coffees,NA,Brazil,7.58,7.5
tembo coffee company ltd,ilomba 2,"Tanzania, United Republic Of",7.75,7.42
j.andrade,el pino,Mexico,7.42,7.33
lusso lab,NA,Mexico,7.5,7.5
cqi taiwan icp cqi台灣合作夥伴,song yue coffee 嵩岳咖啡,Taiwan,7.5,7.5
"lin, che-hao krude 林哲豪",kan tou mountain coffee 崁頭山咖啡館,Taiwan,7.67,7.5
exportadora de cafe condor s.a,NA,Colombia,7.33,7.25
saul m. hernandez ramirez,el nanchi,Mexico,7.5,7.67
the coffee source inc.,NA,Guatemala,7.25,7.75
salvador caro carrion,las truchas,Mexico,7.5,7.58
organizaciones de productores de cafe colimense,"la calera, barranca de la leona, el nogal",Mexico,7,7.67
exportadora de cafe condor s.a,NA,Colombia,7.58,7.67
sanjava coffee,various,Indonesia,7.5,7.5
raúl vargas,NA,Colombia,7.75,7.58
ipanema coffees,fazenda capoeirnha,Brazil,7.42,7.58
ipanema coffees,rio verde,Brazil,7.25,7.25
"cafetalera internacional cafinter, s.a.",el patalillo,Costa Rica,7.75,7.42
balam hinyula,ampcg,"Tanzania, United Republic Of",7.42,7.33
ngorogoro convenant estate,ngorogoro convenant estate,"Tanzania, United Republic Of",7.42,7.5
cafe politico,NA,Colombia,7.5,7.42
"ceca, s.a.",cafetalera aquiares,Costa Rica,7.58,7.33
kona pacific farmers cooperative,NA,United States (Hawaii),7.25,7.58
"el equimite, cafetal biodinámico","cafetal el equimite, rancho agroecológico",Mexico,7.42,7.58
julio perez hernandez,NA,Mexico,7.5,7.42
rosa aurora falcon fernandez,bola de oro,Mexico,7.67,7.5
royal base corporation,"apollo co., ltd.",Vietnam,7.67,8
sergio de la vequia bernardi,tomatlancillo,Mexico,7.58,7.42
kona pacific farmers cooperative,NA,United States (Hawaii),7.33,7.5
carcafe ltda ci,NA,Colombia,7.67,7.42
bismarck castro,las moras,Honduras,7.5,7.5
bismarck castro,las moras,Honduras,7.5,7.5
ipanema coffees,capoeirinha,Brazil,7.5,7.33
didas,family farm,"Tanzania, United Republic Of",7.67,7.33
minwook ku,club green,Laos,7.42,7.5
finca estate,finca estate,"Tanzania, United Republic Of",7.42,7.42
afca,chikali,Malawi,7.5,7.42
"lin, che-hao krude 林哲豪","you siang coffee farmtainan, taiwan 台灣台南優香咖啡",Taiwan,7.33,7.5
doi tung development project,NA,Thailand,7.58,7.5
eric thormaehlen,various,Costa Rica,7.5,7.25
beneficio santa rosa,bsr,Honduras,7.33,7.33
racafe & cia s.c.a,NA,Colombia,7.33,7.33
"lin, che-hao krude 林哲豪",gao chun fang 高醇坊,Taiwan,7.42,7.58
owen carver,café do paraíso,Brazil,7.33,7.67
jorge octavio escamilla prado,la ceiba,Mexico,7.67,7.33
nucoffee,campo das flores,Brazil,7.42,7.5
nucoffee,são josé da lagoa,Brazil,7.42,7.5
juan luis alvarado romero,el faro,Guatemala,7.33,7.33
nucoffee,santa mariana/são vicente,Brazil,7.58,7.5
felipe isaza,conquista / morito,Guatemala,7.75,7.33
racafe & cia s.c.a,NA,Colombia,7.33,7
juan luis alvarado romero,la esperanza,Guatemala,7.58,7.5
juan luis alvarado romero,las delicias,Guatemala,7.5,7.5
bismarck castro,los hicaques,Honduras,7.58,7.5
gabriel barbara,santa bárbara,Brazil,7.42,7.33
consejo salvadoreño del café,la esperanza,El Salvador,7.67,7.58
juan luis alvarado romero,las cebollas y anexos,Guatemala,7.58,7.58
mcomafa co ltd,mcomafa farm no1155gr,"Tanzania, United Republic Of",7.33,7.33
chris finch,NA,Nicaragua,7.58,7.42
lusso lab,mubuyu munali,Zambia,7.67,7.08
rob tuttle,NA,Honduras,7.42,7.33
cqi taiwan icp cqi台灣合作夥伴,dragon coffee 龍咖啡,Taiwan,7.5,7.5
calixto guillen vazquez,various,Mexico,7.58,7.5
saul m. hernandez ramirez,platanal,Mexico,7.5,7.5
saul m. hernandez ramirez,texpanco,Mexico,7.5,7.42
juan hermilio sampieri carcamo,la laja,Mexico,7.33,7.58
modesto landeros flores,mata larga,Mexico,7.67,7.42
nucoffee,sitío corrego da olaria/são caetano,Brazil,7.42,7.58
exportadora de cafe condor s.a,NA,Colombia,7.67,7.33
juan luis alvarado romero,la esmeralda,Guatemala,7.42,7.5
troy quimby,estate la patricia,Costa Rica,7.25,7.33
gabriel barbara,helena,Brazil,7.42,7.5
aulia arif syahri,mudar,Indonesia,7.75,7.83
juan luis alvarado romero,chapultepec,Guatemala,7.58,7.5
ipanema coffees,rio verde,Brazil,7.17,7.58
ipanema coffees,rio verde,Brazil,7.58,7
u mg mg,wat-ka-bu,Myanmar,7.33,7.58
viridiana,rancho bonito,Mexico,7.58,7.5
cadexsa,cerro bueno,Honduras,7.5,7.5
"cafetalera internacional cafinter, s.a.",el patalillo,Costa Rica,7.67,7.5
"lin, che-hao krude 林哲豪",gao chun fang 高醇坊,Taiwan,7.67,7.33
essencecoffee,dozen small farmer,Indonesia,7.42,7.42
afca,kakoma,Malawi,7.58,7.42
ipanema coffees,rio verde,Brazil,7.33,7.58
NA,gran manzana y el aguacate,Honduras,7.5,7.5
kurt kappeli,various,Mexico,7.42,7.42
racafe & cia s.c.a,NA,Colombia,7.5,7.5
kona pacific farmers cooperative,NA,United States (Hawaii),7.83,7.83
jacques pereira carneiro,sertao farm,Brazil,7.75,7.75
juan luis alvarado romero,el sacramento,Guatemala,7.83,7.67
christina dusing,finca muxbal,Mexico,7.83,7.33
jorge francisco martinez hachity,el deseo,Mexico,7.33,7.33
nucoffee,cianorte,Brazil,7.33,7.67
exportadora de cafe condor s.a,NA,Colombia,7.58,7.5
kona pacific farmers cooperative,kona pacific farmers cooperative,United States (Hawaii),7.25,7.58
juan luis alvarado romero,las merceditas,Guatemala,7.5,7.5
"sunvirtue co., ltd.",apollo estate,Vietnam,7,7.08
ngorogoro convenant estate,ngorogoro convenant estate,"Tanzania, United Republic Of",7.42,7.42
cafe politico,NA,Brazil,7.17,7.25
saul m. hernandez ramirez,los magueyes,Mexico,7.5,7.5
sergio landa alarcon,finca tepictla,Mexico,7.42,7.5
diego manuel woolrich ramirez,"arroyo triste, arroyo triste, san jose vista hermosa",Mexico,7.42,7.5
armando luis pohlenz martinez,NA,Mexico,7.33,7.42
enrique eduardo lopez aguilar,santa cruz - pante doña graciela,Mexico,7.5,7.42
exportadora de cafe condor s.a,NA,Colombia,7.33,7.42
racafe & cia s.c.a,NA,Colombia,7.42,7.58
ipanema coffees,fazenda capoeirnha,Brazil,7.42,7.5
juan luis alvarado romero,las merceditas,Guatemala,7.42,7.42
juan luis alvarado romero,la esmeralda,Guatemala,7.42,7.33
cadexsa,bethel,Honduras,7.58,7.5
taylor winch (coffee) ltd.,ngima,"Tanzania, United Republic Of",7.17,7.33
"comercial internacional exportadora, s.a.",santa matilde,Nicaragua,7.58,7.5
racafe & cia s.c.a,NA,Colombia,7.75,7.75
ipanema coffees,rio verde,Brazil,7.25,7.75
dae ltd company,multiple,"Tanzania, United Republic Of",7.42,7.33
tembo coffee company ltd,ilomba 1,"Tanzania, United Republic Of",7.33,7.33
ipanema coffees,rio verde,Brazil,7.25,7.42
chris finch,NA,Indonesia,7.17,7.42
NA,gran manzana y el aguacate,Honduras,7.5,7.33
"ceca, s.a.",gamboa,Costa Rica,7.5,7.17
dane loraas,NA,Mexico,7.42,7.42
cqi taiwan icp cqi台灣合作夥伴,mu he zi coffee 木盒子咖啡園,Taiwan,7.5,7.5
cqi taiwan icp cqi台灣合作夥伴,guo xin ka fei 國昕咖啡,Taiwan,7.58,7.42
fredy gordillo reyes,union ramal santa cruz,Mexico,7.5,7.42
juan luis alvarado romero,finca el morito,Guatemala,7.5,7.67
virginia gordillo gordillo,finca cafetalera la suiza,Mexico,7.25,7.67
jose luis munoz guerrero,NA,Mexico,7.67,7.25
christina dusing,ucipa santa catarina,Mexico,7.5,7.42
alfredo bojalil,finca nueva linda,Mexico,7.58,7.42
miguel cortes moreno,sacún palma,Mexico,7.75,7.58
kona pacific farmers cooperative,NA,United States (Hawaii),7.42,7.33
mdh,various,Honduras,7.5,7.42
juan luis alvarado romero,la esperanza,Guatemala,7.42,7.42
"lin, che-hao krude 林哲豪",baishengcun coffee 百勝村咖啡莊園,Taiwan,7.42,7.42
"ceca, s.a.",cafetalera aquiares,Costa Rica,7.58,7.42
acacia hills ltd,acacia hills,"Tanzania, United Republic Of",7.42,7.42
afca,kavuzi,Malawi,7.42,7.42
"lin, che-hao krude 林哲豪",jacob's estate 雅谷咖啡,Taiwan,7.33,7.17
ipanema coffees,rio verde,Brazil,7.42,7.42
juan luis alvarado romero,el morito,Guatemala,7.42,7.33
fredy gordillo reyes,union ramal santa cruz,Mexico,7.67,7.5
enrique eduardo lopez aguilar,las nubes - pante don jaime,Mexico,7.33,7.5
enrique eduardo lopez aguilar,santa cruz - pante don jaime,Mexico,7.67,7.58
doi chaang coffee company,"doi chaang coffee original co.,ltd",Thailand,7.08,7.33
doi tung development project,doi tung development project,Thailand,7.33,7.33
benjamin schmerler,NA,Costa Rica,7.25,7.17
juan luis alvarado romero,las delicias,Guatemala,7.67,7.58
"exportadora atlantic, s.a.",finca las marías,Nicaragua,7.5,7.42
elsy reyes,las cuchillas,Honduras,7.5,7.5
juan luis alvarado romero,las delicias,Guatemala,7.5,7.42
cqi taiwan icp cqi台灣合作夥伴,谷泉咖啡莊園,Taiwan,7.5,7.42
genius coffee,mixed,Myanmar,7.25,7.42
santa laura exportadora de cafe s.l.e.c. s.a.,several,Costa Rica,7.83,7.33
afca,chinongo,Malawi,7.67,7.42
juan luis alvarado romero,various,Guatemala,7.5,7.42
"lin, che-hao krude 林哲豪",good mood coffee 馨晴咖啡,Taiwan,7.42,7.33
jacques pereira carneiro,pereira estate coffee,Brazil,7.58,7.5
myriam kaplan-pasternak,mixed,Haiti,7.42,7.33
cqi taiwan icp cqi台灣合作夥伴,xu yuan zhang 徐源漳,Taiwan,7.5,7.42
alfredo bojalil,nueva linda,Mexico,7.33,7.33
alfredo bojalil,productor independiente guadalupe victoria,Mexico,7.58,7.42
jose luis munoz guerrero,santa maria temaxcalapa,Mexico,7.42,7.25
jose luis munoz guerrero,canoa manzanillo,Mexico,7.33,7.5
tomas edelmann blass,hamburgo 7 arroyos,Mexico,7.42,7.42
maria de la paz aguilar guillen,el romance azul,Mexico,7.5,7.5
specialty coffee association of indonesia,"ijen highland, east java",Indonesia,7.75,7.17
jacques pereira carneiro,sertao,Brazil,7.5,7.42
juan luis alvarado romero,chiquimulja / alpha cafe / senfro,Guatemala,7.33,7.5
racafe & cia s.c.a,NA,Colombia,7.42,7.42
kona pacific farmers cooperative,NA,United States (Hawaii),7.33,7.33
cafes tomari sa de cv,cafetal,Mexico,7.58,7.33
juan luis alvarado romero,nueva granada,Guatemala,7.42,7.33
cafebras,fazenda rio brilhante,Brazil,7.33,7.5
cadexsa,cerro bueno,Honduras,7.5,7.33
cqi taiwan icp cqi台灣合作夥伴,山彎有機咖啡農場,Taiwan,7.83,7.75
afca,chimpumba,Malawi,7.58,7.17
ipanema coffees,rio verde,Brazil,7.25,7.5
juan luis alvarado romero,santo tomas pachuj,Guatemala,7.42,7.5
kurt kappeli,various,Mexico,7.67,7.33
dane loraas,NA,Peru,7.42,7.42
juan luis alvarado romero,la union monte verde,Guatemala,7.42,7.33
saul m. hernandez ramirez,palantla,Mexico,7.42,7.33
grupo cafetalero los brujos spr de rl,los brujos,Mexico,7.42,7.42
exportadora de cafe condor s.a,NA,Colombia,7.5,7.42
exportadora de cafe condor s.a,NA,Colombia,7.75,7.33
kona pacific farmers cooperative,kona pacific farmers cooperative,United States (Hawaii),7.83,7
racafe & cia s.c.a,NA,Colombia,7.5,7.33
bismarck castro,las cuchillas,Honduras,7.5,7.5
angel oscar medina rodriguez,NA,Mexico,7.67,7.42
cafebras,fazenda sacramento,Brazil,7.25,7.33
cadexsa,bethel,Honduras,7.58,7.42
jacques pereira carneiro,sertao farm,Brazil,7.17,7.33
victoria,bacofa,Philippines,7.08,7.33
afca,usingini farm,Malawi,7.75,7.33
mayra yessenia torres,el cerron,Honduras,7.33,7.33
julio perez hernandez,NA,Mexico,7.58,7.42
hector gabriel barreda nader,cruz verde,Mexico,7.33,7.25
klem organics,fazendas klem ltda,Brazil,7.5,7.58
"lin, che-hao krude 林哲豪",jing jing café 晶晶坊青山咖啡教室,Taiwan,7.83,7.75
ipanema coffees,rio verde,Brazil,7.17,7.42
"comercial internacional exportadora, s.a.",cafetales santa matilde,Nicaragua,7.08,7.5
cadexsa,cerro bueno,Honduras,7.42,7.17
essencecoffee,el injerto s.a.,Guatemala,7.33,7.42
shangrilla estate ltd,shangrilla estate,"Tanzania, United Republic Of",7.33,7.17
cqi taiwan icp cqi台灣合作夥伴,jia jia coffee 佳佳咖啡莊,Taiwan,7.5,7.5
juan luis alvarado romero,finca medina,Guatemala,7.5,7.33
alfredo bojalil,finca chanjul,Mexico,7.42,7.42
"exportadora atlantic, s.a.",las promesas de san blass,Nicaragua,7.33,7.5
immaculata john,mviwambi coffee farmers,"Tanzania, United Republic Of",7.67,7.17
andreas kussmaul,exportadora café california,Mexico,7.75,7.58
"cafetalera internacional cafinter, s.a.",el patalillo,Costa Rica,7.5,7.5
NA,los hicaques,Honduras,7.42,7.33
松澤宏樹 koju matsuzawa,NA,Thailand,6.83,7.42
victoria,"irisan, baguio",Philippines,7.25,7.25
taylor winch (t) ltd,ampcg,"Tanzania, United Republic Of",7.58,7.17
afca,makoka valley estate,Malawi,7.58,7.25
eric thormaehlen,various,Costa Rica,7.33,7.08
bourbon specialty coffees,juliana,Brazil,7.42,7.42
julio perez hernandez,NA,Mexico,7.42,7.25
the coffee source inc.,finca quequesquez,Guatemala,7.42,7.25
nucoffee,fazenda são sebastião,Brazil,7.42,7.33
kona pacific farmers cooperative,NA,United States (Hawaii),7.25,7.75
kerchanshe,NA,Ethiopia,7.42,7.33
gregorio sebba,fazenda são josé mirante,Brazil,7.58,7.42
rolando lacayo,cafetales santa matilde,Nicaragua,7.33,7.33
wali ali,NA,United States,7.42,7.17
taylor winch (t) ltd,mwalyego amcos,"Tanzania, United Republic Of",7.42,7.33
the coffee source inc.,santa laura,Costa Rica,7.42,7.25
german negron,hacienda caracolillo,United States (Puerto Rico),7.67,7.75
obed rendon ponce,"san fernando, chiapas",Mexico,7.25,7.42
diego manuel woolrich ramirez,cafetal sinai,Mexico,7.33,7.25
gerardo hernandez valderrabano,NA,Mexico,7.33,7.33
balbino ramirez flores,el desmoronado,Mexico,7.42,7.33
kona pacific farmers cooperative,NA,United States (Hawaii),7.42,7.42
bourbon specialty coffees,cachoeira da grama farm,Brazil,7.25,7.25
consejo salvadoreño del café,santa josefita,El Salvador,7.42,7.08
bourbon specialty coffees,cachoeira da grama farm,Brazil,7.33,7.17
juan luis alvarado romero,chapultepec,Guatemala,7.42,7.25
racafe & cia s.c.a,NA,Colombia,7.67,7.5
juan luis alvarado romero,el papaturro,Guatemala,7.5,7.25
"lin, che-hao krude 林哲豪",jing jing café 晶晶坊青山咖啡教室,Taiwan,7.25,7.17
mayra yessenia torres,el cerron,Honduras,7.42,7.25
bourbon specialty coffees,NA,Brazil,7.67,7.75
mlimani ngarashi,rural cooperative society,"Tanzania, United Republic Of",7.33,7.33
kyagalanyi ltd,kapchorwa,Uganda,7.33,6.92
cqi taiwan icp cqi台灣合作夥伴,taiwan hao ka 台灣好咖莊園,Taiwan,7.5,6.92
doi tung development project,doi tung development project,Thailand,7.33,7.42
alejandro garcia palacios,finca el gavilancillo,Mexico,7.08,7.33
organizaciones de productores de cafe colimense,NA,Mexico,7.58,7.67
cqi taiwan icp cqi台灣合作夥伴,八杞莊園,Taiwan,7.33,7.17
juan luis alvarado romero,la esperanza,Guatemala,7.67,7.67
lydiah mwangi,thiririka/maara,Kenya,7.17,7.58
grupo santab s.a de c.v.,finca monte azúl,Mexico,7.5,7.33
min hlaing,sithar coffee farm,Myanmar,7.17,7.42
eileen koyanagi,NA,United States (Hawaii),7.42,7.08
karatu estate,karatu estate,"Tanzania, United Republic Of",7.33,7.17
jacques pereira carneiro,sertao farm,Brazil,7.25,7.33
cqi taiwan icp cqi台灣合作夥伴,張文進莊園,Taiwan,7.92,7.67
ipanema coffees,rio verde,Brazil,7.17,7.42
chris finch,NA,Nicaragua,7.33,7.08
juan luis alvarado romero,el morito,Guatemala,7.58,7.42
cqi taiwan icp cqi台灣合作夥伴,bi yun si shi yi 碧云四十一咖啡坊,Taiwan,7.42,7.25
cqi taiwan icp cqi台灣合作夥伴,bai he lin coffee 白鶴林咖啡莊園,Taiwan,7.25,7.17
cqi taiwan icp cqi台灣合作夥伴,heng lu coffee 橫鹿咖啡,Taiwan,7.42,7.25
eduardo luis augusto velazquez solis,"olotlan, el plan, criollo garnica",Mexico,7.58,7.33
doi tung development project,doi tung development project,Thailand,7.67,7.58
cqi taiwan icp cqi台灣合作夥伴,savan coffee bean,Laos,7.42,7.33
the coffee source inc.,several,Guatemala,7.67,7.25
luis roberto fermoso beltran,la victoria pante nubes,Mexico,7.17,7.08
jose manuel vergara cortes,finca santa clara,Mexico,7.33,7.25
christina dusing,selva negra,Mexico,7.5,7.17
kona pacific farmers cooperative,NA,United States (Hawaii),7.42,7.33
exportadora de cafe condor s.a,NA,Colombia,7.33,7.33
bourbon specialty coffees,castelhana farm,Brazil,7.17,7.25
u soe,myaing,Myanmar,6.92,7.5
juan luis alvarado romero,finca los cerros y anexos,Guatemala,7.5,7.33
"comercial internacional exportadora, s.a.",cafetales santa matilde,Nicaragua,7.25,7.25
bismarck castro,juan damaso,Honduras,7.5,7.33
essencecoffee,elida estate,Panama,7.25,7.33
cadexsa,bethel,Honduras,7.42,7.17
NA,los hicaques,Honduras,7.25,7.33
the coffee source inc.,several,Costa Rica,7.33,7.33
diego manuel woolrich ramirez,san josé y el portillo,Mexico,7.58,7.33
myriam kaplan-pasternak,2000 farms,Haiti,7.42,7
kona pacific farmers cooperative,NA,United States (Hawaii),7.08,7.33
cqi taiwan icp cqi台灣合作夥伴,胖胖糖,Taiwan,7.33,7.08
aulia arif syahri,darmawi,Indonesia,7.58,7.42
juan luis alvarado romero,finca medina,Guatemala,7.67,7.42
"ceca, s.a.",gamboa,Costa Rica,7.83,7.5
afca,makoka valley estate,Malawi,7.5,7.25
cafe de don balbino s.c. de r.l. de c.v.,"el desmoronado, talpan de allende jalisco",Mexico,7.25,7.17
compañia colombiana agroindustrial s.a,NA,Colombia,7.67,7.5
juan luis alvarado romero,santo tomas pachuj,Guatemala,7.67,7.17
juan luis alvarado romero,chiquimulja / alpha cafe / senfro,Guatemala,7,7.33
juan luis alvarado romero,chiquimulja / alpha cafe / senfro,Guatemala,7,7.5
racafe & cia s.c.a,NA,Colombia,7.17,7.25
bourbon specialty coffees,leticia farm,Brazil,7.33,7.25
"exportadora atlantic, s.a.",los saltarines,Nicaragua,7.08,7.5
burka coffee estate,burka coffee estates,"Tanzania, United Republic Of",7.25,7.08
ipanema coffees,rio verde,Brazil,7.42,7.25
beneficio santa rosa,bsr,Honduras,7.5,7.17
juan luis alvarado romero,finca el naranjal,Guatemala,7.17,7.42
kona pacific farmers cooperative,NA,United States (Hawaii),7.42,7.58
racafe & cia s.c.a,NA,Colombia,7.08,7.25
cqi taiwan icp cqi台灣合作夥伴,王秋金,Taiwan,7.17,7.17
juan luis alvarado romero,el guayabo,Guatemala,7.33,7.25
janny marlith torres,la bendicion,Honduras,7.58,7.33
case noyale ltd,case noyale ltd,Mauritius,7.25,7.25
bourbon specialty coffees,cachoeira da grama farm,Brazil,7.25,7.33
shwe yin mar coffee,mixed,Myanmar,7.17,7.33
juan luis alvarado romero,various,Guatemala,7.5,7.17
jacques pereira carneiro,pereira estate coffee,Brazil,7.42,7.42
eileen koyanagi,NA,United States (Hawaii),7.42,7.33
juan luis alvarado romero,barranca de las flores,Guatemala,7.5,7.5
israel eduardo paz garcia,peña negra,Mexico,7.25,7.25
cadexsa,bethel,Honduras,7.25,7.42
cqi taiwan icp cqi台灣合作夥伴,春風咖啡,Taiwan,7.58,7.17
lusso lab,finca la fany,El Salvador,7.33,7.17
adam ciruli ye,alicia's farm,China,7.25,7.08
cqi taiwan icp cqi台灣合作夥伴,guoxing farm coffee 國姓農場咖啡,Taiwan,7.25,7.25
alfredo bojalil,copalita,Mexico,6.92,7.17
armando luis pohlenz martinez,NA,Mexico,7.42,7.08
simon mahinda,NA,Burundi,7.08,7.25
delfina leon shine,delfina farm,"Tanzania, United Republic Of",7.25,7.17
kongoni estate,kongoni estate,"Tanzania, United Republic Of",7.25,7.17
cqi taiwan icp cqi台灣合作夥伴,tokoffee莊園,Taiwan,7.25,7.25
juan luis alvarado romero,la castellana,Guatemala,7.33,7.33
miguel cortes moreno,NA,Mexico,7.25,7.08
kona pacific farmers cooperative,NA,United States (Hawaii),7.17,7.5
ethiopia commodity exchange,NA,Ethiopia,7.25,7.25
volcafe ltda. - brasil,são rafael_ ra/ras certified,Brazil,7.17,7.33
bismarck castro,las moras,Honduras,7.25,7.25
cafe de don balbino s.c. de r.l. de c.v.,cortapico,Mexico,7.25,7.17
bob mccauley,waylead farms,Myanmar,8,7.08
u htun htun,thein kone,Myanmar,7.42,7
gloria antonieta escobar urrutia,finca el consuelo,Nicaragua,7.08,6.92
eileen koyanagi,NA,United States (Hawaii),7.5,7.08
honor dela fuente,NA,Colombia,7.42,8
cqi taiwan icp cqi台灣合作夥伴,weng hui ling 翁惠鈴,Taiwan,7.25,7.08
the coffee source inc.,several,Guatemala,7,7.17
saul m. hernandez ramirez,mirador,Mexico,7.58,7.33
"sunvirtue co., ltd.",apollo estate,Vietnam,7.42,7.25
"exportadora atlantic, s.a.",los mesones,Nicaragua,7.17,7.08
cadexsa,cerro bueno,Honduras,7.25,7.25
juan luis alvarado romero,el morito,Guatemala,7.33,7.33
pablo enrique martinez gama,"la orduña, coatepec, veracruz",Mexico,7.33,7.08
israel eduardo paz garcia,el carrizo,Mexico,7.58,7.42
marco virgilio ramirez teliz,el aguacate,Mexico,7.33,7.33
juan luis alvarado romero,agropecuaria quiagral,Guatemala,7.33,7.33
kona pacific farmers cooperative,NA,United States (Hawaii),7.58,7.5
brayan cunha souza,NA,Brazil,7.17,7.17
cqi taiwan icp cqi台灣合作夥伴,好自在咖啡莊園,Taiwan,7.42,7.25
honor dela fuente,NA,Nicaragua,7.25,7.17
cqi taiwan icp cqi台灣合作夥伴,sheng he shang pin coffee 聖荷上品咖啡坊,Taiwan,7.25,7.25
cqi taiwan icp cqi台灣合作夥伴,a shu she coffee 阿束社咖啡莊園,Taiwan,7.25,7.25
cqi taiwan icp cqi台灣合作夥伴,wu kun shan coffee 吳焜山咖啡園,Taiwan,7.25,7.25
israel eduardo paz garcia,el tabaco,Mexico,7.33,7.17
federico pacheco perez,NA,Mexico,7.25,7.08
"comercial internacional exportadora, s.a.",santa matilde,Nicaragua,7.33,7.08
ngu shwe li,doe kwin,Myanmar,7.17,7.33
kurt kappeli,various,Mexico,7.58,7.75
cqi taiwan icp cqi台灣合作夥伴,zhang li hong coffee 張立宏咖啡莊園,Taiwan,7.25,7.25
doi tung development project,doi tung development project,Thailand,7.33,6.67
pablo enrique martinez gama,"la orduña, coatepec, veracruz",Mexico,7.25,7.25
semiramis casas velazquez,"santa clara, california y camila",Mexico,7.08,7.33
ethiopia commodity exchange,"phone number | 0911-51-08-01, email | at",Ethiopia,7.42,7.42
federacion nacional de cafeteros,NA,Colombia,7.83,7.67
eileen koyanagi,NA,United States (Hawaii),7.5,7
calixto guillen vazquez,various,Mexico,7.33,7.08
alejandro garcia palacios,finca buenos aires,Mexico,7.17,7.17
christina dusing,rancho san francisco iii,Mexico,7.5,7.17
montegrande,finca monte grande,Mexico,7.17,7.08
pablo enrique martinez gama,finca la orduña,Mexico,7.33,7.25
jesus carlos cadena valdivia,finca huehuetecpan,Mexico,7.17,7.33
kona pacific farmers cooperative,NA,United States (Hawaii),7.5,7.42
kennedy macharia,yara estate / benvar estate,Kenya,7,7.08
juan luis alvarado romero,piamonte,Guatemala,7.33,7.25
asociación aldea global jinotega,asociación aldea global jinotega,Nicaragua,6.83,7.17
sergio de la vequia bernardi,la cuchilla,Mexico,7.17,7.08
kona pacific farmers cooperative,NA,United States (Hawaii),7.58,7.08
juan luis alvarado romero,la esperanza,Guatemala,7.5,7.42
"lin, che-hao krude 林哲豪",ka-vulungan coffee estate,Taiwan,7.75,7.33
"lin, che-hao krude 林哲豪",baijiada coffee farm佰加達咖啡莊園,Taiwan,7.08,7.08
doi tung development project,NA,Thailand,7.25,7.08
dane loraas,NA,Peru,7,7.08
the coffee source inc.,several,Costa Rica,7.58,7.5
fredy gordillo reyes,union ramal santa cruz,Mexico,7.58,7.08
leonides de la cruz lopez,comonyaj noptic s de ss,Mexico,7.58,7.08
calixto guillen vazquez,various,Mexico,7.25,7.08
israel eduardo paz garcia,peña negra,Mexico,7.25,7.17
alfredo bojalil,el vergel,Mexico,7.33,7.25
lusso lab,genuine antigua medina,Guatemala,7.58,7.33
montegrande,finca monte grande,Mexico,7.25,6.83
juan luis alvarado romero,la esmeralda,Guatemala,7.42,7.42
consejo salvadoreño del café,la montaña,El Salvador,7.25,7.08
doi tung development project,NA,Thailand,6.92,7.17
juan luis alvarado romero,la castellana,Guatemala,7.5,7
fredy gordillo reyes,union ramal santa cruz,Mexico,7.42,7.25
saul m. hernandez ramirez,el encinal,Mexico,7.33,7.17
alfredo bojalil,consolapa,Mexico,6.92,7.17
doi tung development project,doi tung development project,Thailand,7.17,7.17
obed rendon ponce,tepetzingo,Mexico,7.08,7
armando luis pohlenz martinez,NA,Mexico,7.25,6.92
exportadora de cafe condor s.a,NA,Colombia,7.25,7.17
carl walker,la igualdad,Guatemala,7.08,7
cooperativa el gorrion r.l,las nubes,Nicaragua,6.92,6.92
cqi taiwan icp cqi台灣合作夥伴,su-zhen huang 黃素真,Taiwan,6.92,7
exportadora de cafe condor s.a,NA,Colombia,7.83,7.5
armando luis pohlenz martinez,NA,Mexico,7.25,7.08
mario jose fernandez,casa blanca,Mexico,7.25,7.33
juan luis alvarado romero,el papaturro,Guatemala,7.08,7.33
juan luis alvarado romero,various,Guatemala,7.25,7.33
adriana torres rico quevedo,cre-leg l-4,Mexico,7,6.83
rre kunene,cnra station of divo,Cote d?Ivoire,7.42,7.25
the coffee source inc.,several,Colombia,7.42,7.25
eric jesus cordoba arroyo,el encanto,Mexico,7,7
eric jesus cordoba arroyo,la gloria,Mexico,7.42,7.17
juan luis alvarado romero,conquista / morito,Guatemala,7.17,6.5
"lin, che-hao krude 林哲豪",baishencun coffee farm百勝村咖啡莊園,Taiwan,7.08,6.83
marco virgilio ramirez teliz,el aguacate,Mexico,7,7
juan luis alvarado romero,las delicias,Guatemala,7.33,7.42
janny marlith torres,la bendicion,Honduras,7.58,7
juan luis alvarado romero,chapultepec,Guatemala,7.08,7
juan luis alvarado romero,el chile,Guatemala,7.25,7.17
brent hall,NA,Costa Rica,7.17,7.42
israel eduardo paz garcia,la tejeria,Mexico,7.25,7.08
julio cesar robles flores,el delirio,Mexico,7.17,6.92
masamichi hiroike,various,Mexico,6.75,6.75
juan luis alvarado romero,las merceditas,Guatemala,7.58,7.67
german negron,hacienda caracolillo,United States (Puerto Rico),7.42,7.08
israel eduardo paz garcia,huanacaxtle,Mexico,7.33,7
juana rodriguez gutierrez,las palmas,Mexico,7.25,7.08
balbino ramirez flores,el desmoronado,Mexico,7.17,7.25
racafe & cia s.c.a,NA,NA,6.75,6.75
juan luis alvarado romero,various,Guatemala,7.33,7.17
cafes finos de exportacion s de r.l.,various,Honduras,7,7
sustainable harvest coffee,NA,Peru,7.67,7.17
gonzalo de aquino flores,NA,Mexico,6.75,7.08
israel eduardo paz garcia,el sauce,Mexico,7.5,7.17
juan avenamar rodriguez funez,pico del oro,Mexico,7.17,6.83
alfredo bojalil,santa teresa,Mexico,7.33,7
israel eduardo paz garcia,la pandora,Mexico,7.5,7
"exportadora atlantic, s.a.",finca las marías,Nicaragua,7.17,7
eileen koyanagi,NA,United States (Hawaii),7.5,6.92
juan luis alvarado romero,la castellana,Guatemala,7.33,7.08
octavio augusto diaz trejo,"la patrona, el trebol, la cadena",Mexico,7.25,6.83
damaso martinez perez,el tesoro,Mexico,7.25,7.33
"productores de especialidad emiliano zapeata, spr.",los encinos,Mexico,7.67,7.17
adam ciruli ye,alicia's farm,China,7,6.92
juan garcia hernandez,los pinos,Mexico,6.92,6.92
"exportadora atlantic, s.a.",los saltarines,Nicaragua,7.08,7
"exportadora atlantic, s.a.",NA,Nicaragua,6.83,7.08
juan luis alvarado romero,various,Guatemala,7.33,7.17
"lin, che-hao krude 林哲豪",kan tou mountain coffee 崁頭山咖啡館,Taiwan,6.83,6.75
alfredo bojalil,grapos el porvenir,Mexico,7,7
organizaciones de productores de cafe colimense,cofradia,Mexico,7.92,7.58
kona pacific farmers cooperative,kona farms,United States (Hawaii),7.92,6.83
kurt kappeli,various,Mexico,7.25,6.75
rosario miguel hernandez,finca sego,Mexico,7.08,6.83
francisco ruiz nunez,cerca de los angeles,Mexico,7.25,7.17
bourbon specialty coffees,santa maria,Brazil,6.83,7
israel eduardo paz garcia,el naranjo,Mexico,7.58,7.17
eileen koyanagi,NA,United States (Hawaii),7.5,7.75
juan luis alvarado romero,various,Guatemala,7.17,6.5
juan luis alvarado romero,el sacramento,Guatemala,7.17,7.17
pablo cervantes morelos,llano hermoso,Mexico,7.25,7.25
juan luis alvarado romero,conquista / morito,Guatemala,7.17,6.08
eileen koyanagi,NA,United States (Hawaii),7.5,7.5
kona pacific farmers cooperative,NA,United States (Hawaii),7.42,7.33
sanjava coffee,various,Indonesia,6.92,6.83
gustavo amieva gonzalez,NA,Mexico,7.08,6.83
"lin, che-hao krude 林哲豪",大鋤花間 (hoe vs. flower coffee farm),Taiwan,7.5,7.08
cafes finos de exportacion s de r.l.,various,Honduras,6.83,7
eileen koyanagi,NA,United States (Hawaii),7.58,7.33
juan luis alvarado romero,various,Guatemala,7.42,7.25
samuel eli gurel,hani,China,7.33,7.17
juan luis alvarado romero,la union monte verde,Guatemala,7,6.83
alejandro garcia palacios,finca la fortuna,Mexico,7.25,7.33
mao-heng chu,NA,Colombia,7.42,7.17
santa laura exportadora de cafe s.l.e.c. s.a.,several,Costa Rica,7.5,7.25
gustavo abarca solis,el regadito,Mexico,7.42,7.25
juan luis alvarado romero,conquista / morito,Guatemala,7.17,6.17
"bencafe, s. a.",el brigadum - la coronela,Nicaragua,7.42,7
cafe politico,NA,Brazil,7,6.75
juan luis alvarado romero,el sacramento,Guatemala,7,6.83
"lin, che-hao krude 林哲豪","dongshan gaoyuan village chief manor coffee tainan, taiwan 台灣台南東山高原村長莊園咖啡",Taiwan,7.17,6.75
kona pacific farmers cooperative,NA,United States (Hawaii),7.58,7.67
stephany escamilla femat,rancho los laureles,Mexico,7.17,6.75
juan luis alvarado romero,la esperanza y anexos,Guatemala,7.08,6.92
ipanema coffees,fazenda capoeirnha,Brazil,7.5,7.33
juan luis alvarado romero,various,Guatemala,7.33,7
israel eduardo paz garcia,el naranjo,Mexico,7.33,7
myriam kaplan-pasternak,mixed,Haiti,6.83,6.83
eileen koyanagi,NA,United States (Hawaii),7.08,6.92
alejandro garcia palacios,finca los andes,Mexico,7.08,7
andrew bowman,"producer group (approx. 1,000 farmers)",Peru,7.42,7.75
joshua marsceau,NA,India,7.67,7.33
masamichi hiroike,various,Mexico,6.67,6.33
juan luis alvarado romero,conquista / morito,Guatemala,6.42,6.5
homero antonio de anda andrade,NA,Mexico,7.17,6.58
juan luis alvarado romero,agropecuaria quiagral,Guatemala,7.5,7
juan luis alvarado romero,conquista / morito,Guatemala,6.17,6.5
eileen koyanagi,NA,United States (Hawaii),7.25,7.08
eileen koyanagi,NA,United States (Hawaii),7.5,7.33
israel eduardo paz garcia,agua de la mariposa,Mexico,7.42,7
william ho,1,Indonesia,7.33,7
guillermo eduardo bobadilla muguira,finca tepictla,Mexico,7.08,6.83
cafes finos de exportacion s de r.l.,various,Honduras,6.83,6.83
ana gonzales,various,Philippines,6.83,6.5
volcafe ltda. - brasil,NA,Brazil,7.17,7
juan luis alvarado romero,agropecuaria quiagral,Guatemala,7.92,7.58
juan luis alvarado romero,conquista / morito,Guatemala,6.67,6.5
juana rodriguez gutierrez,la joya,Mexico,7.5,7.25
francisco hernandez lorenzo,"zaragoza, montelibano, pamal navil",Mexico,7.17,6.92
montegrande,finca monte grande,Mexico,7.25,6.83
martin jimenez casiano,peña campana,Mexico,7.17,7.17
"grupo juvenil magtayani, ac",la cruz,Mexico,7,6.92
israel eduardo paz garcia,el limón,Mexico,7.08,6.75
pablo enrique martinez gama,la orduña,Mexico,7.33,6.75
juan luis alvarado romero,conquista / morito,Guatemala,6.75,6.5
juan luis alvarado romero,conquista / morito,Guatemala,6.75,6.67
nestor mendez gomez,sierra madre,Mexico,7.08,7
eileen koyanagi,NA,United States (Hawaii),7.5,7.25
juan luis alvarado romero,la castellana,Guatemala,6.5,6.33
jorge octavio escamilla prado,las ceibas,Mexico,7,6.58
myrna roxana galvez gonzalez,la marina-el orizabeño,Mexico,6.92,6.42
eugene holman pew,rancho vigia,Mexico,7.67,7
kona pacific farmers cooperative,NA,United States (Hawaii),7.17,7.17
bourbon specialty coffees,NA,Brazil,7.25,6.58
cafes finos de exportacion s de r.l.,various,Honduras,7,7.17
kurt kappeli,various,Mexico,7.08,7.08
honor dela fuente,NA,Colombia,8,7.33
eileen koyanagi,NA,United States (Hawaii),6.92,6.92
myriam kaplan-pasternak,2000 farmers,Haiti,6.92,6.75
santa laura exportadora de cafe s.l.e.c. s.a.,several,Costa Rica,6.33,6.5
jose armando norberto borzani lemini,la vuelta,Mexico,6.92,6.92
ricardo aaron sampieri marini,la morena,Mexico,6.5,6.67
kurt kappeli,various,Mexico,6.92,7
volcafe ltda. - brasil,NA,Brazil,7,7
cadexsa,cerro bueno,Honduras,6.67,6.5
cadexsa,cerro bueno,Honduras,7,6.17
cadexsa,cerro bueno,Honduras,7,6.33
juan carlos garcia lopez,el centenario,Mexico,7.08,6.83
myriam kaplan-pasternak,200 farms,Haiti,6.75,6.58
"exportadora atlantic, s.a.",finca las marías,Nicaragua,7.25,6.58
juan luis alvarado romero,finca el limon,Guatemala,7.5,6.67
ankole coffee producers coop,kyangundu cooperative society,Uganda,7.83,8.08
nishant gurjer,sethuraman estate kaapi royale,India,8,7.75
andrew hetzel,sethuraman estate,India,7.92,7.83
ugacof,ugacof project area,Uganda,8,7.92
katuka development trust ltd,katikamu capca farmers association,Uganda,8.33,7.83
andrew hetzel,NA,India,8,7.92
andrew hetzel,sethuraman estates,India,7.67,7.75
nishant gurjer,sethuraman estate kaapi royale,India,7.67,7.75
nishant gurjer,sethuraman estate,India,7.67,7.75
ugacof,ishaka,Uganda,7.67,7.83
ugacof,ugacof project area,Uganda,7.58,7.92
nishant gurjer,sethuraman estate kaapi royale,India,7.67,7.83
andrew hetzel,sethuraman estates,India,7.58,7.58
kasozi coffee farmers association,kasozi coffee farmers,Uganda,8,7.75
ankole coffee producers coop,kyangundu coop society,Uganda,8,7.67
andrew hetzel,sethuraman estate,India,7.75,7.75
andrew hetzel,sethuraman estates,India,7.5,7.5
kawacom uganda ltd,bushenyi,Uganda,7.33,7.58
nitubaasa ltd,kigezi coffee farmers association,Uganda,7.83,7.58
mannya coffee project,mannya coffee project,Uganda,7.75,7.42
andrew hetzel,sethuraman estates,India,7.67,7.67
andrew hetzel,sethuraman estates,India,7.58,7.42
andrew hetzel,sethuraman estates,United States,7.92,7.5
luis robles,robustasa,Ecuador,7.75,7.58
luis robles,robustasa,Ecuador,7.5,7.67
james moore,fazenda cazengo,United States,7.33,7.33
cafe politico,NA,India,7.42,6.83
cafe politico,NA,Vietnam,6.75,6.67
