taxon,dlc_id,hybrid,sex,name,current_resident,stud_book,dob,birth_month,estimated_dob,birth_type,birth_institution,litter_size,expected_gestation,estimated_concep,concep_month,dam_id,dam_name,dam_taxon,dam_dob,dam_age_at_concep_y,sire_id,sire_name,sire_taxon,sire_dob,sire_age_at_concep_y,dod,age_at_death_y,age_of_living_y,age_last_verified_y,age_max_live_or_dead_y,n_known_offspring,dob_estimated,weight_g,weight_date,month_of_weight,age_at_wt_d,age_at_wt_wk,age_at_wt_mo,age_at_wt_mo_no_dec,age_at_wt_y,change_since_prev_wt_g,days_since_prev_wt,avg_daily_wt_change_g,days_before_death,r_min_dam_age_at_concep_y,age_category,preg_status,expected_gestation_d,concep_date_if_preg,infant_dob_if_preg,days_before_inf_birth_if_preg,pct_preg_remain_if_preg,infant_lit_sz_if_preg
ERUF,1512,N,F,HEME,N,346,1972-03-08,3,NA,CB,Duke Lemur Center,1,120,1971-11-09,11,510,CALO,ERUF,1958-10-01,13.12,515,THURBER,ERUF,1958-10-01,13.12,1992-07-30,20.41,NA,NA,20.41,15,NA,410,1972-05-16,5,69,9.86,2.27,2,0.19,NA,NA,NA,7380,1.55,IJ,NP,NA,NA,NA,NA,NA,NA
ERUF,1589,N,F,TANGO,N,472,1975-03-10,3,NA,CB,Duke Lemur Center,1,120,1974-11-10,11,573,TANA,ERUF,1968-10-01,6.11,512,KINGMAN BREWSTER,ERUF,1963-03-01,11.7,1976-08-24,1.46,NA,NA,1.46,NA,NA,137,1975-04-01,4,22,3.14,0.72,0,0.06,34,4,8.5,511,1.55,IJ,NP,NA,NA,NA,NA,NA,NA
PCOQ,1591,N,F,AMBER,N,118,1974-12-18,12,NA,CB,Duke Lemur Center,1,160,1974-07-11,7,590,CHARLOTTE,PCOQ,1960-07-01,14.04,591,REGINALD,PCOQ,1965-07-01,9.03,1976-11-05,1.88,NA,NA,1.88,NA,NA,206,1975-01-08,1,21,3,0.69,0,0.06,34,6,5.67,667,2.64,IJ,NP,NA,NA,NA,NA,NA,NA
PCOQ,1592,N,M,LARKE,N,119,1976-01-26,1,NA,CB,Duke Lemur Center,1,160,1975-08-19,8,593,EDITH,PCOQ,1966-07-01,9.14,597,NIGEL,PCOQ,1972-02-10,3.52,1976-11-15,0.81,NA,NA,0.81,NA,NA,185,1976-02-27,2,32,4.57,1.05,1,0.09,67,22,3.05,262,2.64,IJ,NP,NA,NA,NA,NA,NA,NA
PCOQ,1593,N,F,ERME,N,122,1977-02-06,2,NA,CB,Duke Lemur Center,1,160,1976-08-30,8,593,EDITH,PCOQ,1966-07-01,10.17,597,NIGEL,PCOQ,1972-02-10,4.56,1977-07-21,0.45,NA,NA,0.45,NA,NA,373,1977-04-28,4,81,11.57,2.66,2,0.22,145,42,3.45,84,2.64,IJ,NP,NA,NA,NA,NA,NA,NA
ERUF,2506,N,F,MELPOMENE,N,476,1975-03-25,3,NA,CB,Duke Lemur Center,1,120,1974-11-25,11,541,HERMIONE,ERUF,1968-03-28,6.67,515,THURBER,ERUF,1958-10-01,16.16,1987-01-01,11.78,NA,NA,11.78,4,NA,2583,1983-10-27,10,3138,448.29,103.17,103,8.6,1408,2988,0.47,1162,1.55,adult,NP,NA,NA,NA,NA,NA,NA
ERUF,2534,N,F,NYMPH,N,510,1976-03-04,3,NA,CB,Duke Lemur Center,1,120,1975-11-05,11,532,CALYPSO,ERUF,1967-04-14,8.57,MULT2,NA,NA,NA,NA,1981-11-28,5.74,NA,NA,5.74,NA,NA,675,1976-05-21,5,78,11.14,2.56,2,0.21,165,7,23.57,2017,1.55,IJ,NP,NA,NA,NA,NA,NA,NA
ERUF,2535,N,M,ROAN,N,511,1976-03-04,3,NA,CB,Duke Lemur Center,1,120,1975-11-05,11,519,RED CHILD,ERUF,1966-03-04,9.68,1525,CORLEY,ERUF,1972-12-12,2.9,NA,NA,NA,15.92,15.92,5,NA,1680,1976-11-17,11,258,36.86,8.48,8,0.71,46,14,3.29,NA,1.55,IJ,NP,NA,NA,NA,NA,NA,NA
ERUF,2538,N,F,ALCOBA,N,516,1976-03-19,3,NA,CB,Duke Lemur Center,1,120,1975-11-20,11,514,LISA DELLA,ERUF,1965-03-08,10.71,MULT2,NA,NA,NA,NA,1983-01-01,6.79,NA,NA,6.79,1,NA,636,1976-06-11,6,84,12,2.76,2,0.23,46,7,6.57,2395,1.55,IJ,NP,NA,NA,NA,NA,NA,NA
ERUF,2539,N,F,TISA,N,518,1976-03-25,3,NA,CB,Duke Lemur Center,1,120,1975-11-26,11,541,HERMIONE,ERUF,1968-03-28,7.67,515,THURBER,ERUF,1958-10-01,17.16,NA,NA,NA,7.68,7.68,1,NA,373,1976-05-17,5,53,7.57,1.74,1,0.15,219,34,6.44,NA,1.55,IJ,NP,NA,NA,NA,NA,NA,NA
ERUF,2557,N,M,VULCAN,N,538,1976-04-24,4,NA,CB,Duke Lemur Center,1,120,1975-12-26,12,587,HEBE,ERUF,1971-04-13,4.71,MULT2,NA,NA,NA,NA,NA,NA,NA,7.6,7.6,1,NA,425,1976-06-18,6,55,7.86,1.81,1,0.15,48,7,6.86,NA,1.55,IJ,NP,NA,NA,NA,NA,NA,NA
ERUF,2586,N,F,LYMPH,N,599,1977-03-17,3,NA,CB,Duke Lemur Center,1,120,1976-11-17,11,1512,HEME,ERUF,1972-03-08,4.7,MULT2,NA,NA,NA,NA,NA,NA,NA,6.71,6.71,NA,NA,620,1977-06-03,6,78,11.14,2.56,2,0.21,38,7,5.43,NA,1.55,IJ,NP,NA,NA,NA,NA,NA,NA
ERUF,2589,N,F,HELEN,N,598,1977-03-16,3,NA,CB,Duke Lemur Center,1,120,1976-11-16,11,541,HERMIONE,ERUF,1968-03-28,8.64,515,THURBER,ERUF,1958-10-01,18.14,NA,NA,NA,2.16,2.16,NA,NA,1202,1977-09-15,9,183,26.14,6.02,6,0.5,149,14,10.64,NA,1.55,IJ,NP,NA,NA,NA,NA,NA,NA
ERUF,3508,N,M,MACHO,N,321,1977-04-18,4,NA,CB,Duke Lemur Center,1,120,1976-12-19,12,514,LISA DELLA,ERUF,1965-03-08,11.79,MULT2,NA,NA,NA,NA,1992-08-12,15.33,NA,NA,15.33,5,NA,1205,1977-08-12,8,116,16.57,3.81,3,0.32,70,7,10,5479,1.55,IJ,NP,NA,NA,NA,NA,NA,NA
ERUF,3533,N,M,RUST,N,635,1977-08-17,8,NA,CB,Duke Lemur Center,1,120,1977-04-19,4,519,RED CHILD,ERUF,1966-03-04,11.13,MULT2,NA,NA,NA,NA,1995-05-30,17.79,NA,NA,17.79,NA,NA,530,1977-10-05,10,49,7,1.61,1,0.13,105,12,8.75,6446,1.55,IJ,NP,NA,NA,NA,NA,NA,NA
ERUF,3556,N,M,MENELAUS,N,661,1978-04-03,4,NA,CB,Duke Lemur Center,1,120,1977-12-04,12,541,HERMIONE,ERUF,1968-03-28,9.69,515,THURBER,ERUF,1958-10-01,19.19,1992-08-17,14.38,NA,NA,14.38,5,NA,313,1978-05-08,5,35,5,1.15,1,0.1,79,11,7.18,5215,1.55,IJ,NP,NA,NA,NA,NA,NA,NA
ERUF,3562,N,F,GLOBIN,N,669,1978-04-15,4,NA,CB,Duke Lemur Center,1,120,1977-12-16,12,1512,HEME,ERUF,1972-03-08,5.78,MULT2,NA,NA,NA,NA,1999-07-07,21.24,NA,NA,21.24,1,NA,3192,1985-10-23,10,2748,392.57,90.35,90,7.53,1694,2531,0.67,5005,1.55,adult,NP,NA,NA,NA,NA,NA,NA
VRUB,3569,N,M,JUPITER,N,29,1978-04-21,4,NA,CB,Duke Lemur Center,3,103,1978-01-08,1,524,SATURNA,VRUB,1959-10-01,18.28,3530,TELLUS,VRUB,1975-05-17,2.65,1996-10-06,18.47,NA,NA,18.47,6,NA,3042,1978-12-29,12,252,36,8.28,8,0.69,318,60,5.3,6491,1.65,IJ,NP,NA,NA,NA,NA,NA,NA
VRUB,3570,N,F,TERRA,N,31,1978-04-21,4,NA,CB,Duke Lemur Center,3,103,1978-01-08,1,524,SATURNA,VRUB,1959-10-01,18.28,3530,TELLUS,VRUB,1975-05-17,2.65,1994-01-19,15.76,NA,NA,15.76,NA,NA,2653,1978-10-30,10,192,27.43,6.31,6,0.53,746,73,10.22,5560,1.65,IJ,NP,NA,NA,NA,NA,NA,NA
VRUB,3571,N,M,HADES,N,30,1978-04-21,4,NA,CB,Duke Lemur Center,3,103,1978-01-08,1,524,SATURNA,VRUB,1959-10-01,18.28,3530,TELLUS,VRUB,1975-05-17,2.65,1988-09-27,10.44,NA,NA,10.44,3,NA,324,1978-05-13,5,22,3.14,0.72,0,0.06,103,7,14.71,3790,1.65,IJ,NP,NA,NA,NA,NA,NA,NA
ERUF,3585,N,M,RUFF,N,682,1978-05-06,5,NA,CB,Duke Lemur Center,1,120,1978-01-06,1,519,RED CHILD,ERUF,1966-03-04,11.85,1525,CORLEY,ERUF,1972-12-12,5.07,NA,NA,NA,1.02,1.02,NA,NA,531,1978-06-26,6,51,7.29,1.68,1,0.14,27,4,6.75,NA,1.55,IJ,NP,NA,NA,NA,NA,NA,NA
ERUF,4541,N,M,DUN,N,711,1979-03-21,3,NA,CB,Duke Lemur Center,1,120,1978-11-21,11,4507,ROUGE,ERUF,1977-02-27,1.73,4506,RUSSET,ERUF,1977-04-13,1.61,NA,NA,NA,14.73,14.73,1,NA,3055.5,1985-11-11,11,2427,346.71,79.79,79,6.65,NA,NA,NA,NA,1.55,adult,NP,NA,NA,NA,NA,NA,NA
ERUF,4546,N,F,CINNABAR,N,721,1979-04-05,4,NA,CB,Duke Lemur Center,1,120,1978-12-06,12,1512,HEME,ERUF,1972-03-08,6.75,2535,ROAN,ERUF,1976-03-04,2.76,1991-08-13,12.36,NA,NA,12.36,3,NA,2197,1983-10-25,10,1664,237.71,54.71,54,4.56,NA,NA,NA,2849,1.55,adult,NP,NA,NA,NA,NA,NA,NA
ERUF,4547,N,F,AUBURN,N,723,1979-04-09,4,NA,CB,Duke Lemur Center,1,120,1978-12-10,12,541,HERMIONE,ERUF,1968-03-28,10.71,515,THURBER,ERUF,1958-10-01,20.21,1987-05-16,8.11,NA,NA,8.11,2,NA,1317,1979-09-20,9,164,23.43,5.39,5,0.45,NA,NA,NA,2795,1.55,IJ,NP,NA,NA,NA,NA,NA,NA
VRUB,4575,N,F,VENUS II,N,42,1979-05-01,5,NA,CB,Duke Lemur Center,1,103,1979-01-18,1,524,SATURNA,VRUB,1959-10-01,19.31,3530,TELLUS,VRUB,1975-05-17,3.68,2000-11-26,21.59,NA,NA,21.59,13,NA,3923,1984-04-17,4,1813,259,59.61,59,4.97,-27,822,-0.03,6067,1.65,adult,NP,NA,NA,NA,NA,NA,NA
ERUF,4589,N,M,COPPER,N,759,1979-05-31,5,NA,CB,Duke Lemur Center,1,120,1979-01-31,1,2506,MELPOMENE,ERUF,1975-03-25,3.86,1525,CORLEY,ERUF,1972-12-12,6.14,NA,NA,NA,7.82,7.82,NA,NA,2742,1983-10-27,10,1610,230,52.93,52,4.41,NA,NA,NA,NA,1.55,adult,NP,NA,NA,NA,NA,NA,NA
ERUF,514,N,F,LISA DELLA,N,186,1965-03-08,3,NA,CB,Duke Lemur Center,1,120,1964-11-08,11,510,CALO,ERUF,1958-10-01,6.11,515,THURBER,ERUF,1958-10-01,6.11,1987-01-21,21.89,NA,NA,21.89,13,NA,2500,1972-03-08,3,2557,365.29,84.07,84,7.01,NA,NA,NA,5432,1.55,adult,NP,NA,NA,NA,NA,NA,NA
ERUF,519,N,F,RED CHILD,N,199,1966-03-04,3,NA,CB,Duke Lemur Center,1,120,1965-11-04,11,510,CALO,ERUF,1958-10-01,7.1,515,THURBER,ERUF,1958-10-01,7.1,1985-07-03,19.35,NA,NA,19.35,15,NA,3080,1972-06-27,6,2307,329.57,75.85,75,6.32,540,81,6.67,4754,1.55,adult,NP,NA,NA,NA,NA,NA,NA
ERUF,532,N,F,CALYPSO,N,225,1967-04-14,4,NA,CB,Duke Lemur Center,1,120,1966-12-15,12,510,CALO,ERUF,1958-10-01,8.21,515,THURBER,ERUF,1958-10-01,8.21,1993-01-03,25.74,NA,NA,25.74,6,NA,2962,1972-03-03,3,1785,255,58.68,58,4.89,322,549,0.59,7611,1.55,adult,NP,NA,NA,NA,NA,NA,NA
ERUF,541,N,F,HERMIONE,N,249,1968-03-28,3,NA,CB,Duke Lemur Center,1,120,1967-11-29,11,510,CALO,ERUF,1958-10-01,9.17,515,THURBER,ERUF,1958-10-01,9.17,1997-03-17,28.99,NA,NA,28.99,15,NA,2430,1972-03-08,3,1441,205.86,47.38,47,3.95,NA,NA,NA,9140,1.55,adult,NP,NA,NA,NA,NA,NA,NA
ERUF,5504,N,M,BURGUNDY,N,772,1980-02-17,2,NA,CB,Duke Lemur Center,1,120,1979-10-20,10,3599,SIENNA,ERUF,1975-03-01,4.64,3508,MACHO,ERUF,1977-04-18,2.51,NA,NA,NA,8.43,8.43,NA,NA,163,1980-03-13,3,25,3.57,0.82,0,0.07,NA,NA,NA,NA,1.55,IJ,NP,NA,NA,NA,NA,NA,NA
ERUF,5508,N,M,RED,N,774,1980-03-12,3,NA,CB,Duke Lemur Center,1,120,1979-11-13,11,1512,HEME,ERUF,1972-03-08,7.69,4503,RUBRIC,ERUF,1968-10-01,11.12,NA,NA,NA,11.37,11.37,NA,NA,268,1980-04-04,4,23,3.29,0.76,0,0.06,NA,NA,NA,NA,1.55,IJ,NP,NA,NA,NA,NA,NA,NA
ERUF,5529,N,M,SORREL,N,804,1980-04-27,4,NA,CB,Duke Lemur Center,1,120,1979-12-29,12,519,RED CHILD,ERUF,1966-03-04,13.83,1525,CORLEY,ERUF,1972-12-12,7.05,2005-08-09,25.3,NA,NA,25.3,5,NA,2497,1990-03-21,3,3615,516.43,118.85,118,9.9,2,124,0.02,5620,1.55,adult,NP,NA,NA,NA,NA,NA,NA
VRUB,5538,N,M,NEPTUNE,N,43,1980-05-04,5,NA,CB,Duke Lemur Center,2,103,1980-01-22,1,524,SATURNA,VRUB,1959-10-01,20.32,3530,TELLUS,VRUB,1975-05-17,4.69,2003-08-25,23.32,NA,NA,23.32,NA,NA,3385,1982-01-18,1,624,89.14,20.52,20,1.71,-75,74,-1.01,7889,1.65,young_adult,NP,NA,NA,NA,NA,NA,NA
VRUB,5539,N,F,DIANA,N,44,1980-05-04,5,NA,CB,Duke Lemur Center,2,103,1980-01-22,1,524,SATURNA,VRUB,1959-10-01,20.32,3530,TELLUS,VRUB,1975-05-17,4.69,2005-02-17,24.81,NA,NA,24.81,6,NA,999,1980-07-01,7,58,8.29,1.91,1,0.16,903,56,16.13,8997,1.65,IJ,NP,NA,NA,NA,NA,NA,NA
ERUF,5567,N,M,REDCAP,N,838,1981-02-26,2,NA,CB,Duke Lemur Center,1,120,1980-10-29,10,3599,SIENNA,ERUF,1975-03-01,5.67,3508,MACHO,ERUF,1977-04-18,3.53,2007-04-17,26.15,NA,NA,26.15,1,NA,2628,1983-10-25,10,971,138.71,31.92,31,2.66,NA,NA,NA,8575,1.55,young_adult,NP,NA,NA,NA,NA,NA,NA
ERUF,5575,N,M,REDBRICK,N,843,1981-03-17,3,NA,CB,Duke Lemur Center,1,120,1980-11-17,11,4502,OCHRE,ERUF,1968-10-01,12.14,515,THURBER,ERUF,1958-10-01,22.15,NA,NA,NA,2.81,2.81,NA,NA,2452,1983-10-25,10,952,136,31.3,31,2.61,NA,NA,NA,NA,1.55,young_adult,NP,NA,NA,NA,NA,NA,NA
ERUF,5577,N,F,TAWNY,N,844,1981-03-17,3,NA,CB,Duke Lemur Center,1,120,1980-11-17,11,1512,HEME,ERUF,1972-03-08,8.7,4503,RUBRIC,ERUF,1968-10-01,12.14,1985-02-01,3.88,NA,NA,3.88,2,NA,2338,1983-07-26,7,861,123,28.31,28,2.36,2252,860,2.62,556,1.55,young_adult,NP,NA,NA,NA,NA,NA,NA
ERUF,5580,N,F,FLAME,N,845,1981-03-21,3,NA,CB,Duke Lemur Center,1,120,1980-11-21,11,4507,ROUGE,ERUF,1977-02-27,3.73,3556,MENELAUS,ERUF,1978-04-03,2.64,NA,NA,NA,7.34,7.34,NA,NA,1875,1982-03-21,3,365,52.14,12,12,1,NA,NA,NA,NA,1.55,IJ,NP,NA,NA,NA,NA,NA,NA
VRUB,5587,N,F,CYNTHIA,N,57,1981-03-30,3,NA,CB,Duke Lemur Center,2,103,1980-12-17,12,524,SATURNA,VRUB,1959-10-01,21.23,4590,SATURN,VRUB,1960-10-01,20.22,2016-04-28,35.1,NA,NA,35.1,17,NA,3047,1990-10-16,10,3487,498.14,114.64,114,9.55,194,146,1.33,9326,1.65,adult,NP,NA,NA,NA,NA,NA,NA
VRUB,5629,N,M,PHOENIX,N,61,1981-05-19,5,NA,CB,Duke Lemur Center,3,103,1981-02-05,2,544,PERSEPHONE,VRUB,1968-04-28,12.78,3530,TELLUS,VRUB,1975-05-17,5.73,2003-05-14,22,NA,NA,22,15,NA,3441,1990-11-19,11,3471,495.86,114.12,114,9.51,354,155,2.28,4559,1.65,adult,NP,NA,NA,NA,NA,NA,NA
VRUB,5630,N,F,HIMALIA,N,62,1981-05-19,5,NA,CB,Duke Lemur Center,3,103,1981-02-05,2,544,PERSEPHONE,VRUB,1968-04-28,12.78,3530,TELLUS,VRUB,1975-05-17,5.73,1992-04-29,10.95,NA,NA,10.95,20,NA,3278,1985-12-08,12,1664,237.71,54.71,54,4.56,37,12,3.08,2334,1.65,adult,NP,NA,NA,NA,NA,NA,NA
VRUB,5631,N,F,LYSITHEA,N,63,1981-05-19,5,NA,CB,Duke Lemur Center,3,103,1981-02-05,2,544,PERSEPHONE,VRUB,1968-04-28,12.78,3530,TELLUS,VRUB,1975-05-17,5.73,1982-10-11,1.4,NA,NA,1.4,NA,NA,704,1981-07-08,7,50,7.14,1.64,1,0.14,NA,NA,NA,460,1.65,IJ,NP,NA,NA,NA,NA,NA,NA
ERUF,5654,N,M,REDHEAD,N,915,1982-03-15,3,NA,CB,Duke Lemur Center,1,120,1981-11-15,11,3599,SIENNA,ERUF,1975-03-01,6.72,3508,MACHO,ERUF,1977-04-18,4.58,NA,NA,NA,2.52,2.52,NA,NA,908,1982-07-07,7,114,16.29,3.75,3,0.31,NA,NA,NA,NA,1.55,IJ,NP,NA,NA,NA,NA,NA,NA
ERUF,5657,N,M,VERMILLION,N,917,1982-03-17,3,NA,CB,Duke Lemur Center,1,120,1981-11-17,11,4577,RUBY,ERUF,1979-05-09,2.53,2535,ROAN,ERUF,1976-03-04,5.71,NA,NA,NA,9.36,9.36,NA,NA,441,1982-05-18,5,62,8.86,2.04,2,0.17,357,62,5.75,NA,1.55,IJ,NP,NA,NA,NA,NA,NA,NA
ERUF,5659,N,F,MAGENTA,N,918,1982-03-17,3,NA,CB,Duke Lemur Center,1,120,1981-11-17,11,4507,ROUGE,ERUF,1977-02-27,4.72,3556,MENELAUS,ERUF,1978-04-03,3.63,NA,NA,NA,1.81,1.81,NA,NA,2515,1983-12-05,12,628,89.71,20.65,20,1.72,NA,NA,NA,NA,1.55,young_adult,NP,NA,NA,NA,NA,NA,NA
ERUF,5660,N,F,HENNA,N,919,1982-03-17,3,NA,CB,Duke Lemur Center,1,120,1981-11-17,11,4502,OCHRE,ERUF,1968-10-01,13.14,515,THURBER,ERUF,1958-10-01,23.15,NA,NA,NA,4.81,4.81,1,NA,2606,1986-04-04,4,1479,211.29,48.62,48,4.05,2563,1479,1.73,NA,1.55,adult,NP,NA,NA,NA,NA,NA,NA
VRUB,5689,N,M,VENERIUS,N,72,1982-05-02,5,NA,CB,Duke Lemur Center,3,103,1982-01-19,1,4575,VENUS II,VRUB,1979-05-01,2.72,5560,PLUTO III,VRUB,1977-05-28,4.65,1996-03-07,13.86,NA,NA,13.86,NA,NA,2847,1983-08-30,8,485,69.29,15.95,15,1.33,NA,NA,NA,4573,1.65,IJ,NP,NA,NA,NA,NA,NA,NA
VRUB,5691,N,F,VENUTIA,N,74,1982-05-02,5,NA,CB,Duke Lemur Center,3,103,1982-01-19,1,4575,VENUS II,VRUB,1979-05-01,2.72,5560,PLUTO III,VRUB,1977-05-28,4.65,2003-10-18,21.48,NA,NA,21.48,NA,NA,2791,1983-10-03,10,519,74.14,17.06,17,1.42,213,10,21.3,7320,1.65,IJ,NP,NA,NA,NA,NA,NA,NA
VRUB,5698,N,M,HERMES,N,80,1982-05-08,5,NA,CB,Duke Lemur Center,3,103,1982-01-25,1,544,PERSEPHONE,VRUB,1968-04-28,13.75,5560,PLUTO III,VRUB,1977-05-28,4.67,2001-05-01,18.99,NA,NA,18.99,10,NA,4177,1989-10-11,10,2713,387.57,89.19,89,7.43,209,604,0.35,4220,1.65,adult,NP,NA,NA,NA,NA,NA,NA
VRUB,5699,N,F,PLUTONIA,N,81,1982-05-08,5,NA,CB,Duke Lemur Center,3,103,1982-01-25,1,544,PERSEPHONE,VRUB,1968-04-28,13.75,5560,PLUTO III,VRUB,1977-05-28,4.67,1988-02-05,5.75,NA,NA,5.75,3,NA,3360,1987-01-06,1,1704,243.43,56.02,56,4.67,-277,50,-5.54,395,1.65,adult,NP,NA,NA,NA,NA,NA,NA
ERUF,5729,N,M,Fiery,N,971,1983-03-03,3,NA,CB,Duke Lemur Center,2,120,1982-11-03,11,1512,HEME,ERUF,1972-03-08,10.66,4503,RUBRIC,ERUF,1968-10-01,14.1,2013-06-21,30.32,NA,NA,30.32,1,NA,2280,1992-11-19,11,3549,507,116.68,116,9.72,326,57,5.72,7519,1.55,adult,NP,NA,NA,NA,NA,NA,NA
ERUF,5740,N,F,ROSIE,N,982,1983-03-20,3,NA,CB,Duke Lemur Center,2,120,1982-11-20,11,4507,ROUGE,ERUF,1977-02-27,5.73,3556,MENELAUS,ERUF,1978-04-03,4.64,NA,NA,NA,5.24,5.24,1,NA,2415,1987-09-29,9,1654,236.29,54.38,54,4.53,NA,NA,NA,NA,1.55,adult,NP,NA,NA,NA,NA,NA,NA
ERUF,5746,N,F,GINGY,N,985,1983-03-27,3,NA,CB,Duke Lemur Center,2,120,1982-11-27,11,5577,TAWNY,ERUF,1981-03-17,1.7,4503,RUBRIC,ERUF,1968-10-01,14.16,1985-05-02,2.1,NA,NA,2.1,NA,NA,676,1983-07-26,7,121,17.29,3.98,3,0.33,NA,NA,NA,646,1.55,IJ,NP,NA,NA,NA,NA,NA,NA
ERUF,5747,N,F,CHERRY,N,986,1983-03-27,3,NA,CB,Duke Lemur Center,2,120,1982-11-27,11,5577,TAWNY,ERUF,1981-03-17,1.7,4503,RUBRIC,ERUF,1968-10-01,14.16,NA,NA,NA,5.44,5.44,1,NA,713,1983-07-26,7,121,17.29,3.98,3,0.33,NA,NA,NA,NA,1.55,IJ,NP,NA,NA,NA,NA,NA,NA
VRUB,5766,N,M,DENEB,N,89,1983-04-15,4,NA,CB,Duke Lemur Center,3,103,1983-01-02,1,4575,VENUS II,VRUB,1979-05-01,3.68,5560,PLUTO III,VRUB,1977-05-28,5.6,2016-06-03,33.16,NA,NA,33.16,NA,NA,2911,1985-11-08,11,938,134,30.84,30,2.57,NA,NA,NA,11165,1.65,young_adult,NP,NA,NA,NA,NA,NA,NA
VRUB,5768,N,M,CASTOR,N,91,1983-04-16,4,NA,CB,Duke Lemur Center,2,103,1983-01-03,1,544,PERSEPHONE,VRUB,1968-04-28,14.69,3530,TELLUS,VRUB,1975-05-17,7.64,2004-08-07,21.33,NA,NA,21.33,8,NA,3365,1988-05-17,5,1858,265.43,61.08,61,5.09,-140,543,-0.26,5926,1.65,adult,NP,NA,NA,NA,NA,NA,NA
VRUB,5769,N,M,POLLUX,N,92,1983-04-16,4,NA,CB,Duke Lemur Center,2,103,1983-01-03,1,544,PERSEPHONE,VRUB,1968-04-28,14.69,3530,TELLUS,VRUB,1975-05-17,7.64,1999-05-25,16.12,NA,NA,16.12,3,NA,3187,1986-01-09,1,999,142.71,32.84,32,2.74,-36,32,-1.13,4884,1.65,young_adult,NP,NA,NA,NA,NA,NA,NA
ERUF,5781,N,M,REDNECK,N,1010,1983-04-22,4,NA,CB,Duke Lemur Center,1,120,1982-12-23,12,4546,CINNABAR,ERUF,1979-04-05,3.72,4503,RUBRIC,ERUF,1968-10-01,14.24,NA,NA,NA,10.54,10.54,NA,NA,2070,1990-05-31,5,2596,370.86,85.35,85,7.11,-283,195,-1.45,NA,1.55,adult,NP,NA,NA,NA,NA,NA,NA
ERUF,5783,N,F,RED LAKE,N,1011,1983-04-24,4,NA,CB,Duke Lemur Center,1,120,1982-12-25,12,5564,CRIMSON,ERUF,1979-02-10,3.87,3598,REDTOP,ERUF,1974-03-15,8.79,NA,NA,NA,24.37,24.37,13,NA,2608,1989-11-17,11,2399,342.71,78.87,78,6.57,779,769,1.01,NA,1.55,adult,NP,NA,NA,NA,NA,NA,NA
VRUB,5784,N,M,ARCTURUS,N,98,1983-04-26,4,NA,CB,Duke Lemur Center,1,103,1983-01-13,1,5630,HIMALIA,VRUB,1981-05-19,1.65,3530,TELLUS,VRUB,1975-05-17,7.67,2005-08-12,22.31,NA,NA,22.31,NA,NA,2524,1984-06-01,6,402,57.43,13.22,13,1.1,-50,28,-1.79,7742,1.65,IJ,NP,NA,NA,NA,NA,NA,NA
VRUB,5790,N,M,JOVE,N,99,1983-04-27,4,NA,CB,Duke Lemur Center,1,103,1983-01-14,1,5587,CYNTHIA,VRUB,1981-03-30,1.79,3569,JUPITER,VRUB,1978-04-21,4.74,2009-01-30,25.78,NA,NA,25.78,10,NA,3146,1991-05-03,5,2928,418.29,96.26,96,8.02,-722,262,-2.76,6482,1.65,adult,NP,NA,NA,NA,NA,NA,NA
VRUB,5791,N,M,GEOS,N,100,1983-04-27,4,NA,CB,Duke Lemur Center,2,103,1983-01-14,1,5539,DIANA,VRUB,1980-05-04,2.7,5560,PLUTO III,VRUB,1977-05-28,5.64,1989-07-09,6.21,NA,NA,6.21,NA,NA,2787,1983-12-05,12,222,31.71,7.3,7,0.61,2552,209,12.21,2043,1.65,IJ,NP,NA,NA,NA,NA,NA,NA
VRUB,5792,N,F,GE,N,101,1983-04-27,4,NA,CB,Duke Lemur Center,2,103,1983-01-14,1,5539,DIANA,VRUB,1980-05-04,2.7,5560,PLUTO III,VRUB,1977-05-28,5.64,2013-04-04,29.96,NA,NA,29.96,NA,NA,2887,1985-04-15,4,719,102.71,23.64,23,1.97,454,497,0.91,10216,1.65,young_adult,NP,NA,NA,NA,NA,NA,NA
ERUF,5799,N,F,COCHINEAL,N,1023,1983-05-08,5,NA,CB,Duke Lemur Center,1,120,1983-01-08,1,4502,OCHRE,ERUF,1968-10-01,14.28,515,THURBER,ERUF,1958-10-01,24.29,NA,NA,NA,3.67,3.67,NA,NA,2293,1986-04-04,4,1062,151.71,34.92,34,2.91,NA,NA,NA,NA,1.55,young_adult,NP,NA,NA,NA,NA,NA,NA
ERUF,5841,N,F,BARBAROSA,N,1058,1984-03-16,3,NA,CB,Duke Lemur Center,1,120,1983-11-17,11,5670,ALIZARIN,ERUF,1982-04-05,1.62,5567,REDCAP,ERUF,1981-02-26,2.72,NA,NA,NA,11.95,11.95,7,NA,2377,1992-10-07,10,3127,446.71,102.81,102,8.57,-13,78,-0.17,NA,1.55,adult,NP,NA,NA,NA,NA,NA,NA
ERUF,5843,N,F,INFRARED,N,1059,1984-03-17,3,NA,CB,Duke Lemur Center,1,120,1983-11-18,11,4502,OCHRE,ERUF,1968-10-01,15.14,5820,L.P.,ERUF,1966-03-22,17.67,NA,NA,NA,4.22,4.22,1,NA,2583,1987-08-28,8,1259,179.86,41.39,41,3.45,431,511,0.84,NA,1.55,adult,NP,NA,NA,NA,NA,NA,NA
ERUF,5863,N,F,RED HOT,N,1072,1984-03-29,3,NA,CB,Duke Lemur Center,1,120,1983-11-30,11,5660,HENNA,ERUF,1982-03-17,1.71,5820,L.P.,ERUF,1966-03-22,17.7,2008-06-19,24.24,NA,NA,24.24,NA,NA,2052,1986-04-04,4,736,105.14,24.2,24,2.02,277,109,2.54,8112,1.55,young_adult,NP,NA,NA,NA,NA,NA,NA
ERUF,587,N,F,HEBE,N,333,1971-04-13,4,NA,CB,Duke Lemur Center,1,120,1970-12-14,12,510,CALO,ERUF,1958-10-01,12.21,515,THURBER,ERUF,1958-10-01,12.21,NA,NA,NA,23.66,23.66,3,NA,1580,1972-03-29,3,351,50.14,11.54,11,0.96,NA,NA,NA,NA,1.55,IJ,NP,NA,NA,NA,NA,NA,NA
VRUB,5874,N,F,SATURNILLA,N,118,1984-04-06,4,NA,CB,Duke Lemur Center,1,103,1983-12-25,12,524,SATURNA,VRUB,1959-10-01,24.25,3569,JUPITER,VRUB,1978-04-21,5.68,1989-07-26,5.31,NA,NA,5.31,3,NA,2238,1985-03-03,3,331,47.29,10.88,10,0.91,431,11,39.18,1606,1.65,IJ,NP,NA,NA,NA,NA,NA,NA
VRUB,5888,N,F,NERIED,N,124,1984-04-22,4,NA,CB,Duke Lemur Center,3,103,1984-01-10,1,5630,HIMALIA,VRUB,1981-05-19,2.65,3530,TELLUS,VRUB,1975-05-17,8.66,1994-10-26,10.52,NA,NA,10.52,NA,NA,717,1984-06-27,6,66,9.43,2.17,2,0.18,230,9,25.56,3773,1.65,IJ,NP,NA,NA,NA,NA,NA,NA
VRUB,5889,N,F,NEPTUNIA,N,125,1984-04-22,4,NA,CB,Duke Lemur Center,3,103,1984-01-10,1,5630,HIMALIA,VRUB,1981-05-19,2.65,3530,TELLUS,VRUB,1975-05-17,8.66,1994-06-01,10.12,NA,NA,10.12,NA,NA,3087,1985-05-30,5,403,57.57,13.25,13,1.1,1889,311,6.07,3289,1.65,IJ,NP,NA,NA,NA,NA,NA,NA
VRUB,5899,N,M,CETUS,N,141,1984-04-29,4,NA,CB,Duke Lemur Center,2,103,1984-01-17,1,5587,CYNTHIA,VRUB,1981-03-30,2.8,3569,JUPITER,VRUB,1978-04-21,5.75,2010-04-19,25.99,NA,NA,25.99,NA,NA,2792,1986-11-21,11,936,133.71,30.77,30,2.56,573,581,0.99,8550,1.65,young_adult,NP,NA,NA,NA,NA,NA,NA
VRUB,5900,N,F,CARME,N,142,1984-04-29,4,NA,CB,Duke Lemur Center,2,103,1984-01-17,1,5587,CYNTHIA,VRUB,1981-03-30,2.8,3569,JUPITER,VRUB,1978-04-21,5.75,2014-06-01,30.11,NA,NA,30.11,8,NA,2679,1985-04-19,4,355,50.71,11.67,11,0.97,NA,NA,NA,10635,1.65,IJ,NP,NA,NA,NA,NA,NA,NA
VRUB,5930,N,M,ALPHA CENTAURI,N,145,1984-05-14,5,NA,CB,Duke Lemur Center,3,103,1984-02-01,2,5539,DIANA,VRUB,1980-05-04,3.75,5827,NOVA,VRUB,1980-05-11,3.73,1990-08-22,6.28,NA,NA,6.28,NA,NA,3619,1989-10-17,10,1982,283.14,65.16,65,5.43,1063,84,12.65,309,1.65,adult,NP,NA,NA,NA,NA,NA,NA
VRUB,5931,N,F,OMEGA,N,146,1984-05-14,5,NA,CB,Duke Lemur Center,3,103,1984-02-01,2,5539,DIANA,VRUB,1980-05-04,3.75,5827,NOVA,VRUB,1980-05-11,3.73,2004-10-17,20.44,NA,NA,20.44,NA,NA,2447,1985-04-15,4,336,48,11.05,11,0.92,NA,NA,NA,7125,1.65,IJ,NP,NA,NA,NA,NA,NA,NA
VRUB,5932,N,F,ALPHECCA,N,147,1984-05-14,5,NA,CB,Duke Lemur Center,3,103,1984-02-01,2,5539,DIANA,VRUB,1980-05-04,3.75,5827,NOVA,VRUB,1980-05-11,3.73,2002-01-08,17.67,NA,NA,17.67,NA,NA,2684,1985-04-15,4,336,48,11.05,11,0.92,NA,NA,NA,6112,1.65,IJ,NP,NA,NA,NA,NA,NA,NA
ERUF,5963,N,F,BLAZE,N,1121,1985-03-09,3,NA,CB,Duke Lemur Center,1,120,1984-11-09,11,5783,RED LAKE,ERUF,1983-04-24,1.55,5728,REDROVER,ERUF,1982-03-01,2.7,NA,NA,NA,3.75,3.75,NA,NA,1698,1986-04-03,4,390,55.71,12.82,12,1.07,NA,NA,NA,NA,1.55,IJ,NP,NA,NA,NA,NA,NA,NA
PCOQ,597,N,M,NIGEL,N,114,1972-02-10,2,NA,CB,Duke Lemur Center,1,160,1971-09-03,9,590,CHARLOTTE,PCOQ,1960-07-01,11.18,591,REGINALD,PCOQ,1965-07-01,6.18,2002-09-05,30.59,NA,NA,30.59,14,NA,3899.5,1982-01-07,1,3619,517,118.98,118,9.92,32,22,1.43,7546,2.64,adult,NP,NA,NA,NA,NA,NA,NA
PCOQ,599,N,F,MANGO,N,116,1974-02-21,2,NA,CB,Duke Lemur Center,1,160,1973-09-14,9,593,EDITH,PCOQ,1966-07-01,7.21,592,SACHEVERELL,PCOQ,1966-07-01,7.21,1975-10-29,1.68,NA,NA,1.68,NA,NA,2010,1974-10-10,10,231,33,7.59,7,0.63,1085,90,12.06,384,2.64,IJ,NP,NA,NA,NA,NA,NA,NA
VRUB,6000,N,M,URANUS,N,166,1985-04-25,4,NA,CB,Duke Lemur Center,1,103,1985-01-12,1,5539,DIANA,VRUB,1980-05-04,4.7,5827,NOVA,VRUB,1980-05-11,4.68,2006-01-06,20.72,NA,NA,20.72,NA,NA,2990,1995-02-24,2,3592,513.14,118.09,118,9.84,-40,178,-0.22,3969,1.65,adult,NP,NA,NA,NA,NA,NA,NA
VRUB,6001,N,M,CHARON,N,167,1985-04-27,4,NA,CB,Duke Lemur Center,2,103,1985-01-14,1,5699,PLUTONIA,VRUB,1982-05-08,2.69,3569,JUPITER,VRUB,1978-04-21,6.74,2012-07-31,27.28,NA,NA,27.28,NA,NA,3804,1988-06-30,6,1160,165.71,38.14,38,3.18,657,591,1.11,8797,1.65,young_adult,NP,NA,NA,NA,NA,NA,NA
VRUB,6002,N,M,JANUS,N,168,1985-04-27,4,NA,CB,Duke Lemur Center,2,103,1985-01-14,1,5699,PLUTONIA,VRUB,1982-05-08,2.69,3569,JUPITER,VRUB,1978-04-21,6.74,2000-06-16,15.15,NA,NA,15.15,NA,NA,3628,1988-06-30,6,1160,165.71,38.14,38,3.18,737,415,1.77,4369,1.65,young_adult,NP,NA,NA,NA,NA,NA,NA
VRUB,6008,N,F,IZAR,N,169,1985-05-03,5,NA,CB,Duke Lemur Center,3,103,1985-01-20,1,4575,VENUS II,VRUB,1979-05-01,5.73,5560,PLUTO III,VRUB,1977-05-28,7.65,2018-06-14,33.14,NA,NA,33.14,NA,NA,3428,1986-10-29,10,544,77.71,17.88,17,1.49,717,355,2.02,11551,1.65,IJ,NP,NA,NA,NA,NA,NA,NA
VRUB,6009,N,F,ARA,N,170,1985-05-03,5,NA,CB,Duke Lemur Center,3,103,1985-01-20,1,4575,VENUS II,VRUB,1979-05-01,5.73,5560,PLUTO III,VRUB,1977-05-28,7.65,2010-11-21,25.57,NA,NA,25.57,NA,NA,3868,1992-01-28,1,2461,351.57,80.91,80,6.74,214,1625,0.13,6872,1.65,adult,NP,NA,NA,NA,NA,NA,NA
VRUB,6010,N,F,ANCHA,N,171,1985-05-03,5,NA,CB,Duke Lemur Center,3,103,1985-01-20,1,4575,VENUS II,VRUB,1979-05-01,5.73,5560,PLUTO III,VRUB,1977-05-28,7.65,2013-03-06,27.86,NA,NA,27.86,NA,NA,3680,1992-05-06,5,2560,365.71,84.16,84,7.01,-202,99,-2.04,7609,1.65,adult,NP,NA,NA,NA,NA,NA,NA
VRUB,6014,N,M,ALGOL,N,173,1985-05-05,5,NA,CB,Duke Lemur Center,3,103,1985-01-22,1,5630,HIMALIA,VRUB,1981-05-19,3.68,5769,POLLUX,VRUB,1983-04-16,1.77,2003-10-26,18.49,NA,NA,18.49,NA,NA,677,1985-08-05,8,92,13.14,3.02,3,0.25,161,34,4.74,6656,1.65,IJ,NP,NA,NA,NA,NA,NA,NA
VRUB,6015,N,M,MENKIB,N,174,1985-05-05,5,NA,CB,Duke Lemur Center,3,103,1985-01-22,1,5630,HIMALIA,VRUB,1981-05-19,3.68,5769,POLLUX,VRUB,1983-04-16,1.77,1995-06-22,10.14,NA,NA,10.14,NA,NA,3759,1988-01-18,1,988,141.14,32.48,32,2.71,327,420,0.78,2712,1.65,young_adult,NP,NA,NA,NA,NA,NA,NA
VRUB,6016,N,F,COLUMBA,N,175,1985-05-05,5,NA,CB,Duke Lemur Center,3,103,1985-01-22,1,5630,HIMALIA,VRUB,1981-05-19,3.68,5769,POLLUX,VRUB,1983-04-16,1.77,2003-07-11,18.19,NA,NA,18.19,3,NA,3954,1987-12-15,12,954,136.29,31.36,31,2.61,409,124,3.3,5687,1.65,young_adult,NP,NA,NA,NA,NA,NA,NA
ERUF,6046,N,F,REDCOAT,N,1177,1986-03-04,3,NA,CB,Duke Lemur Center,1,120,1985-11-04,11,4507,ROUGE,ERUF,1977-02-27,8.69,5728,REDROVER,ERUF,1982-03-01,3.68,NA,NA,NA,2.25,2.25,NA,NA,2397,1988-05-23,5,811,115.86,26.66,26,2.22,2268,804,2.82,NA,1.55,young_adult,NP,NA,NA,NA,NA,NA,NA
ERUF,6055,N,F,FLARE,N,1182,1986-03-19,3,NA,CB,Duke Lemur Center,1,120,1985-11-19,11,1512,HEME,ERUF,1972-03-08,13.71,5529,SORREL,ERUF,1980-04-27,5.57,NA,NA,NA,32.67,32.67,5,NA,2229.5,1990-05-31,5,1534,219.14,50.43,50,4.2,214,71,3.01,NA,1.55,adult,NP,NA,NA,NA,NA,NA,NA
ERUF,6060,N,M,COLORADO,N,1184,1986-03-22,3,NA,CB,Duke Lemur Center,1,120,1985-11-22,11,5730,EMBER,ERUF,1983-03-03,2.73,MULT3,NA,NA,NA,NA,1990-10-10,4.56,NA,NA,4.56,NA,NA,2410,1989-11-17,11,1336,190.86,43.92,43,3.66,NA,NA,NA,327,1.55,adult,NP,NA,NA,NA,NA,NA,NA
VRUB,6066,N,M,CEPHEUS,N,183,1986-03-30,3,NA,CB,Duke Lemur Center,4,103,1985-12-17,12,4575,VENUS II,VRUB,1979-05-01,6.64,5560,PLUTO III,VRUB,1977-05-28,8.56,1998-11-14,12.64,NA,NA,12.64,NA,NA,2633,1986-10-11,10,195,27.86,6.41,6,0.53,NA,NA,NA,4417,1.65,IJ,NP,NA,NA,NA,NA,NA,NA
VRUB,6067,N,M,KOCHAB,N,184,1986-03-30,3,NA,CB,Duke Lemur Center,4,103,1985-12-17,12,4575,VENUS II,VRUB,1979-05-01,6.64,5560,PLUTO III,VRUB,1977-05-28,8.56,2002-10-30,16.6,NA,NA,16.6,NA,NA,2965,1986-10-11,10,195,27.86,6.41,6,0.53,NA,NA,NA,5863,1.65,IJ,NP,NA,NA,NA,NA,NA,NA
VRUB,6068,N,F,LACERTA,N,185,1986-03-30,3,NA,CB,Duke Lemur Center,4,103,1985-12-17,12,4575,VENUS II,VRUB,1979-05-01,6.64,5560,PLUTO III,VRUB,1977-05-28,8.56,2008-02-21,21.91,NA,NA,21.91,NA,NA,3532,1987-12-05,12,615,87.86,20.22,20,1.68,803,420,1.91,7383,1.65,young_adult,NP,NA,NA,NA,NA,NA,NA
VRUB,6069,N,F,COMA,N,186,1986-03-30,3,NA,CB,Duke Lemur Center,4,103,1985-12-17,12,4575,VENUS II,VRUB,1979-05-01,6.64,5560,PLUTO III,VRUB,1977-05-28,8.56,2005-01-25,18.84,NA,NA,18.84,1,NA,2565,1986-10-11,10,195,27.86,6.41,6,0.53,NA,NA,NA,6681,1.65,IJ,NP,NA,NA,NA,NA,NA,NA
ERUF,6070,N,M,REDSKIN,N,1190,1986-03-30,3,NA,CB,Duke Lemur Center,2,120,1985-11-30,11,5783,RED LAKE,ERUF,1983-04-24,2.61,5975,RUSTY II,ERUF,1983-04-29,2.59,2006-07-10,20.29,NA,NA,20.29,NA,NA,2128.5,1990-03-21,3,1452,207.43,47.74,47,3.98,144,124,1.16,5955,1.55,adult,NP,NA,NA,NA,NA,NA,NA
ERUF,6113,N,F,ANNATO,N,1220,1986-06-23,6,NA,CB,Duke Lemur Center,1,120,1986-02-23,2,5740,ROSIE,ERUF,1983-03-20,2.93,5728,REDROVER,ERUF,1982-03-01,3.99,NA,NA,NA,1.98,1.98,NA,NA,1652,1987-08-26,8,429,61.29,14.1,14,1.18,NA,NA,NA,NA,1.55,IJ,NP,NA,NA,NA,NA,NA,NA
PCOQ,6117,N,F,SABINA,N,136,1986-07-07,7,NA,CB,Duke Lemur Center,1,160,1986-01-28,1,6108,FLAVIA,PCOQ,1982-07-01,3.58,NA,NA,NA,NA,NA,1993-06-04,6.92,NA,NA,6.92,NA,NA,6969,1988-05-24,5,687,98.14,22.59,22,1.88,NA,NA,NA,1837,2.64,IJ,NP,NA,NA,NA,NA,NA,NA
PCOQ,6133,N,M,CLAUDIUS,N,137,1986-12-05,12,NA,CB,Duke Lemur Center,1,160,1986-06-28,6,5703,CORNELIA,PCOQ,1977-07-01,9,5944,TRAJAN,PCOQ,1980-07-01,5.99,1987-03-28,0.31,NA,NA,0.31,NA,NA,312,1987-03-13,3,98,14,3.22,3,0.27,NA,NA,NA,15,2.64,IJ,NP,NA,NA,NA,NA,NA,NA
ERUF,6137,N,M,FLASH,N,1236,1987-03-18,3,NA,CB,Duke Lemur Center,1,120,1986-11-18,11,5843,INFRARED,ERUF,1984-03-17,2.67,5975,RUSTY II,ERUF,1983-04-29,3.56,NA,NA,NA,8.95,8.95,1,NA,2361,1991-10-04,10,1661,237.29,54.61,54,4.55,178,491,0.36,NA,1.55,adult,NP,NA,NA,NA,NA,NA,NA
VRUB,6160,N,M,LYNX,N,228,1987-04-15,4,NA,CB,Duke Lemur Center,3,103,1987-01-02,1,6016,COLUMBA,VRUB,1985-05-05,1.66,5790,JOVE,VRUB,1983-04-27,3.69,NA,NA,NA,31.72,31.72,NA,NA,2501.5,1987-12-08,12,237,33.86,7.79,7,0.65,700,117,5.98,NA,1.65,IJ,NP,NA,NA,NA,NA,NA,NA
VRUB,6161,N,F,PASIPHAE,N,229,1987-04-15,4,NA,CB,Duke Lemur Center,3,103,1987-01-02,1,6016,COLUMBA,VRUB,1985-05-05,1.66,5790,JOVE,VRUB,1983-04-27,3.69,1999-01-12,11.75,NA,NA,11.75,NA,NA,1716,1987-08-13,8,120,17.14,3.95,3,0.33,NA,NA,NA,4170,1.65,IJ,NP,NA,NA,NA,NA,NA,NA
VRUB,6162,N,F,MIAPLACIDUS,N,230,1987-04-15,4,NA,CB,Duke Lemur Center,3,103,1987-01-02,1,6016,COLUMBA,VRUB,1985-05-05,1.66,5790,JOVE,VRUB,1983-04-27,3.69,1997-11-05,10.57,NA,NA,10.57,NA,NA,4013,1991-07-24,7,1561,223,51.32,51,4.28,639,828,0.77,2296,1.65,adult,NP,NA,NA,NA,NA,NA,NA
VRUB,6169,N,M,CRATER,N,238,1987-04-20,4,NA,CB,Duke Lemur Center,3,103,1987-01-07,1,5630,HIMALIA,VRUB,1981-05-19,5.64,5790,JOVE,VRUB,1983-04-27,3.7,2018-04-04,30.98,NA,NA,30.98,NA,NA,3200,1992-06-11,6,1879,268.43,61.78,61,5.15,-186,57,-3.26,9428,1.65,adult,NP,NA,NA,NA,NA,NA,NA
VRUB,6170,N,M,SCULPTOR,N,239,1987-04-20,4,NA,CB,Duke Lemur Center,3,103,1987-01-07,1,5630,HIMALIA,VRUB,1981-05-19,5.64,5790,JOVE,VRUB,1983-04-27,3.7,2017-04-15,30.01,NA,NA,30.01,NA,NA,3486,1992-04-15,4,1822,260.29,59.9,59,4.99,203,70,2.9,9131,1.65,adult,NP,NA,NA,NA,NA,NA,NA
VRUB,6171,N,F,MIMOSA II,N,240,1987-04-20,4,NA,CB,Duke Lemur Center,3,103,1987-01-07,1,5630,HIMALIA,VRUB,1981-05-19,5.64,5790,JOVE,VRUB,1983-04-27,3.7,2012-05-18,25.1,NA,NA,25.1,NA,NA,1661,1987-08-13,8,115,16.43,3.78,3,0.32,NA,NA,NA,9045,1.65,IJ,NP,NA,NA,NA,NA,NA,NA
VRUB,6173,N,F,BERENICES,N,252,1987-04-27,4,NA,CB,Duke Lemur Center,2,103,1987-01-14,1,5900,CARME,VRUB,1984-04-29,2.71,5768,CASTOR,VRUB,1983-04-16,3.75,2006-03-01,18.86,NA,NA,18.86,NA,NA,4031,1988-11-03,11,556,79.43,18.28,18,1.52,NA,NA,NA,6327,1.65,IJ,NP,NA,NA,NA,NA,NA,NA
VRUB,6174,N,F,MUSCA,N,253,1987-04-27,4,NA,CB,Duke Lemur Center,2,103,1987-01-14,1,5900,CARME,VRUB,1984-04-29,2.71,5768,CASTOR,VRUB,1983-04-16,3.75,2009-07-16,22.24,NA,NA,22.24,NA,NA,3596,1988-11-03,11,556,79.43,18.28,18,1.52,NA,NA,NA,7560,1.65,IJ,NP,NA,NA,NA,NA,NA,NA
ERUF,6176,N,M,AKAKO,N,1256,1987-04-30,4,NA,CB,Duke Lemur Center,1,120,1986-12-31,12,5841,BARBAROSA,ERUF,1984-03-16,2.79,MULT2,NA,NA,NA,NA,2006-10-21,19.49,NA,NA,19.49,NA,NA,2243,1990-05-31,5,1127,161,37.05,37,3.09,-167,195,-0.86,5987,1.55,young_adult,NP,NA,NA,NA,NA,NA,NA
PCOQ,6200,N,F,AURELIA,N,138,1987-12-08,12,NA,CB,Duke Lemur Center,1,160,1987-07-01,7,5703,CORNELIA,PCOQ,1977-07-01,10.01,5944,TRAJAN,PCOQ,1980-07-01,7,1991-07-12,3.59,NA,NA,3.59,NA,NA,1571,1988-07-28,7,233,33.29,7.66,7,0.64,NA,NA,NA,1079,2.64,IJ,NP,NA,NA,NA,NA,NA,NA
PCOQ,6207,N,M,Tiberius,N,140,1988-01-20,1,NA,CB,Duke Lemur Center,1,160,1987-08-13,8,6109,OCTAVIA,PCOQ,1982-07-01,5.12,5945,HADRIAN,PCOQ,1982-07-01,5.12,2016-04-01,28.22,NA,NA,28.22,18,NA,3850,1995-05-15,5,2672,381.71,87.85,87,7.32,-20,17,-1.18,7627,2.64,adult,NP,NA,NA,NA,NA,NA,NA
ERUF,6232,N,F,SINDHI,N,1302,1988-04-21,4,NA,CB,Duke Lemur Center,1,120,1987-12-23,12,6055,FLARE,ERUF,1986-03-19,1.76,MULT2,NA,NA,NA,NA,1991-06-24,3.18,NA,NA,3.18,1,NA,2240,1989-11-17,11,575,82.14,18.9,18,1.58,NA,NA,NA,584,1.55,young_adult,P,120,1989-10-24,1990-02-21,96,0.8,1
VRUB,6240,N,M,Borealis,Y,287,1988-04-30,4,NA,CB,Duke Lemur Center,3,103,1988-01-18,1,5587,CYNTHIA,VRUB,1981-03-30,6.81,5768,CASTOR,VRUB,1983-04-16,4.76,NA,NA,30.79,NA,30.79,2,NA,3590,1995-10-06,10,2715,387.86,89.26,89,7.44,240,78,3.08,NA,1.65,adult,NP,NA,NA,NA,NA,NA,NA
VRUB,6241,N,M,TROMDENUS,N,288,1988-04-30,4,NA,CB,Duke Lemur Center,3,103,1988-01-18,1,5587,CYNTHIA,VRUB,1981-03-30,6.81,5768,CASTOR,VRUB,1983-04-16,4.76,2008-03-18,19.9,NA,NA,19.9,9,NA,3370,1998-01-20,1,3552,507.43,116.78,116,9.73,-30,71,-0.42,3710,1.65,adult,NP,NA,NA,NA,NA,NA,NA
VRUB,6242,N,F,CORONA,N,289,1988-04-30,4,NA,CB,Duke Lemur Center,3,103,1988-01-18,1,5587,CYNTHIA,VRUB,1981-03-30,6.81,5768,CASTOR,VRUB,1983-04-16,4.76,2004-02-15,15.81,NA,NA,15.81,NA,NA,3165,1991-12-04,12,1313,187.57,43.17,43,3.6,-222,79,-2.81,4456,1.65,adult,NP,NA,NA,NA,NA,NA,NA
VRUB,6245,N,M,JOVEN,N,294,1988-05-03,5,NA,CB,Duke Lemur Center,2,103,1988-01-21,1,5630,HIMALIA,VRUB,1981-05-19,6.68,5790,JOVE,VRUB,1983-04-27,4.74,2013-08-02,25.27,NA,NA,25.27,NA,NA,3410,1992-09-04,9,1585,226.43,52.11,52,4.34,-150,85,-1.76,7637,1.65,adult,NP,NA,NA,NA,NA,NA,NA
PCOQ,6273,N,F,LUCIA,N,142,1989-03-15,3,NA,CB,Duke Lemur Center,1,160,1988-10-06,10,6109,OCTAVIA,PCOQ,1982-07-01,6.27,5945,HADRIAN,PCOQ,1982-07-01,6.27,1999-10-03,10.56,NA,NA,10.56,8,NA,3950,1994-03-15,3,1826,260.86,60.03,60,5,70,68,1.03,2028,2.64,young_adult,NP,NA,NA,NA,NA,NA,NA
ERUF,6282,N,F,APPLE,N,1324,1989-03-16,3,NA,CB,Duke Lemur Center,2,120,1988-11-16,11,5783,RED LAKE,ERUF,1983-04-24,5.57,6137,FLASH,ERUF,1987-03-18,1.67,NA,NA,NA,1.31,1.31,NA,NA,1701,1989-11-17,11,246,35.14,8.09,8,0.67,NA,NA,NA,NA,1.55,IJ,NP,NA,NA,NA,NA,NA,NA
ERUF,6287,N,M,RAGE,N,1327,1989-03-19,3,NA,CB,Duke Lemur Center,1,120,1988-11-19,11,5841,BARBAROSA,ERUF,1984-03-16,4.68,5529,SORREL,ERUF,1980-04-27,8.57,2002-12-10,13.74,NA,NA,13.74,NA,NA,2020,1999-03-16,3,3649,521.29,119.97,119,10,-130,54,-2.41,1365,1.55,adult,NP,NA,NA,NA,NA,NA,NA
VRUB,6303,N,F,CERES,N,339,1989-04-18,4,NA,CB,Duke Lemur Center,3,103,1989-01-05,1,5587,CYNTHIA,VRUB,1981-03-30,7.78,5629,PHOENIX,VRUB,1981-05-19,7.64,2012-01-31,22.8,NA,NA,22.8,NA,NA,2820,1990-11-14,11,575,82.14,18.9,18,1.58,NA,NA,NA,7748,1.65,IJ,NP,NA,NA,NA,NA,NA,NA
VRUB,6304,N,F,INDUS,N,340,1989-04-18,4,NA,CB,Duke Lemur Center,3,103,1989-01-05,1,5587,CYNTHIA,VRUB,1981-03-30,7.78,5629,PHOENIX,VRUB,1981-05-19,7.64,1998-09-30,9.46,NA,NA,9.46,NA,NA,2869,1991-05-31,5,773,110.43,25.41,25,2.12,-163,198,-0.82,2679,1.65,young_adult,NP,NA,NA,NA,NA,NA,NA
ERUF,6306,N,M,RORY,N,1337,1989-04-18,4,NA,CB,Duke Lemur Center,1,120,1988-12-19,12,1512,HEME,ERUF,1972-03-08,16.79,MULT2,NA,NA,NA,NA,NA,NA,NA,29.64,29.64,NA,NA,2290,1998-01-27,1,3206,458,105.4,105,8.78,-190,176,-1.08,NA,1.55,adult,NP,NA,NA,NA,NA,NA,NA
VRUB,6309,N,M,SEXTANS,N,341,1989-04-22,4,NA,CB,Duke Lemur Center,3,103,1989-01-09,1,5900,CARME,VRUB,1984-04-29,4.7,5698,HERMES,VRUB,1982-05-08,6.68,2006-09-18,17.42,NA,NA,17.42,NA,NA,3392,1990-12-15,12,602,86,19.79,19,1.65,37,66,0.56,5756,1.65,IJ,NP,NA,NA,NA,NA,NA,NA
VRUB,6310,N,M,Alphard,N,342,1989-04-22,4,NA,CB,Duke Lemur Center,3,103,1989-01-09,1,5900,CARME,VRUB,1984-04-29,4.7,5698,HERMES,VRUB,1982-05-08,6.68,2013-03-13,23.91,NA,NA,23.91,5,NA,2980,1995-01-18,1,2097,299.57,68.94,68,5.75,-120,36,-3.33,6629,1.65,adult,NP,NA,NA,NA,NA,NA,NA
VRUB,6311,N,F,Antlia,N,343,1989-04-22,4,NA,CB,Duke Lemur Center,3,103,1989-01-09,1,5900,CARME,VRUB,1984-04-29,4.7,5698,HERMES,VRUB,1982-05-08,6.68,2018-08-06,29.31,NA,NA,29.31,NA,NA,3970,1997-05-01,5,2931,418.71,96.36,96,8.03,130,85,1.53,7767,1.65,adult,NP,NA,NA,NA,NA,NA,NA
VRUB,6313,N,F,PEACOCK,N,351,1989-04-29,4,NA,CB,Duke Lemur Center,1,103,1989-01-16,1,6205,Galaxy,VRUB,1984-10-01,4.3,6206,Comet,VRUB,1984-10-01,4.3,2013-06-06,24.12,NA,NA,24.12,1,NA,4440,1991-05-03,5,734,104.86,24.13,24,2.01,636,193,3.3,8070,1.65,young_adult,P,103,1991-01-22,1991-05-05,2,0.019417476,1
PCOQ,6333,N,M,CONSTANTINE,N,143,1989-12-28,12,NA,CB,Duke Lemur Center,1,160,1989-07-21,7,5703,CORNELIA,PCOQ,1977-07-01,12.06,5944,TRAJAN,PCOQ,1980-07-01,9.06,NA,NA,29.13,NA,29.13,21,NA,3530,1995-03-14,3,1902,271.71,62.53,62,5.21,-300,105,-2.86,NA,2.64,young_adult,NP,NA,NA,NA,NA,NA,NA
PCOQ,6334,N,M,FLAVIA-A,N,144,1990-01-17,1,NA,CB,Duke Lemur Center,1,160,1989-08-10,8,6108,FLAVIA,PCOQ,1982-07-01,7.12,597,NIGEL,PCOQ,1972-02-10,17.51,1990-03-19,0.17,NA,NA,0.17,NA,NA,182,1990-03-19,3,61,8.71,2.01,2,0.17,98,60,1.63,0,2.64,IJ,NP,NA,NA,NA,NA,NA,NA
PCOQ,6336,N,F,CLAUDIA,N,145,1990-02-20,2,NA,CB,Duke Lemur Center,1,160,1989-09-13,9,6109,OCTAVIA,PCOQ,1982-07-01,7.21,5945,HADRIAN,PCOQ,1982-07-01,7.21,1992-05-16,2.24,NA,NA,2.24,NA,NA,1149,1990-07-16,7,146,20.86,4.8,4,0.4,1052,146,7.2,670,2.64,IJ,NP,NA,NA,NA,NA,NA,NA
ERUF,6350,N,M,REDBEARD,N,1356,1990-03-19,3,NA,CB,Duke Lemur Center,2,120,1989-11-19,11,5783,RED LAKE,ERUF,1983-04-24,6.58,MULT3,NA,NA,NA,NA,NA,NA,NA,5.94,5.94,NA,NA,1730,1996-02-23,2,2167,309.57,71.24,71,5.94,50,24,2.08,NA,1.55,adult,NP,NA,NA,NA,NA,NA,NA
VRUB,6372,N,M,RASALHAGUE,N,368,1990-04-20,4,NA,CB,Duke Lemur Center,3,103,1990-01-07,1,5587,CYNTHIA,VRUB,1981-03-30,8.78,5629,PHOENIX,VRUB,1981-05-19,8.64,2018-10-22,28.53,NA,NA,28.53,NA,NA,2593,1992-02-26,2,677,96.71,22.26,22,1.85,173,50,3.46,9735,1.65,young_adult,NP,NA,NA,NA,NA,NA,NA
VRUB,6376,N,F,EUNOMIA,N,372,1990-04-28,4,NA,CB,Duke Lemur Center,3,103,1990-01-15,1,5630,HIMALIA,VRUB,1981-05-19,8.67,5827,NOVA,VRUB,1980-05-11,9.69,1999-09-10,9.38,NA,NA,9.38,NA,NA,3750,1994-12-13,12,1690,241.43,55.56,55,4.63,50,104,0.48,1732,1.65,adult,NP,NA,NA,NA,NA,NA,NA
VRUB,6377,N,F,NUNKI,N,373,1990-04-28,4,NA,CB,Duke Lemur Center,3,103,1990-01-15,1,5630,HIMALIA,VRUB,1981-05-19,8.67,5827,NOVA,VRUB,1980-05-11,9.69,2011-12-23,21.67,NA,NA,21.67,NA,NA,4550,1992-11-18,11,935,133.57,30.74,30,2.56,804,377,2.13,6974,1.65,young_adult,NP,NA,NA,NA,NA,NA,NA
VRUB,6378,N,F,DIPHDA,N,374,1990-04-28,4,NA,CB,Duke Lemur Center,3,103,1990-01-15,1,5630,HIMALIA,VRUB,1981-05-19,8.67,5827,NOVA,VRUB,1980-05-11,9.69,2010-02-15,19.82,NA,NA,19.82,NA,NA,2800,1996-04-16,4,2180,311.43,71.67,71,5.97,-450,132,-3.41,5053,1.65,adult,NP,NA,NA,NA,NA,NA,NA
VRUB,6379,N,M,HERCULES,N,378,1990-04-29,4,NA,CB,Duke Lemur Center,3,103,1990-01-16,1,5900,CARME,VRUB,1984-04-29,5.72,5698,HERMES,VRUB,1982-05-08,7.7,2004-08-03,14.27,NA,NA,14.27,NA,NA,2924,1991-12-05,12,585,83.57,19.23,19,1.6,990,421,2.35,4625,1.65,IJ,NP,NA,NA,NA,NA,NA,NA
VRUB,6380,N,F,ENIF,N,379,1990-04-29,4,NA,CB,Duke Lemur Center,3,103,1990-01-16,1,5900,CARME,VRUB,1984-04-29,5.72,5698,HERMES,VRUB,1982-05-08,7.7,2008-08-19,18.32,NA,NA,18.32,NA,NA,2470,1991-01-28,1,274,39.14,9.01,9,0.75,336,110,3.05,6413,1.65,IJ,NP,NA,NA,NA,NA,NA,NA
VRUB,6381,N,F,SABIK,N,380,1990-04-29,4,NA,CB,Duke Lemur Center,3,103,1990-01-16,1,5900,CARME,VRUB,1984-04-29,5.72,5698,HERMES,VRUB,1982-05-08,7.7,2006-11-20,16.57,NA,NA,16.57,NA,NA,3340,1993-04-21,4,1088,155.43,35.77,35,2.98,-300,168,-1.79,4961,1.65,young_adult,NP,NA,NA,NA,NA,NA,NA
PCOQ,6398,N,F,PAULINA,N,147,1991-01-24,1,NA,CB,Duke Lemur Center,1,160,1990-08-17,8,6108,FLAVIA,PCOQ,1982-07-01,8.13,597,NIGEL,PCOQ,1972-02-10,18.53,2006-08-29,15.61,NA,NA,15.61,11,NA,3660,2000-02-08,2,3302,471.71,108.56,108,9.05,-300,5,-60,2394,2.64,adult,NP,NA,NA,NA,NA,NA,NA
PCOQ,6399,N,M,MAXIMIAN,N,148,1991-03-09,3,NA,CB,Duke Lemur Center,1,160,1990-09-30,9,6109,OCTAVIA,PCOQ,1982-07-01,8.25,5945,HADRIAN,PCOQ,1982-07-01,8.25,1992-07-27,1.39,NA,NA,1.39,NA,NA,547,1991-06-17,6,100,14.29,3.29,3,0.27,-11,4,-2.75,406,2.64,IJ,NP,NA,NA,NA,NA,NA,NA
ERUF,6400,N,M,CARMINE,N,1374,1991-03-11,3,NA,CB,Duke Lemur Center,1,120,1990-11-11,11,6055,FLARE,ERUF,1986-03-19,4.65,MULT5,NA,NA,NA,NA,2003-09-07,12.5,NA,NA,12.5,NA,NA,2040,1995-12-13,12,1738,248.29,57.14,57,4.76,183,701,0.26,2825,1.55,adult,NP,NA,NA,NA,NA,NA,NA
ERUF,6401,N,F,RADISH,N,1375,1991-03-12,3,NA,CB,Duke Lemur Center,1,120,1990-11-12,11,4507,ROUGE,ERUF,1977-02-27,13.72,MULT4,NA,NA,NA,NA,NA,NA,NA,27.82,27.82,2,NA,1680,1995-10-18,10,1681,240.14,55.27,55,4.61,60,57,1.05,NA,1.55,adult,NP,NA,NA,NA,NA,NA,NA
VRUB,6422,N,M,DORADO,N,406,1991-04-14,4,NA,CB,Duke Lemur Center,3,103,1991-01-01,1,5630,HIMALIA,VRUB,1981-05-19,9.63,MULT2,NA,NA,NA,NA,NA,NA,NA,14.36,14.36,NA,NA,3630,1994-05-31,5,1143,163.29,37.58,37,3.13,460,85,5.41,NA,1.65,young_adult,NP,NA,NA,NA,NA,NA,NA
VRUB,6423,N,F,DENEBOLA,N,407,1991-04-14,4,NA,CB,Duke Lemur Center,3,103,1991-01-01,1,5630,HIMALIA,VRUB,1981-05-19,9.63,MULT2,NA,NA,NA,NA,2009-03-04,17.9,NA,NA,17.9,NA,NA,3890,1995-02-22,2,1410,201.43,46.36,46,3.86,360,62,5.81,5124,1.65,adult,NP,NA,NA,NA,NA,NA,NA
VRUB,6424,N,F,DEMBOWSKA,N,408,1991-04-14,4,NA,CB,Duke Lemur Center,3,103,1991-01-01,1,5630,HIMALIA,VRUB,1981-05-19,9.63,MULT2,NA,NA,NA,NA,2008-04-19,17.03,NA,NA,17.03,NA,NA,3540,1995-06-27,6,1535,219.29,50.47,50,4.21,30,154,0.19,4680,1.65,adult,NP,NA,NA,NA,NA,NA,NA
VRUB,6428,N,M,WOLF 359,N,411,1991-04-26,4,NA,CB,Duke Lemur Center,2,103,1991-01-13,1,5587,CYNTHIA,VRUB,1981-03-30,9.8,5629,PHOENIX,VRUB,1981-05-19,9.66,2013-09-06,22.38,NA,NA,22.38,NA,NA,3430,1995-08-23,8,1580,225.71,51.95,51,4.33,-410,57,-7.19,6589,1.65,adult,NP,NA,NA,NA,NA,NA,NA
VRUB,6437,N,F,ALUDRA,N,433,1991-05-20,5,NA,CB,Duke Lemur Center,1,103,1991-02-06,2,6205,Galaxy,VRUB,1984-10-01,6.35,6206,Comet,VRUB,1984-10-01,6.35,NA,NA,NA,27.15,27.15,1,NA,3520,1995-05-02,5,1443,206.14,47.44,47,3.95,-70,5,-14,NA,1.65,adult,NP,NA,NA,NA,NA,NA,NA
VRUB,6446,N,M,TOROS,N,442,1991-06-17,6,NA,CB,Duke Lemur Center,2,103,1991-03-06,3,6203,STAR,VRUB,1984-10-01,6.43,5768,CASTOR,VRUB,1983-04-16,7.89,2014-01-06,22.57,NA,NA,22.57,3,NA,3580,1996-05-14,5,1793,256.14,58.95,58,4.91,-230,27,-8.52,6446,1.65,adult,NP,NA,NA,NA,NA,NA,NA
VRUB,6447,N,F,PIAZZIA,N,443,1991-06-17,6,NA,CB,Duke Lemur Center,2,103,1991-03-06,3,6203,STAR,VRUB,1984-10-01,6.43,5768,CASTOR,VRUB,1983-04-16,7.89,2014-05-28,22.96,NA,NA,22.96,NA,NA,3180,1995-11-02,11,1599,228.43,52.57,52,4.38,10,35,0.29,6782,1.65,adult,NP,NA,NA,NA,NA,NA,NA
PCOQ,6450,N,M,VALENTINIAN,N,149,1991-11-02,11,NA,CB,Duke Lemur Center,1,160,1991-05-26,5,5703,CORNELIA,PCOQ,1977-07-01,13.91,5944,TRAJAN,PCOQ,1980-07-01,10.91,2012-01-30,20.26,NA,NA,20.26,7,NA,3960,1995-03-08,3,1222,174.57,40.18,40,3.35,-60,35,-1.71,6172,2.64,young_adult,NP,NA,NA,NA,NA,NA,NA
ERUF,6455,N,M,RED BARON,N,1397,1992-03-01,3,NA,CB,Duke Lemur Center,1,120,1991-11-02,11,5783,RED LAKE,ERUF,1983-04-24,8.53,MULT3,NA,NA,NA,NA,NA,NA,NA,26.85,26.85,NA,NA,2050,1996-05-07,5,1528,218.29,50.24,50,4.19,290,83,3.49,NA,1.55,adult,NP,NA,NA,NA,NA,NA,NA
PCOQ,6456,N,F,CRISPINA,N,151,1992-03-02,3,NA,CB,Duke Lemur Center,1,160,1991-09-24,9,6108,FLAVIA,PCOQ,1982-07-01,9.24,597,NIGEL,PCOQ,1972-02-10,19.63,1995-06-07,3.27,NA,NA,3.27,NA,NA,3420,1995-03-29,3,1122,160.29,36.89,36,3.07,-20,2,-10,70,2.64,young_adult,NP,NA,NA,NA,NA,NA,NA
ERUF,6459,N,F,ROSELLA,N,1398,1992-03-08,3,NA,CB,Duke Lemur Center,1,120,1991-11-09,11,6055,FLARE,ERUF,1986-03-19,5.65,MULT5,NA,NA,NA,NA,2015-02-05,22.93,NA,NA,22.93,2,NA,2360,2001-11-27,11,3551,507.29,116.75,116,9.73,-230,20,-11.5,4818,1.55,adult,NP,NA,NA,NA,NA,NA,NA
VRUB,6492,N,M,MIRFAK,N,460,1992-05-08,5,NA,CB,Duke Lemur Center,2,103,1992-01-26,1,6205,Galaxy,VRUB,1984-10-01,7.32,6206,Comet,VRUB,1984-10-01,7.32,1994-11-19,2.53,NA,NA,2.53,NA,NA,2610,1993-03-10,3,306,43.71,10.06,10,0.84,50,56,0.89,619,1.65,IJ,NP,NA,NA,NA,NA,NA,NA
VRUB,6493,N,F,MURZIM,N,461,1992-05-08,5,NA,CB,Duke Lemur Center,2,103,1992-01-26,1,6205,Galaxy,VRUB,1984-10-01,7.32,6206,Comet,VRUB,1984-10-01,7.32,2010-04-14,17.95,NA,NA,17.95,2,NA,3720,1996-12-06,12,1673,239,55,55,4.58,250,233,1.07,4877,1.65,adult,NP,NA,NA,NA,NA,NA,NA
VRUB,6494,N,F,IRIS,N,462,1992-05-11,5,NA,CB,Duke Lemur Center,3,103,1992-01-29,1,5587,CYNTHIA,VRUB,1981-03-30,10.84,5629,PHOENIX,VRUB,1981-05-19,10.7,2017-02-03,24.75,NA,NA,24.75,NA,NA,2530,1999-08-17,8,2654,379.14,87.25,87,7.27,20,50,0.4,6380,1.65,adult,NP,NA,NA,NA,NA,NA,NA
VRUB,6495,N,F,JETHYS,N,463,1992-05-11,5,NA,CB,Duke Lemur Center,3,103,1992-01-29,1,5587,CYNTHIA,VRUB,1981-03-30,10.84,5629,PHOENIX,VRUB,1981-05-19,10.7,2018-11-08,26.51,NA,NA,26.51,NA,NA,2020,1993-05-12,5,366,52.29,12.03,12,1,140,65,2.15,9311,1.65,IJ,NP,NA,NA,NA,NA,NA,NA
VRUB,6496,N,M,SAGITTARIUS,N,464,1992-05-11,5,NA,CB,Duke Lemur Center,3,103,1992-01-29,1,5587,CYNTHIA,VRUB,1981-03-30,10.84,5629,PHOENIX,VRUB,1981-05-19,10.7,NA,NA,NA,26.42,26.42,NA,NA,1890,1992-10-27,10,169,24.14,5.56,5,0.46,1290,98,13.16,NA,1.65,IJ,NP,NA,NA,NA,NA,NA,NA
PCOQ,6517,N,F,PULCHRA,N,153,1993-02-28,2,NA,CB,Duke Lemur Center,1,160,1992-09-21,9,5703,CORNELIA,PCOQ,1977-07-01,15.24,5944,TRAJAN,PCOQ,1980-07-01,12.23,2007-12-15,14.8,NA,NA,14.8,13,NA,4620,1996-07-25,7,1243,177.57,40.87,40,3.41,280,71,3.94,4160,2.64,young_adult,NP,NA,NA,NA,NA,NA,NA
PCOQ,6518,N,M,Julian,Y,154,1993-03-04,3,NA,CB,Duke Lemur Center,1,160,1992-09-25,9,6108,FLAVIA,PCOQ,1982-07-01,10.24,597,NIGEL,PCOQ,1972-02-10,20.64,NA,NA,25.95,NA,25.95,14,NA,4180,1996-11-12,11,1349,192.71,44.35,44,3.7,50,14,3.57,NA,2.64,young_adult,NP,NA,NA,NA,NA,NA,NA
ERUF,6526,N,M,RED OAK,N,1422,1993-03-14,3,NA,CB,Duke Lemur Center,1,120,1992-11-14,11,5783,RED LAKE,ERUF,1983-04-24,9.57,MULT3,NA,NA,NA,NA,2017-08-09,24.42,NA,NA,24.42,NA,NA,2070,2001-05-29,5,2998,428.29,98.56,98,8.21,70,43,1.63,5916,1.55,adult,NP,NA,NA,NA,NA,NA,NA
PCOQ,6538,N,F,Drusilla,Y,156,1993-04-06,4,NA,CB,Duke Lemur Center,1,160,1992-10-28,10,6109,OCTAVIA,PCOQ,1982-07-01,10.33,5945,HADRIAN,PCOQ,1982-07-01,10.33,NA,NA,25.85,NA,25.85,16,NA,4440,1999-10-27,10,2395,342.14,78.74,78,6.56,220,57,3.86,NA,2.64,adult,P,160,1999-09-04,2000-02-11,107,0.66875,1
PCOQ,6560,N,M,SEVERUS,N,157,1993-09-11,9,NA,CB,Duke Lemur Center,1,160,1993-04-04,4,6273,LUCIA,PCOQ,1989-03-15,4.06,6333,CONSTANTINE,PCOQ,1989-12-28,3.27,1994-12-26,1.29,NA,NA,1.29,NA,NA,370,1993-11-23,11,73,10.43,2.4,2,0.2,140,27,5.19,398,2.64,IJ,NP,NA,NA,NA,NA,NA,NA
ERUF,6566,N,F,CRANBERRY,N,1432,1994-02-22,2,NA,CB,Duke Lemur Center,1,120,1993-10-25,10,5841,BARBAROSA,ERUF,1984-03-16,9.62,MULT5,NA,NA,NA,NA,NA,NA,NA,2.01,2.01,NA,NA,2020,1995-08-22,8,546,78,17.95,17,1.5,1212,404,3,NA,1.55,IJ,NP,NA,NA,NA,NA,NA,NA
ERUF,6581,N,F,REDWOOD,N,1433,1994-04-07,4,NA,CB,Duke Lemur Center,2,120,1993-12-08,12,5783,RED LAKE,ERUF,1983-04-24,10.63,MULT6,NA,NA,NA,NA,NA,NA,NA,24.67,24.67,NA,NA,567,1994-07-13,7,97,13.86,3.19,3,0.27,NA,NA,NA,NA,1.55,IJ,NP,NA,NA,NA,NA,NA,NA
ERUF,6582,N,F,STRAWBERRY,N,1434,1994-04-07,4,NA,CB,Duke Lemur Center,2,120,1993-12-08,12,5783,RED LAKE,ERUF,1983-04-24,10.63,MULT6,NA,NA,NA,NA,NA,NA,NA,13.41,13.41,NA,NA,2100,1999-11-10,11,2043,291.86,67.17,67,5.6,60,27,2.22,NA,1.55,adult,NP,NA,NA,NA,NA,NA,NA
PCOQ,6583,N,M,Jovian,N,160,1994-04-10,4,NA,CB,Duke Lemur Center,1,160,1993-11-01,11,6108,FLAVIA,PCOQ,1982-07-01,11.35,597,NIGEL,PCOQ,1972-02-10,21.74,2014-11-10,20.6,NA,NA,20.6,12,NA,3930,2004-03-30,3,3642,520.29,119.74,119,9.98,-10,42,-0.24,3877,2.64,adult,NP,NA,NA,NA,NA,NA,NA
VRUB,6590,N,M,Minias,Y,578,1994-04-26,4,NA,CB,Duke Lemur Center,2,103,1994-01-13,1,6203,STAR,VRUB,1984-10-01,9.29,6241,TROMDENUS,VRUB,1988-04-30,5.71,NA,NA,24.8,NA,24.8,3,NA,3140,1995-11-30,11,583,83.29,19.17,19,1.6,-90,63,-1.43,NA,1.65,IJ,NP,NA,NA,NA,NA,NA,NA
VRUB,6591,N,M,THETIS,N,579,1994-04-26,4,NA,CB,Duke Lemur Center,2,103,1994-01-13,1,6203,STAR,VRUB,1984-10-01,9.29,6241,TROMDENUS,VRUB,1988-04-30,5.71,NA,NA,NA,24.71,24.71,NA,NA,3820,1997-09-23,9,1246,178,40.96,40,3.41,50,83,0.6,NA,1.65,adult,NP,NA,NA,NA,NA,NA,NA
VRUB,6592,N,M,CHAMAELEON,N,581,1994-05-02,5,NA,CB,Duke Lemur Center,2,103,1994-01-19,1,6205,Galaxy,VRUB,1984-10-01,9.31,6206,Comet,VRUB,1984-10-01,9.31,NA,NA,NA,24.67,24.67,5,NA,2690,1994-09-20,9,141,20.14,4.64,4,0.39,NA,NA,NA,NA,1.65,IJ,NP,NA,NA,NA,NA,NA,NA
VRUB,6593,N,M,HYDRUS,N,582,1994-05-02,5,NA,CB,Duke Lemur Center,2,103,1994-01-19,1,6205,Galaxy,VRUB,1984-10-01,9.31,6206,Comet,VRUB,1984-10-01,9.31,2000-03-21,5.89,NA,NA,5.89,NA,NA,3610,1995-10-12,10,528,75.43,17.36,17,1.45,130,245,0.53,1622,1.65,IJ,NP,NA,NA,NA,NA,NA,NA
PCOQ,6608,N,M,OTHO,N,161,1994-09-12,9,NA,CB,Duke Lemur Center,1,160,1994-04-05,4,6273,LUCIA,PCOQ,1989-03-15,5.06,6333,CONSTANTINE,PCOQ,1989-12-28,4.27,2010-06-22,15.79,NA,NA,15.79,2,NA,2860,1996-05-31,5,627,89.57,20.61,20,1.72,-160,30,-5.33,5135,2.64,IJ,NP,NA,NA,NA,NA,NA,NA
PCOQ,6610,N,M,NERO,N,162,1994-12-04,12,NA,CB,Duke Lemur Center,1,160,1994-06-27,6,6110,MARCELLA,PCOQ,1984-07-01,9.99,6207,Tiberius,PCOQ,1988-01-20,6.44,2008-04-02,13.34,NA,NA,13.34,6,NA,3330,1999-07-06,7,1675,239.29,55.07,55,4.59,-210,21,-10,3193,2.64,young_adult,NP,NA,NA,NA,NA,NA,NA
ERUF,6612,N,F,POINSETTA,N,1484,1995-02-26,2,NA,CB,Duke Lemur Center,1,120,1994-10-29,10,5841,BARBAROSA,ERUF,1984-03-16,10.63,MULT3,NA,NA,NA,NA,NA,NA,NA,1,1,NA,NA,1400,1995-09-28,9,214,30.57,7.04,7,0.59,430,37,11.62,NA,1.55,IJ,NP,NA,NA,NA,NA,NA,NA
ERUF,6615,N,M,Cardinal II,Y,1486,1995-03-15,3,NA,CB,Duke Lemur Center,1,120,1994-11-15,11,5783,RED LAKE,ERUF,1983-04-24,11.57,MULT6,NA,NA,NA,NA,NA,NA,23.92,NA,23.92,1,NA,2380,2002-09-19,9,2745,392.14,90.25,90,7.52,200,48,4.17,NA,1.55,adult,NP,NA,NA,NA,NA,NA,NA
ERUF,6618,N,F,BEET,N,1487,1995-03-19,3,NA,CB,Duke Lemur Center,1,120,1994-11-19,11,6459,ROSELLA,ERUF,1992-03-08,2.7,MULT6,NA,NA,NA,NA,NA,NA,NA,17.92,17.92,NA,NA,1271,1995-12-13,12,269,38.43,8.84,8,0.74,-19,28,-0.68,NA,1.55,IJ,NP,NA,NA,NA,NA,NA,NA
ERUF,6624,N,F,Redbay,Y,1488,1995-03-24,3,NA,CB,Duke Lemur Center,1,120,1994-11-24,11,6055,FLARE,ERUF,1986-03-19,8.69,MULT6,NA,NA,NA,NA,NA,NA,23.89,NA,23.89,1,NA,2080,2002-03-26,3,2559,365.57,84.13,84,7.01,0,67,0,NA,1.55,adult,NP,NA,NA,NA,NA,NA,NA
PCOQ,6625,N,M,FLAVIA-B,N,164,1995-03-25,3,NA,CB,Duke Lemur Center,1,160,1994-10-16,10,6108,FLAVIA,PCOQ,1982-07-01,12.3,597,NIGEL,PCOQ,1972-02-10,22.7,1995-04-18,0.07,NA,NA,0.07,NA,NA,150,1995-04-11,4,17,2.43,0.56,0,0.05,23,7,3.21,7,2.64,IJ,NP,NA,NA,NA,NA,NA,NA
PCOQ,6628,N,F,GALERIA,N,165,1995-04-06,4,NA,CB,Duke Lemur Center,1,160,1994-10-28,10,6273,LUCIA,PCOQ,1989-03-15,5.62,6333,CONSTANTINE,PCOQ,1989-12-28,4.84,1995-06-21,0.21,NA,NA,0.21,NA,NA,190,1995-05-03,5,27,3.86,0.89,0,0.07,62,15,4.13,49,2.64,IJ,NP,NA,NA,NA,NA,NA,NA
VRUB,6633,N,F,Pyxis II,Y,601,1995-04-29,4,NA,CB,Duke Lemur Center,1,103,1995-01-16,1,6205,Galaxy,VRUB,1984-10-01,10.3,6206,Comet,VRUB,1984-10-01,10.3,NA,NA,23.79,NA,23.79,18,NA,3020,2003-12-01,12,3138,448.29,103.17,103,8.6,-420,83,-5.06,NA,1.65,adult,NP,NA,NA,NA,NA,NA,NA
PCOQ,6650,N,M,Gordian,Y,166,1995-12-17,12,NA,CB,Duke Lemur Center,1,160,1995-07-10,7,6273,LUCIA,PCOQ,1989-03-15,6.32,6333,CONSTANTINE,PCOQ,1989-12-28,5.53,NA,NA,23.16,NA,23.16,3,NA,3600,2005-11-07,11,3613,516.14,118.78,118,9.9,-20,21,-0.95,NA,2.64,adult,NP,NA,NA,NA,NA,NA,NA
PCOQ,6653,N,M,DIOCLETIAN,N,169,1996-02-19,2,NA,CB,Duke Lemur Center,1,160,1995-09-12,9,6108,FLAVIA,PCOQ,1982-07-01,13.21,597,NIGEL,PCOQ,1972-02-10,23.6,1996-04-09,0.14,NA,NA,0.14,NA,NA,144,1996-04-01,4,42,6,1.38,1,0.12,10,1,10,8,2.64,IJ,NP,NA,NA,NA,NA,NA,NA
ERUF,6663,N,M,RED WING,N,1498,1996-03-22,3,NA,CB,Duke Lemur Center,1,120,1995-11-23,11,5783,RED LAKE,ERUF,1983-04-24,12.59,MULT6,NA,NA,NA,NA,NA,NA,NA,11.45,11.45,NA,NA,1780,1997-08-08,8,504,72,16.57,16,1.38,70,121,0.58,NA,1.55,IJ,NP,NA,NA,NA,NA,NA,NA
ERUF,6666,N,F,RED DEVIL,N,1499,1996-03-26,3,NA,CB,Duke Lemur Center,1,120,1995-11-27,11,6459,ROSELLA,ERUF,1992-03-08,3.72,MULT6,NA,NA,NA,NA,NA,NA,NA,19.14,19.14,NA,NA,2400,1999-12-28,12,1372,196,45.11,45,3.76,360,70,5.14,NA,1.55,adult,NP,NA,NA,NA,NA,NA,NA
PCOQ,6667,N,M,DOMITIAN,N,170,1996-03-26,3,NA,CB,Duke Lemur Center,1,160,1995-10-18,10,6517,PULCHRA,PCOQ,1993-02-28,2.64,6207,Tiberius,PCOQ,1988-01-20,7.75,1996-07-28,0.34,NA,NA,0.34,NA,NA,410,1996-06-18,6,84,12,2.76,2,0.23,42,5,8.4,40,2.64,IJ,NP,NA,NA,NA,NA,NA,NA
VRUB,6684,N,M,Hunter,Y,617,1996-05-17,5,NA,CB,Duke Lemur Center,3,103,1996-02-04,2,6203,STAR,VRUB,1984-10-01,11.35,6241,TROMDENUS,VRUB,1988-04-30,7.77,NA,NA,22.74,NA,22.74,16,NA,2880,1997-04-18,4,336,48,11.05,11,0.92,-10,22,-0.45,NA,1.65,IJ,NP,NA,NA,NA,NA,NA,NA
VRUB,6685,N,F,UNICORN,N,618,1996-05-17,5,NA,CB,Duke Lemur Center,3,103,1996-02-04,2,6203,STAR,VRUB,1984-10-01,11.35,6241,TROMDENUS,VRUB,1988-04-30,7.77,2017-10-26,21.46,NA,NA,21.46,4,NA,2910,1997-04-18,4,336,48,11.05,11,0.92,160,22,7.27,7496,1.65,IJ,NP,NA,NA,NA,NA,NA,NA
PCOQ,6690,N,F,FAUSTINA,N,171,1996-12-08,12,NA,CB,Duke Lemur Center,1,160,1996-07-01,7,6398,PAULINA,PCOQ,1991-01-24,5.44,6450,VALENTINIAN,PCOQ,1991-11-02,4.67,2009-07-20,12.62,NA,NA,12.62,11,NA,511,1997-03-14,3,96,13.71,3.16,3,0.26,3,1,3,4511,2.64,IJ,NP,NA,NA,NA,NA,NA,NA
PCOQ,6692,N,F,ALEXIANUS,N,172,1996-12-17,12,NA,CB,Duke Lemur Center,1,160,1996-07-10,7,6110,MARCELLA,PCOQ,1984-07-01,12.03,5944,TRAJAN,PCOQ,1980-07-01,16.04,2005-05-26,8.44,NA,NA,8.44,3,NA,2400,1997-09-18,9,275,39.29,9.04,9,0.75,200,27,7.41,2807,2.64,IJ,NP,NA,NA,NA,NA,NA,NA
PCOQ,6696,N,F,Avita,N,174,1997-02-24,2,NA,CB,Duke Lemur Center,1,160,1996-09-17,9,6273,LUCIA,PCOQ,1989-03-15,7.52,6333,CONSTANTINE,PCOQ,1989-12-28,6.73,1998-07-14,1.38,NA,NA,1.38,NA,NA,2900,1998-07-14,7,505,72.14,16.6,16,1.38,0,1,0,0,2.64,IJ,NP,NA,NA,NA,NA,NA,NA
PCOQ,6723,N,F,LIVIA II,N,176,1998-01-31,1,NA,CB,Duke Lemur Center,1,160,1997-08-24,8,6110,MARCELLA,PCOQ,1984-07-01,13.16,5944,TRAJAN,PCOQ,1980-07-01,17.16,2004-06-24,6.4,NA,NA,6.4,1,NA,4340,2004-01-22,1,2182,311.71,71.74,71,5.98,-20,13,-1.54,154,2.64,adult,P,160,2003-09-11,2004-02-18,27,0.16875,1
PCOQ,6724,N,M,Eugenius,N,177,1998-02-07,2,NA,CB,Duke Lemur Center,1,160,1997-08-31,8,6538,Drusilla,PCOQ,1993-04-06,4.41,6518,Julian,PCOQ,1993-03-04,4.5,1999-07-14,1.43,NA,NA,1.43,NA,NA,740,1998-06-17,6,130,18.57,4.27,4,0.36,-60,1,-60,392,2.64,IJ,NP,NA,NA,NA,NA,NA,NA
PCOQ,6727,N,F,Antonia,N,178,1998-02-22,2,NA,CB,Duke Lemur Center,1,160,1997-09-15,9,6398,PAULINA,PCOQ,1991-01-24,6.65,6450,VALENTINIAN,PCOQ,1991-11-02,5.87,2017-05-23,19.26,NA,NA,19.26,4,NA,4260,2001-05-25,5,1188,169.71,39.06,39,3.25,-145,7,-20.71,5842,2.64,young_adult,NP,NA,NA,NA,NA,NA,NA
PCOQ,6741,N,M,CALIGULA,N,182,1998-12-19,12,NA,CB,Duke Lemur Center,1,160,1998-07-12,7,6273,LUCIA,PCOQ,1989-03-15,9.33,6333,CONSTANTINE,PCOQ,1989-12-28,8.54,NA,NA,20.15,NA,20.15,7,NA,650,1999-03-22,3,93,13.29,3.06,3,0.25,10,6,1.67,NA,2.64,IJ,NP,NA,NA,NA,NA,NA,NA
PCOQ,6743,N,F,Pia,N,183,1999-02-15,2,NA,CB,Duke Lemur Center,1,160,1998-09-08,9,6110,MARCELLA,PCOQ,1984-07-01,14.2,5944,TRAJAN,PCOQ,1980-07-01,18.2,2018-10-17,19.68,NA,NA,19.68,10,NA,2100,1999-09-22,9,219,31.29,7.2,7,0.6,490,15,32.67,6965,2.64,IJ,NP,NA,NA,NA,NA,NA,NA
PCOQ,6744,N,F,Rupillia,Y,184,1999-02-16,2,NA,CB,Duke Lemur Center,1,160,1998-09-09,9,6108,FLAVIA,PCOQ,1982-07-01,16.2,597,NIGEL,PCOQ,1972-02-10,26.6,NA,NA,19.99,NA,19.99,8,NA,3480,2002-02-07,2,1087,155.29,35.74,35,2.98,-140,19,-7.37,NA,2.64,young_adult,NP,NA,NA,NA,NA,NA,NA
PCOQ,6747,N,M,Phillip the Arab,N,185,1999-02-24,2,NA,CB,Duke Lemur Center,1,160,1998-09-17,9,6398,PAULINA,PCOQ,1991-01-24,7.65,6450,VALENTINIAN,PCOQ,1991-11-02,6.88,2014-10-09,15.63,NA,NA,15.63,5,NA,3290,2001-06-27,6,854,122,28.08,28,2.34,80,2,40,4852,2.64,IJ,NP,NA,NA,NA,NA,NA,NA
VRUB,6751,N,M,Rastoban,N,747,1999-05-17,5,NA,CB,Duke Lemur Center,2,103,1999-02-03,2,6203,STAR,VRUB,1984-10-01,14.35,6241,TROMDENUS,VRUB,1988-04-30,10.77,NA,NA,NA,19.54,19.54,NA,NA,990,1999-07-20,7,64,9.14,2.1,2,0.18,717,55,13.04,NA,1.65,IJ,NP,NA,NA,NA,NA,NA,NA
VRUB,6752,N,M,Kornephoros,N,748,1999-05-17,5,NA,CB,Duke Lemur Center,2,103,1999-02-03,2,6203,STAR,VRUB,1984-10-01,14.35,6241,TROMDENUS,VRUB,1988-04-30,10.77,2017-12-22,18.61,NA,NA,18.61,NA,NA,1000,1999-07-20,7,64,9.14,2.1,2,0.18,731,55,13.29,6730,1.65,IJ,NP,NA,NA,NA,NA,NA,NA
PCOQ,6757,N,M,ZENO,N,187,2000-02-02,2,NA,CB,Duke Lemur Center,1,160,1999-08-26,8,6398,PAULINA,PCOQ,1991-01-24,8.59,6610,NERO,PCOQ,1994-12-04,4.73,2011-10-15,11.71,NA,NA,11.71,4,NA,2760,2001-01-18,1,351,50.14,11.54,11,0.96,510,115,4.43,3922,2.64,IJ,NP,NA,NA,NA,NA,NA,NA
PCOQ,6758,N,F,EUDOXIA,N,188,2000-02-11,2,NA,CB,Duke Lemur Center,1,160,1999-09-04,9,6538,Drusilla,PCOQ,1993-04-06,6.42,5944,TRAJAN,PCOQ,1980-07-01,19.19,2017-01-10,16.93,NA,NA,16.93,4,NA,3460,2001-09-05,9,572,81.71,18.81,18,1.57,-120,9,-13.33,5606,2.64,IJ,NP,NA,NA,NA,NA,NA,NA
PCOQ,6759,N,M,MARIUS,N,189,2000-02-18,2,NA,CB,Duke Lemur Center,1,160,1999-09-11,9,6110,MARCELLA,PCOQ,1984-07-01,15.21,6518,Julian,PCOQ,1993-03-04,6.53,2004-07-15,4.41,NA,NA,4.41,NA,NA,420,2000-04-13,4,55,7.86,1.81,1,0.15,13,1,13,1554,2.64,IJ,NP,NA,NA,NA,NA,NA,NA
PCOQ,6774,N,M,BRUTUS,N,191,2001-02-28,2,NA,CB,Duke Lemur Center,1,160,2000-09-21,9,6398,PAULINA,PCOQ,1991-01-24,9.67,5944,TRAJAN,PCOQ,1980-07-01,20.24,2011-06-02,10.26,NA,NA,10.26,NA,NA,3870,2004-06-22,6,1210,172.86,39.78,39,3.32,220,57,3.86,2536,2.64,young_adult,NP,NA,NA,NA,NA,NA,NA
PCOQ,6777,N,F,ZENOBIA,N,192,2001-03-11,3,NA,CB,Duke Lemur Center,1,160,2000-10-02,10,6690,FAUSTINA,PCOQ,1996-12-08,3.82,6333,CONSTANTINE,PCOQ,1989-12-28,10.77,NA,NA,17.92,NA,17.92,7,NA,220,2001-04-11,4,31,4.43,1.02,1,0.08,11,3,3.67,NA,2.64,IJ,NP,NA,NA,NA,NA,NA,NA
PCOQ,6780,N,M,QUIETUS,N,193,2001-05-04,5,NA,CB,Duke Lemur Center,1,160,2000-11-25,11,6538,Drusilla,PCOQ,1993-04-06,7.64,597,NIGEL,PCOQ,1972-02-10,28.81,2003-08-10,2.27,NA,NA,2.27,NA,NA,2160,2001-12-20,12,230,32.86,7.56,7,0.63,100,31,3.23,598,2.64,IJ,NP,NA,NA,NA,NA,NA,NA
PCOQ,6790,N,M,Leo,N,195,2001-12-26,12,NA,CB,Duke Lemur Center,1,160,2001-07-19,7,6398,PAULINA,PCOQ,1991-01-24,10.49,5944,TRAJAN,PCOQ,1980-07-01,21.06,2011-06-27,9.51,NA,NA,9.51,NA,NA,3300,2004-04-26,4,852,121.71,28.01,28,2.33,-40,77,-0.52,2618,2.64,IJ,NP,NA,NA,NA,NA,NA,NA
PCOQ,6797,N,M,Gratian,N,198,2002-04-14,4,NA,CB,Duke Lemur Center,1,160,2001-11-05,11,6538,Drusilla,PCOQ,1993-04-06,8.59,597,NIGEL,PCOQ,1972-02-10,29.76,NA,NA,16.83,NA,16.83,7,NA,3380,2005-11-01,11,1297,185.29,42.64,42,3.55,80,27,2.96,NA,2.64,young_adult,NP,NA,NA,NA,NA,NA,NA
VRUB,6802,N,F,Little Dipper,N,949,2002-05-26,5,NA,CB,Duke Lemur Center,1,103,2002-02-12,2,6633,Pyxis II,VRUB,1995-04-29,6.8,6684,Hunter,VRUB,1996-05-17,5.75,NA,NA,NA,16.58,16.58,NA,NA,2760,2003-02-07,2,257,36.71,8.45,8,0.7,-80,31,-2.58,NA,1.65,IJ,NP,NA,NA,NA,NA,NA,NA
PCOQ,6804,N,M,Crispus Caesar,N,200,2003-01-07,1,NA,CB,Duke Lemur Center,1,160,2002-07-31,7,6398,PAULINA,PCOQ,1991-01-24,11.52,5944,TRAJAN,PCOQ,1980-07-01,22.1,2011-07-03,8.49,NA,NA,8.49,NA,NA,690,2003-04-01,4,84,12,2.76,2,0.23,50,8,6.25,3015,2.64,IJ,NP,NA,NA,NA,NA,NA,NA
PCOQ,6806,N,M,Rufus,N,202,2003-02-12,2,NA,CB,Duke Lemur Center,1,160,2002-09-05,9,6692,ALEXIANUS,PCOQ,1996-12-17,5.72,6583,Jovian,PCOQ,1994-04-10,8.41,2005-05-01,2.22,NA,NA,2.22,NA,NA,2690,2004-07-16,7,520,74.29,17.1,17,1.42,290,79,3.67,289,2.64,IJ,NP,NA,NA,NA,NA,NA,NA
PCOQ,6807,N,M,Theodosius,N,203,2003-03-03,3,NA,CB,Duke Lemur Center,1,160,2002-09-24,9,6538,Drusilla,PCOQ,1993-04-06,9.47,6518,Julian,PCOQ,1993-03-04,9.56,2012-11-27,9.75,NA,NA,9.75,1,NA,157,2003-03-21,3,18,2.57,0.59,0,0.05,6,2,3,3539,2.64,IJ,NP,NA,NA,NA,NA,NA,NA
PCOQ,6823,N,M,Maximus,N,206,2004-01-15,1,NA,CB,Duke Lemur Center,1,160,2003-08-08,8,6398,PAULINA,PCOQ,1991-01-24,12.55,5944,TRAJAN,PCOQ,1980-07-01,23.12,2009-07-18,5.51,NA,NA,5.51,NA,NA,3440,2006-04-28,4,834,119.14,27.42,27,2.28,80,52,1.54,1177,2.64,IJ,NP,NA,NA,NA,NA,NA,NA
PCOQ,6825,N,F,Geta,N,207,2004-02-08,2,NA,CB,Duke Lemur Center,1,160,2003-09-01,9,6692,ALEXIANUS,PCOQ,1996-12-17,6.71,6583,Jovian,PCOQ,1994-04-10,9.4,2007-05-25,3.29,NA,NA,3.29,NA,NA,1640,2004-08-23,8,197,28.14,6.48,6,0.54,120,7,17.14,1005,2.64,IJ,NP,NA,NA,NA,NA,NA,NA
PCOQ,6827,N,M,Marcus Aurelius,Y,208,2004-02-16,2,NA,CB,Duke Lemur Center,1,160,2003-09-09,9,6538,Drusilla,PCOQ,1993-04-06,10.43,6518,Julian,PCOQ,1993-03-04,10.52,NA,NA,14.98,NA,14.98,6,NA,346,2004-04-06,4,50,7.14,1.64,1,0.14,106,7,15.14,NA,2.64,IJ,NP,NA,NA,NA,NA,NA,NA
PCOQ,6828,N,F,Anastasia,N,209,2004-02-18,2,NA,CB,Duke Lemur Center,1,160,2003-09-11,9,6723,LIVIA II,PCOQ,1998-01-31,5.61,6650,Gordian,PCOQ,1995-12-17,7.74,NA,NA,14.98,NA,14.98,7,NA,700,2004-06-28,6,131,18.71,4.31,4,0.36,0,1,0,NA,2.64,IJ,NP,NA,NA,NA,NA,NA,NA
VRUB,6838,N,F,Carina,N,970,2004-05-11,5,NA,CB,Duke Lemur Center,2,103,2004-01-29,1,6633,Pyxis II,VRUB,1995-04-29,8.76,6684,Hunter,VRUB,1996-05-17,7.71,NA,NA,NA,14.56,14.56,5,NA,3300,2007-05-16,5,1100,157.14,36.16,36,3.01,-220,14,-15.71,NA,1.65,young_adult,NP,NA,NA,NA,NA,NA,NA
VRUB,6839,N,F,Cassiopea,N,971,2004-05-11,5,NA,CB,Duke Lemur Center,2,103,2004-01-29,1,6633,Pyxis II,VRUB,1995-04-29,8.76,6684,Hunter,VRUB,1996-05-17,7.71,NA,NA,NA,13.97,13.97,NA,NA,2740,2005-01-18,1,252,36,8.28,8,0.69,500,33,15.15,NA,1.65,IJ,NP,NA,NA,NA,NA,NA,NA
PCOQ,6843,N,M,Lucius Verus,N,212,2005-01-07,1,NA,CB,Duke Lemur Center,1,160,2004-07-31,7,6744,Rupillia,PCOQ,1999-02-16,5.46,6610,NERO,PCOQ,1994-12-04,9.66,2016-05-26,11.39,NA,NA,11.39,2,NA,3680,2014-11-07,11,3591,513,118.06,118,9.84,260,2,130,566,2.64,adult,NP,NA,NA,NA,NA,NA,NA
PCOQ,6844,N,F,Maria,N,213,2005-01-17,1,NA,CB,Duke Lemur Center,1,160,2004-08-10,8,6692,ALEXIANUS,PCOQ,1996-12-17,7.65,6583,Jovian,PCOQ,1994-04-10,10.34,2005-04-28,0.28,NA,NA,0.28,NA,NA,153,2005-02-10,2,24,3.43,0.79,0,0.07,10,3,3.33,77,2.64,IJ,NP,NA,NA,NA,NA,NA,NA
PCOQ,6850,N,F,Honoria,N,215,2005-02-21,2,NA,CB,Duke Lemur Center,1,160,2004-09-14,9,6538,Drusilla,PCOQ,1993-04-06,11.45,6518,Julian,PCOQ,1993-03-04,11.54,2007-11-01,2.69,NA,NA,2.69,NA,NA,2440,2006-10-18,10,604,86.29,19.86,19,1.65,-70,5,-14,379,2.64,IJ,NP,NA,NA,NA,NA,NA,NA
PCOQ,6872,N,F,Helena,N,219,2006-02-13,2,NA,CB,Duke Lemur Center,1,160,2005-09-06,9,6744,Rupillia,PCOQ,1999-02-16,6.56,6610,NERO,PCOQ,1994-12-04,10.76,2006-07-08,0.4,NA,NA,0.4,NA,NA,1070,2006-07-08,7,145,20.71,4.77,4,0.4,588,61,9.64,0,2.64,IJ,NP,NA,NA,NA,NA,NA,NA
PCOQ,6882,N,M,Charlemagne,Y,223,2007-01-02,1,NA,CB,Duke Lemur Center,1,160,2006-07-26,7,6743,Pia,PCOQ,1999-02-15,7.45,6583,Jovian,PCOQ,1994-04-10,12.3,NA,NA,12.1,NA,12.1,3,NA,3900,2010-10-04,10,1371,195.86,45.07,45,3.76,260,31,8.39,NA,2.64,young_adult,NP,NA,NA,NA,NA,NA,NA
PCOQ,6884,N,F,Irene,N,225,2007-01-27,1,NA,CB,Duke Lemur Center,1,160,2006-08-20,8,6744,Rupillia,PCOQ,1999-02-16,7.51,6610,NERO,PCOQ,1994-12-04,11.72,NA,NA,12.04,NA,12.04,3,NA,3680,2012-10-11,10,2084,297.71,68.52,68,5.71,240,28,8.57,NA,2.64,adult,P,160,2012-08-13,2013-01-20,101,0.63125,1
PCOQ,6885,N,F,Agrippina,N,226,2007-02-07,2,NA,CB,Duke Lemur Center,1,160,2006-08-31,8,6538,Drusilla,PCOQ,1993-04-06,13.41,6518,Julian,PCOQ,1993-03-04,13.5,NA,NA,12.01,NA,12.01,4,NA,693,2007-05-02,5,84,12,2.76,2,0.23,61,7,8.71,NA,2.64,IJ,NP,NA,NA,NA,NA,NA,NA
VRUB,6895,N,M,Scorpius,N,1504,2007-07-02,7,D02,CB,Duke Lemur Center,2,103,2007-03-21,3,6633,Pyxis II,VRUB,1995-04-29,11.9,6684,Hunter,VRUB,1996-05-17,10.85,NA,NA,NA,11.25,11.25,NA,D02,3575,2010-09-01,9,1157,165.29,38.04,38,3.17,-25,7,-3.57,NA,1.65,young_adult,NP,NA,NA,NA,NA,NA,NA
VRUB,6896,N,M,Aries,N,1503,2007-07-02,7,D02,CB,Duke Lemur Center,2,103,2007-03-21,3,6633,Pyxis II,VRUB,1995-04-29,11.9,6684,Hunter,VRUB,1996-05-17,10.85,NA,NA,NA,11.25,11.25,NA,D02,3300,2009-12-19,12,901,128.71,29.62,29,2.47,20,8,2.5,NA,1.65,young_adult,NP,NA,NA,NA,NA,NA,NA
PCOQ,6900,N,F,Matilda,N,229,2007-12-21,12,NA,CB,Duke Lemur Center,1,160,2007-07-14,7,6743,Pia,PCOQ,1999-02-15,8.41,6583,Jovian,PCOQ,1994-04-10,13.27,NA,NA,11.14,NA,11.14,2,NA,3920,2014-09-28,9,2473,353.29,81.3,81,6.78,80,36,2.22,NA,2.64,adult,P,160,2014-09-21,2015-02-28,153,0.95625,1
PCOQ,6901,N,M,Gaius Galerus,N,230,2008-01-03,1,NA,CB,Duke Lemur Center,1,160,2007-07-27,7,6744,Rupillia,PCOQ,1999-02-16,8.45,6610,NERO,PCOQ,1994-12-04,12.65,NA,NA,11.1,NA,11.1,5,NA,3420,2010-08-28,8,968,138.29,31.82,31,2.65,120,31,3.87,NA,2.64,young_adult,NP,NA,NA,NA,NA,NA,NA
PCOQ,6903,N,M,Martinianus,N,231,2008-01-25,1,NA,CB,Duke Lemur Center,1,160,2007-08-18,8,6538,Drusilla,PCOQ,1993-04-06,14.38,6518,Julian,PCOQ,1993-03-04,14.47,NA,NA,11.04,NA,11.04,2,NA,4595,2015-04-08,4,2630,375.71,86.47,86,7.21,-125,14,-8.93,NA,2.64,adult,NP,NA,NA,NA,NA,NA,NA
VRUB,6911,N,M,Avior,N,1538,2008-05-24,5,NA,CB,Duke Lemur Center,3,103,2008-02-11,2,6838,Carina,VRUB,2004-05-11,3.76,6310,Alphard,VRUB,1989-04-22,18.82,NA,NA,NA,10.61,10.61,NA,NA,3940,2013-07-03,7,1866,266.57,61.35,61,5.11,560,69,8.12,NA,1.65,adult,NP,NA,NA,NA,NA,NA,NA
VRUB,6912,N,F,Hydra II,N,1540,2008-05-24,5,NA,CB,Duke Lemur Center,3,103,2008-02-11,2,6838,Carina,VRUB,2004-05-11,3.76,6310,Alphard,VRUB,1989-04-22,18.82,NA,NA,NA,10.52,10.52,NA,NA,3260,2010-03-01,3,646,92.29,21.24,21,1.77,-20,96,-0.21,NA,1.65,young_adult,NP,NA,NA,NA,NA,NA,NA
VRUB,6913,N,F,Lyra,N,1539,2008-05-24,5,NA,CB,Duke Lemur Center,3,103,2008-02-11,2,6838,Carina,VRUB,2004-05-11,3.76,6310,Alphard,VRUB,1989-04-22,18.82,NA,NA,NA,10.54,10.54,NA,NA,1525,2008-08-29,8,97,13.86,3.19,3,0.27,248,15,16.53,NA,1.65,IJ,NP,NA,NA,NA,NA,NA,NA
PCOQ,6920,N,M,Conrad,N,235,2008-12-31,12,NA,CB,Duke Lemur Center,1,160,2008-07-24,7,6743,Pia,PCOQ,1999-02-15,9.44,6583,Jovian,PCOQ,1994-04-10,14.3,2015-07-06,6.52,NA,NA,6.52,NA,NA,2600,2010-04-19,4,474,67.71,15.58,15,1.3,-100,28,-3.57,1904,2.64,IJ,NP,NA,NA,NA,NA,NA,NA
PCOQ,6922,N,F,Pompeia Plotina,Y,237,2009-02-04,2,NA,CB,Duke Lemur Center,1,160,2008-08-28,8,6538,Drusilla,PCOQ,1993-04-06,15.41,6518,Julian,PCOQ,1993-03-04,15.5,NA,NA,10.01,NA,10.01,3,NA,4880,2018-07-20,7,3453,493.29,113.52,113,9.46,0,24,0,NA,2.64,adult,NP,NA,NA,NA,NA,NA,NA
VRUB,6945,N,F,Esther,N,1577,2009-04-29,4,NA,CB,Duke Lemur Center,3,103,2009-01-16,1,6633,Pyxis II,VRUB,1995-04-29,13.73,6684,Hunter,VRUB,1996-05-17,12.68,NA,NA,NA,8.91,8.91,NA,NA,3380,2011-03-25,3,695,99.29,22.85,22,1.9,-60,51,-1.18,NA,1.65,young_adult,NP,NA,NA,NA,NA,NA,NA
VRUB,6946,N,F,Phoebe,N,1579,2009-04-29,4,NA,CB,Duke Lemur Center,3,103,2009-01-16,1,6633,Pyxis II,VRUB,1995-04-29,13.73,6684,Hunter,VRUB,1996-05-17,12.68,NA,NA,NA,9.42,9.42,NA,NA,3940,2011-07-29,7,821,117.29,26.99,26,2.25,35,126,0.28,NA,1.65,young_adult,NP,NA,NA,NA,NA,NA,NA
VRUB,6947,N,M,Orion JR,N,1578,2009-04-29,4,NA,CB,Duke Lemur Center,3,103,2009-01-16,1,6633,Pyxis II,VRUB,1995-04-29,13.73,6684,Hunter,VRUB,1996-05-17,12.68,NA,NA,NA,9.42,9.42,NA,NA,4100,2012-11-13,11,1294,184.86,42.54,42,3.55,140,83,1.69,NA,1.65,adult,NP,NA,NA,NA,NA,NA,NA
PCOQ,6959,N,M,Rupert,Y,242,2009-12-15,12,NA,CB,Duke Lemur Center,1,160,2009-07-08,7,6727,Antonia,PCOQ,1998-02-22,11.38,6608,OTHO,PCOQ,1994-09-12,14.83,NA,NA,9.15,NA,9.15,2,NA,233,2010-02-03,2,50,7.14,1.64,1,0.14,11,1,11,NA,2.64,IJ,NP,NA,NA,NA,NA,NA,NA
PCOQ,6961,N,F,Wilhelmina,N,244,2009-12-25,12,NA,CB,Duke Lemur Center,1,160,2009-07-18,7,6743,Pia,PCOQ,1999-02-15,10.43,6583,Jovian,PCOQ,1994-04-10,15.28,2017-07-31,7.6,NA,NA,7.6,3,NA,164,2010-01-15,1,21,3,0.69,0,0.06,13,3,4.33,2754,2.64,IJ,NP,NA,NA,NA,NA,NA,NA
PCOQ,6964,N,M,Romulus,N,247,2010-02-03,2,NA,CB,Duke Lemur Center,1,160,2009-08-27,8,6744,Rupillia,PCOQ,1999-02-16,10.53,6207,Tiberius,PCOQ,1988-01-20,21.62,2017-08-08,7.52,NA,NA,7.52,NA,NA,1400,2010-07-28,7,175,25,5.75,5,0.48,120,9,13.33,2568,2.64,IJ,NP,NA,NA,NA,NA,NA,NA
PCOQ,6982,N,F,Adelaide,N,249,2011-01-08,1,NA,CB,Duke Lemur Center,1,160,2010-08-01,8,6743,Pia,PCOQ,1999-02-15,11.47,6583,Jovian,PCOQ,1994-04-10,16.32,2012-07-03,1.48,NA,NA,1.48,NA,NA,151,2011-01-26,1,18,2.57,0.59,0,0.05,10,3,3.33,524,2.64,IJ,NP,NA,NA,NA,NA,NA,NA
PCOQ,6983,N,F,Arcadia,N,250,2011-01-16,1,NA,CB,Duke Lemur Center,1,160,2010-08-09,8,6538,Drusilla,PCOQ,1993-04-06,17.35,6518,Julian,PCOQ,1993-03-04,17.44,NA,NA,8.06,NA,8.06,1,NA,3780,2012-10-09,10,632,90.29,20.78,20,1.73,360,31,11.61,NA,2.64,IJ,NP,NA,NA,NA,NA,NA,NA
PCOQ,6987,N,F,Bertha of Sulzbach,Y,254,2011-02-18,2,NA,CB,Duke Lemur Center,1,160,2010-09-11,9,6897,Rodelinda,PCOQ,2007-08-06,3.1,6827,Marcus Aurelius,PCOQ,2004-02-16,6.57,NA,NA,7.97,NA,7.97,NA,NA,4980,2016-01-12,1,1789,255.57,58.82,58,4.9,0,7,0,NA,2.64,young_adult,NP,NA,NA,NA,NA,NA,NA
VRUB,6994,N,F,Cordelia,N,1710,2011-05-10,5,NA,CB,Duke Lemur Center,2,103,2011-01-27,1,6838,Carina,VRUB,2004-05-11,6.72,6310,Alphard,VRUB,1989-04-22,21.78,NA,NA,NA,7.66,7.66,NA,NA,3880,2014-07-01,7,1148,164,37.74,37,3.15,-640,56,-11.43,NA,1.65,young_adult,NP,NA,NA,NA,NA,NA,NA
VRUB,6995,N,F,Pandora,Y,1711,2011-05-10,5,NA,CB,Duke Lemur Center,2,103,2011-01-27,1,6838,Carina,VRUB,2004-05-11,6.72,6310,Alphard,VRUB,1989-04-22,21.78,NA,NA,7.75,NA,7.75,8,NA,4315,2016-04-14,4,1801,257.29,59.21,59,4.93,515,72,7.15,NA,1.65,adult,P,103,2016-02-26,2016-06-08,55,0.533980583,2
PCOQ,7073,N,F,Gisela,Y,256,2012-01-07,1,NA,CB,Duke Lemur Center,1,160,2011-07-31,7,6743,Pia,PCOQ,1999-02-15,12.46,6583,Jovian,PCOQ,1994-04-10,17.32,NA,NA,7.09,NA,7.09,2,NA,4080,2017-10-21,10,2114,302,69.5,69,5.79,-20,10,-2,NA,2.64,adult,NP,NA,NA,NA,NA,NA,NA
PCOQ,7075,N,M,Remus,Y,258,2012-01-12,1,NA,CB,Duke Lemur Center,1,160,2011-08-05,8,6744,Rupillia,PCOQ,1999-02-16,12.47,6207,Tiberius,PCOQ,1988-01-20,23.56,NA,NA,7.07,NA,7.07,1,NA,3805,2017-06-15,6,1981,283,65.13,65,5.43,-110,16,-6.88,NA,2.64,adult,NP,NA,NA,NA,NA,NA,NA
PCOQ,7077,N,F,Ernestine,N,260,2012-01-26,1,NA,CB,Duke Lemur Center,1,160,2011-08-19,8,6897,Rodelinda,PCOQ,2007-08-06,4.04,6827,Marcus Aurelius,PCOQ,2004-02-16,7.51,2012-04-09,0.2,NA,NA,0.2,NA,NA,398,2012-03-26,3,60,8.57,1.97,1,0.16,28,6,4.67,14,2.64,IJ,NP,NA,NA,NA,NA,NA,NA
VRUB,7093,N,M,Titan,N,1759,2012-05-10,5,NA,CB,Duke Lemur Center,4,103,2012-01-28,1,6633,Pyxis II,VRUB,1995-04-29,16.76,6684,Hunter,VRUB,1996-05-17,15.71,NA,NA,NA,5.04,5.04,NA,NA,1960,2012-09-09,9,122,17.43,4.01,4,0.33,140,18,7.78,NA,1.65,IJ,NP,NA,NA,NA,NA,NA,NA
VRUB,7094,N,M,Puck,N,1760,2012-05-10,5,NA,CB,Duke Lemur Center,4,103,2012-01-28,1,6633,Pyxis II,VRUB,1995-04-29,16.76,6684,Hunter,VRUB,1996-05-17,15.71,NA,NA,NA,5.04,5.04,NA,NA,3700,2016-09-19,9,1593,227.57,52.37,52,4.36,-100,28,-3.57,NA,1.65,adult,NP,NA,NA,NA,NA,NA,NA
VRUB,7095,N,F,Carme II,N,1761,2012-05-10,5,NA,CB,Duke Lemur Center,4,103,2012-01-28,1,6633,Pyxis II,VRUB,1995-04-29,16.76,6684,Hunter,VRUB,1996-05-17,15.71,NA,NA,NA,5.04,5.04,NA,NA,3840,2014-06-29,6,780,111.43,25.64,25,2.14,-300,75,-4,NA,1.65,young_adult,NP,NA,NA,NA,NA,NA,NA
PCOQ,7131,N,F,Beatrice of Swabia,Y,266,2012-12-19,12,NA,CB,Duke Lemur Center,1,160,2012-07-12,7,6897,Rodelinda,PCOQ,2007-08-06,4.94,6827,Marcus Aurelius,PCOQ,2004-02-16,8.41,NA,NA,6.14,NA,6.14,NA,NA,4180,2015-10-20,10,1035,147.86,34.03,34,2.84,260,65,4,NA,2.64,young_adult,NP,NA,NA,NA,NA,NA,NA
PCOQ,7133,N,M,Irene-A,N,268,2013-01-20,1,NA,CB,Duke Lemur Center,1,160,2012-08-13,8,6884,Irene,PCOQ,2007-01-27,5.55,6807,Theodosius,PCOQ,2003-03-03,9.45,2013-02-14,0.07,NA,NA,0.07,NA,NA,167,2013-02-11,2,22,3.14,0.72,0,0.06,17,4,4.25,3,2.64,IJ,NP,NA,NA,NA,NA,NA,NA
PCOQ,7136,N,M,Pontius Pilate,N,271,2013-02-04,2,NA,CB,Duke Lemur Center,1,160,2012-08-28,8,6538,Drusilla,PCOQ,1993-04-06,19.41,6518,Julian,PCOQ,1993-03-04,19.5,2019-01-15,5.95,NA,NA,5.95,1,NA,3300,2017-08-21,8,1659,237,54.54,54,4.55,-180,54,-3.33,512,2.64,young_adult,NP,NA,NA,NA,NA,NA,NA
PCOQ,7137,N,M,Ferdinand,Y,272,2013-02-17,2,NA,CB,Duke Lemur Center,1,160,2012-09-10,9,6743,Pia,PCOQ,1999-02-15,13.58,6583,Jovian,PCOQ,1994-04-10,18.43,NA,NA,5.97,NA,5.97,NA,NA,3420,2018-08-02,8,1992,284.57,65.49,65,5.46,-200,14,-14.29,NA,2.64,adult,NP,NA,NA,NA,NA,NA,NA
PCOQ,7170,N,F,Gertrude,Y,278,2014-01-05,1,NA,CB,Duke Lemur Center,1,160,2013-07-29,7,6743,Pia,PCOQ,1999-02-15,14.46,6583,Jovian,PCOQ,1994-04-10,19.32,NA,NA,5.09,NA,5.09,NA,NA,162,2014-01-21,1,16,2.29,0.53,0,0.04,35,8,4.38,NA,2.64,IJ,NP,NA,NA,NA,NA,NA,NA
PCOQ,7171,N,F,Eleanor of Portugal,N,279,2014-01-05,1,NA,CB,Duke Lemur Center,1,160,2013-07-29,7,6897,Rodelinda,PCOQ,2007-08-06,5.98,6827,Marcus Aurelius,PCOQ,2004-02-16,9.45,NA,NA,5.09,NA,5.09,NA,NA,4680,2018-02-26,2,1513,216.14,49.74,49,4.15,-200,61,-3.28,NA,2.64,young_adult,NP,NA,NA,NA,NA,NA,NA
PCOQ,7174,N,F,Aemilia,Y,282,2014-02-02,2,NA,CB,Duke Lemur Center,1,160,2013-08-26,8,6538,Drusilla,PCOQ,1993-04-06,20.4,6518,Julian,PCOQ,1993-03-04,20.49,NA,NA,5.01,NA,5.01,NA,NA,2600,2015-04-01,4,423,60.43,13.91,13,1.16,75,48,1.56,NA,2.64,IJ,NP,NA,NA,NA,NA,NA,NA
PCOQ,7199,N,F,Lupicina,Y,289,2015-01-08,1,NA,CB,Duke Lemur Center,1,160,2014-08-01,8,6985,Euphemia,PCOQ,2011-02-15,3.46,6843,Lucius Verus,PCOQ,2005-01-07,9.57,NA,NA,4.08,NA,4.08,1,NA,2720,2016-03-26,3,443,63.29,14.56,14,1.21,0,29,0,NA,2.64,IJ,NP,NA,NA,NA,NA,NA,NA
PCOQ,7200,N,M,Wenceslaus the Idle,Y,290,2015-01-24,1,NA,CB,Duke Lemur Center,1,160,2014-08-17,8,6897,Rodelinda,PCOQ,2007-08-06,7.04,6827,Marcus Aurelius,PCOQ,2004-02-16,10.51,NA,NA,4.04,NA,4.04,NA,NA,3260,2016-10-02,10,617,88.14,20.28,20,1.69,-200,87,-2.3,NA,2.64,IJ,NP,NA,NA,NA,NA,NA,NA
PCOQ,7201,N,F,Isabella,Y,291,2015-01-25,1,NA,CB,Duke Lemur Center,1,160,2014-08-18,8,6922,Pompeia Plotina,PCOQ,2009-02-04,5.54,6882,Charlemagne,PCOQ,2007-01-02,7.63,NA,NA,4.04,NA,4.04,NA,NA,3340,2016-12-22,12,697,99.57,22.92,22,1.91,20,22,0.91,NA,2.64,IJ,NP,NA,NA,NA,NA,NA,NA
PCOQ,7202,N,F,Valeria,Y,292,2015-01-28,1,NA,CB,Duke Lemur Center,1,160,2014-08-21,8,6727,Antonia,PCOQ,1998-02-22,16.5,6650,Gordian,PCOQ,1995-12-17,18.69,NA,NA,4.03,NA,4.03,NA,NA,132,2015-02-13,2,16,2.29,0.53,0,0.04,10,3,3.33,NA,2.64,IJ,NP,NA,NA,NA,NA,NA,NA
VRUB,7211,N,F,Celeste,N,1900,2015-05-13,5,NA,CB,Duke Lemur Center,3,103,2015-01-30,1,6995,Pandora,VRUB,2011-05-10,3.73,6206,Comet,VRUB,1984-10-01,30.35,NA,NA,NA,3.59,3.59,NA,NA,623,2015-06-22,6,40,5.71,1.32,1,0.11,100,7,14.29,NA,1.65,IJ,NP,NA,NA,NA,NA,NA,NA
VRUB,7212,N,M,Arche,N,1901,2015-05-13,5,NA,CB,Duke Lemur Center,3,103,2015-01-30,1,6995,Pandora,VRUB,2011-05-10,3.73,6206,Comet,VRUB,1984-10-01,30.35,NA,NA,NA,3.56,3.56,NA,NA,3920,2016-08-25,8,470,67.14,15.45,15,1.29,460,60,7.67,NA,1.65,IJ,NP,NA,NA,NA,NA,NA,NA
VRUB,7213,N,M,Stephano,N,1902,2015-05-13,5,NA,CB,Duke Lemur Center,3,103,2015-01-30,1,6995,Pandora,VRUB,2011-05-10,3.73,6206,Comet,VRUB,1984-10-01,30.35,2015-09-30,0.38,NA,NA,0.38,NA,NA,2120,2015-09-14,9,124,17.71,4.08,4,0.34,560,28,20,16,1.65,IJ,NP,NA,NA,NA,NA,NA,NA
VRUB,7215,N,M,Bode,Y,1903,2015-05-27,5,NA,CB,Duke Lemur Center,1,103,2015-02-13,2,6633,Pyxis II,VRUB,1995-04-29,19.81,6240,Borealis,VRUB,1988-04-30,26.81,NA,NA,3.7,NA,3.7,NA,NA,3530,2018-03-19,3,1027,146.71,33.76,33,2.81,-70,1,-70,NA,1.65,young_adult,NP,NA,NA,NA,NA,NA,NA
PCOQ,7228,N,F,Gemina,N,297,2015-12-28,12,NA,CB,Duke Lemur Center,1,160,2015-07-21,7,6900,Matilda,PCOQ,2007-12-21,7.59,6903,Martinianus,PCOQ,2008-01-25,7.49,NA,NA,3.11,NA,3.11,NA,NA,604,2016-05-14,5,138,19.71,4.54,4,0.38,-3,1,-3,NA,2.64,IJ,NP,NA,NA,NA,NA,NA,NA
PCOQ,7233,N,F,Calpurnia III,Y,302,2016-01-17,1,NA,CB,Duke Lemur Center,1,160,2015-08-10,8,6538,Drusilla,PCOQ,1993-04-06,22.36,6518,Julian,PCOQ,1993-03-04,22.45,NA,NA,3.06,NA,3.06,NA,NA,1440,2016-07-13,7,178,25.43,5.85,5,0.49,340,28,12.14,NA,2.64,IJ,NP,NA,NA,NA,NA,NA,NA
PCOQ,7234,N,M,Hostilian,Y,303,2016-01-23,1,NA,CB,Duke Lemur Center,1,160,2015-08-16,8,7073,Gisela,PCOQ,2012-01-07,3.61,6959,Rupert,PCOQ,2009-12-15,5.67,NA,NA,3.04,NA,3.04,NA,NA,332,2016-03-22,3,59,8.43,1.94,1,0.16,40,7,5.71,NA,2.64,IJ,NP,NA,NA,NA,NA,NA,NA
PCOQ,7235,N,F,Francesca,Y,304,2016-02-14,2,NA,CB,Duke Lemur Center,1,160,2015-09-07,9,6922,Pompeia Plotina,PCOQ,2009-02-04,6.59,6882,Charlemagne,PCOQ,2007-01-02,8.68,NA,NA,2.98,NA,2.98,NA,NA,1455,2016-07-21,7,158,22.57,5.19,5,0.43,232,22,10.55,NA,2.64,IJ,NP,NA,NA,NA,NA,NA,NA
VRUB,7250,N,F,Sally,Y,2009,2016-06-08,6,NA,CB,Duke Lemur Center,2,103,2016-02-26,2,6995,Pandora,VRUB,2011-05-10,4.8,6206,Comet,VRUB,1984-10-01,31.42,NA,NA,2.67,NA,2.67,NA,NA,3320,2017-06-28,6,385,55,12.66,12,1.05,360,64,5.63,NA,1.65,IJ,NP,NA,NA,NA,NA,NA,NA
VRUB,7251,N,M,Kalani,Y,2010,2016-06-08,6,NA,CB,Duke Lemur Center,2,103,2016-02-26,2,6995,Pandora,VRUB,2011-05-10,4.8,6206,Comet,VRUB,1984-10-01,31.42,NA,NA,2.67,NA,2.67,NA,NA,3365,2018-01-12,1,583,83.29,19.17,19,1.6,5,3,1.67,NA,1.65,IJ,NP,NA,NA,NA,NA,NA,NA
PCOQ,7263,N,M,Gothicus,N,307,2017-01-06,1,NA,CB,Duke Lemur Center,1,160,2016-07-30,7,6727,Antonia,PCOQ,1998-02-22,18.45,6650,Gordian,PCOQ,1995-12-17,20.63,2017-05-11,0.34,NA,NA,0.34,NA,NA,506,2017-04-05,4,89,12.71,2.93,2,0.24,14,1,14,36,2.64,IJ,NP,NA,NA,NA,NA,NA,NA
PCOQ,7264,N,F,Furia,Y,308,2017-01-10,1,NA,CB,Duke Lemur Center,1,160,2016-08-03,8,7073,Gisela,PCOQ,2012-01-07,4.58,6959,Rupert,PCOQ,2009-12-15,6.64,NA,NA,2.07,NA,2.07,NA,NA,2680,2018-06-27,6,533,76.14,17.52,17,1.46,140,29,4.83,NA,2.64,IJ,NP,NA,NA,NA,NA,NA,NA
PCOQ,7275,N,F,Magdalena,Y,309,2017-05-14,5,NA,CB,Duke Lemur Center,1,160,2016-12-05,12,6744,Rupillia,PCOQ,1999-02-16,17.81,6819,Luther,PCOQ,2003-08-29,13.28,NA,NA,1.73,NA,1.73,NA,NA,2020,2018-01-02,1,233,33.29,7.66,7,0.64,360,36,10,NA,2.64,IJ,NP,NA,NA,NA,NA,NA,NA
VRUB,7278,N,M,Buzz,Y,2019,2017-05-30,5,NA,CB,Duke Lemur Center,1,103,2017-02-16,2,6633,Pyxis II,VRUB,1995-04-29,21.82,6240,Borealis,VRUB,1988-04-30,28.82,NA,NA,1.69,NA,1.69,NA,NA,3080,2018-01-29,1,244,34.86,8.02,8,0.67,380,57,6.67,NA,1.65,IJ,NP,NA,NA,NA,NA,NA,NA
PCOQ,7286,N,M,Eustace,Y,313,2017-11-03,11,NA,CB,Duke Lemur Center,1,160,2017-05-27,5,6897,Rodelinda,PCOQ,2007-08-06,9.81,6827,Marcus Aurelius,PCOQ,2004-02-16,13.28,NA,NA,1.26,NA,1.26,NA,NA,628,2018-02-08,2,97,13.86,3.19,3,0.27,-3,1,-3,NA,2.64,IJ,NP,NA,NA,NA,NA,NA,NA
PCOQ,7288,N,M,Elagabalus,Y,314,2017-12-23,12,NA,CB,Duke Lemur Center,1,160,2017-07-16,7,6743,Pia,PCOQ,1999-02-15,18.43,7136,Pontius Pilate,PCOQ,2013-02-04,4.45,NA,NA,1.12,NA,1.12,NA,NA,297,2018-02-14,2,53,7.57,1.74,1,0.15,44,7,6.29,NA,2.64,IJ,NP,NA,NA,NA,NA,NA,NA
VRUB,7297,N,F,Mae,Y,NA,2018-05-14,5,NA,CB,Duke Lemur Center,3,103,2018-01-31,1,6995,Pandora,VRUB,2011-05-10,6.73,6206,Comet,VRUB,1984-10-01,33.36,NA,NA,0.73,NA,0.73,NA,NA,1560,2018-08-19,8,97,13.86,3.19,3,0.27,320,15,21.33,NA,1.65,IJ,NP,NA,NA,NA,NA,NA,NA
VRUB,7298,N,F,Judith,Y,NA,2018-05-14,5,NA,CB,Duke Lemur Center,3,103,2018-01-31,1,6995,Pandora,VRUB,2011-05-10,6.73,6206,Comet,VRUB,1984-10-01,33.36,NA,NA,0.73,NA,0.73,NA,NA,378,2018-06-05,6,22,3.14,0.72,0,0.06,99,7,14.14,NA,1.65,IJ,NP,NA,NA,NA,NA,NA,NA
