institution_name,city,state,type,division,region,expenditure_m,enrollment_th
Alabama A & M University,Normal,AL,Public,Division I,South,2.349603,5.219
University of Alabama at Birmingham,Birmingham,AL,Public,Division I,South,7.493466,9.805
University of Alabama in Huntsville,Huntsville,AL,Public,Division II,South,1.202522,5.642
Alabama State University,Montgomery,AL,Public,Division I,South,1.774831,2.959
The University of Alabama,Tuscaloosa,AL,Public,Division I,South,20.828822,29.956
Auburn University at Montgomery,Montgomery,AL,Public,Division II,South,1.047417,2.162
Auburn University,Auburn,AL,Public,Division I,South,21.625851,24.096
Huntingdon College,Montgomery,AL,Private,Division III,South,0.434043,0.849
Jacksonville State University,Jacksonville,AL,Public,Division I,South,3.462951,6.327
University of West Alabama,Livingston,AL,Public,Division II,South,1.437934,2.119
Miles College,Fairfield,AL,Private,Division II,South,1.134068,1.106
University of Montevallo,Montevallo,AL,Public,Division II,South,1.021767,1.935
University of North Alabama,Florence,AL,Public,Division I,South,2.92458,4.663
Samford University,Birmingham,AL,Private,Division I,South,3.922192,3.777
University of South Alabama,Mobile,AL,Public,Division I,South,4.361075,7.487
Spring Hill College,Mobile,AL,Private,Division II,South,0.975126,0.823
Troy University,Troy,AL,Public,Division I,South,3.425877,6.977
Tuskegee University,Tuskegee,AL,Private,Division II,South,1.540291,2.277
University of Alaska Anchorage,Anchorage,AK,Public,Division II,West,2.003478,3.687
University of Alaska Fairbanks,Fairbanks,AK,Public,Division II,West,1.190832,2.276
Arizona State University Campus Immersion,Tempe,AZ,Public,Division I,West,13.537159,59.551
University of Arizona,Tucson,AZ,Public,Division I,West,22.002975,34.124
Northern Arizona University,Flagstaff,AZ,Public,Division I,West,3.183655,20.092
University of Arkansas at Little Rock,Little Rock,AR,Public,Division I,South,4.809341,2.894
Lyon College,Batesville,AR,Private,Division III,South,0.331811,0.557
University of Arkansas,Fayetteville,AR,Public,Division I,South,20.927952,24.811
University of Arkansas at Pine Bluff,Pine Bluff,AR,Public,Division I,South,1.558179,1.673
Arkansas State University,Jonesboro,AR,Public,Division I,South,4.373417,5.279
Arkansas Tech University,Russellville,AR,Public,Division II,South,1.002146,4.912
University of Arkansas at Monticello,Monticello,AR,Public,Division II,South,0.749252,1.581
University of Central Arkansas,Conway,AR,Public,Division I,South,2.690775,6.474
Harding University,Searcy,AR,Private,Division II,South,1.310332,3.134
Henderson State University,Arkadelphia,AR,Public,Division II,South,0.94478,1.32
Hendrix College,Conway,AR,Private,Division III,South,0.31536,1.089
Ouachita Baptist University,Arkadelphia,AR,Private,Division II,South,1.132207,1.585
University of the Ozarks,Clarksville,AR,Private,Division III,South,0.304338,0.743
Southern Arkansas University Main Campus,Magnolia,AR,Public,Division II,South,0.806344,2.702
University of Arkansas-Fort Smith,Fort Smith,AR,Public,Division II,South,1.332781,3.235
Azusa Pacific University,Azusa,CA,Private,Division II,West,1.342482,2.627
Biola University,La Mirada,CA,Private,Division II,West,1.725777,3.126
California Baptist University,Riverside,CA,Private,Division I,West,6.567894,7.17
California Institute of Technology,Pasadena,CA,Private,Division III,West,0.37398,1.023
California Lutheran University,Thousand Oaks,CA,Private,Division III,West,0.500901,2.331
California Polytechnic State University-San Luis Obispo,San Luis Obispo,CA,Public,Division I,West,4.417764,20.591
California State University-Bakersfield,Bakersfield,CA,Public,Division I,West,3.979356,6.789
California State University-Stanislaus,Turlock,CA,Public,Division II,West,1.243907,6.907
California State University-San Bernardino,San Bernardino,CA,Public,Division II,West,1.621212,12.935
California State Polytechnic University-Pomona,Pomona,CA,Public,Division II,West,1.590425,20.987
California State University-Chico,Chico,CA,Public,Division II,West,1.288281,11.807
California State University-Dominguez Hills,Carson,CA,Public,Division II,West,0.908979,9.528
California State University-Fresno,Fresno,CA,Public,Division I,West,7.266895,17.756
California State University-Fullerton,Fullerton,CA,Public,Division I,West,3.469475,29.67
California State University-East Bay,Hayward,CA,Public,Division II,West,1.572739,7.961
California State University-Long Beach,Long Beach,CA,Public,Division I,West,4.836118,28.896
California State University-Los Angeles,Los Angeles,CA,Public,Division II,West,1.640965,17.768
California State University-Northridge,Northridge,CA,Public,Division I,West,4.465292,26.633
California State University-Sacramento,Sacramento,CA,Public,Division I,West,4.387552,22.37
University of California-Berkeley,Berkeley,CA,Public,Division I,West,17.816042,31.543
University of California-Davis,Davis,CA,Public,Division I,West,4.982584,30.909
University of California-Irvine,Irvine,CA,Public,Division I,West,6.729293,28.875
University of California-Los Angeles,Los Angeles,CA,Public,Division I,West,22.229119,32.472
University of California-Riverside,Riverside,CA,Public,Division I,West,4.519597,21.978
University of California-San Diego,La Jolla,CA,Public,Division II,West,5.049946,32.852
University of California-Santa Barbara,Santa Barbara,CA,Public,Division I,West,6.793821,22.659
University of California-Santa Cruz,Santa Cruz,CA,Public,Division III,West,0.653924,17.227
Chapman University,Orange,CA,Private,Division III,West,0.595649,7.323
Concordia University-Irvine,Irvine,CA,Private,Division II,West,1.389592,1.413
Claremont McKenna College,Claremont,CA,Private,Division III,West,0.531878,1.375
Dominican University of California,San Rafael,CA,Private,Division II,West,1.233939,1.057
Fresno Pacific University,Fresno,CA,Private,Division II,West,1.365248,0.958
California State Polytechnic University-Humboldt,Arcata,CA,Public,Division II,West,1.162878,4.888
University of La Verne,La Verne,CA,Private,Division III,West,0.378434,2.891
Loyola Marymount University,Los Angeles,CA,Private,Division I,West,12.285736,7.035
Occidental College,Los Angeles,CA,Private,Division III,West,0.559242,1.823
University of the Pacific,Stockton,CA,Private,Division I,West,6.716712,3.167
Pepperdine University,Malibu,CA,Private,Division I,West,8.138609,3.442
Pitzer College,Claremont,CA,Private,Division III,West,0.413034,1.163
Point Loma Nazarene University,San Diego,CA,Private,Division II,West,1.782902,2.746
Pomona College,Claremont,CA,Private,Division III,West,0.413034,1.635
University of Redlands,Redlands,CA,Private,Division III,West,0.567904,1.887
San Diego State University,San Diego,CA,Public,Division I,West,12.370842,30.048
University of San Diego,San Diego,CA,Private,Division I,West,7.348511,5.536
San Francisco State University,San Francisco,CA,Public,Division II,West,0.972601,16.481
University of San Francisco,San Francisco,CA,Private,Division I,West,9.726801,5.514
San Jose State University,San Jose,CA,Public,Division I,West,5.158713,21.741
Santa Clara University,Santa Clara,CA,Private,Division I,West,8.426066,6.105
Saint Mary's College of California,Moraga,CA,Private,Division I,West,9.592003,1.941
Sonoma State University,Rohnert Park,CA,Public,Division II,West,1.1868,4.706
University of Southern California,Los Angeles,CA,Private,Division I,West,21.134517,20.386
Westmont College,Santa Barbara,CA,Private,Division II,West,1.181927,1.3
Whittier College,Whittier,CA,Private,Division III,West,0.316543,0.786
Adams State University,Alamosa,CO,Public,Division II,West,1.137408,1.053
University of Colorado Colorado Springs,Colorado Springs,CO,Public,Division II,West,1.36681,7.125
University of Colorado Boulder,Boulder,CO,Public,Division I,West,14.279602,29.751
Colorado Christian University,Lakewood,CO,Private,Division II,West,1.138747,1.789
Colorado College,Colorado Springs,CO,Private,Division III,West,0.80709,2.099
Colorado School of Mines,Golden,CO,Public,Division II,West,1.780923,5.553
Colorado State University-Fort Collins,Fort Collins,CO,Public,Division I,West,9.138705,22.676
University of Denver,Denver,CO,Private,Division I,West,5.185,5.751
Fort Lewis College,Durango,CO,Public,Division II,West,1.145553,2.8
Colorado Mesa University,Grand Junction,CO,Public,Division II,West,1.383295,6.396
Metropolitan State University of Denver,Denver,CO,Public,Division II,West,2.083226,9.06
University of Northern Colorado,Greeley,CO,Public,Division I,West,3.546073,5.166
Regis University,Denver,CO,Private,Division II,West,1.352288,1.852
Colorado State University Pueblo,Pueblo,CO,Public,Division II,West,1.005304,2.445
Western Colorado University,Gunnison,CO,Public,Division II,West,1.121049,1.515
Albertus Magnus College,New Haven,CT,Private,Division III,Northeast,0.254754,0.799
University of Bridgeport,Bridgeport,CT,Private,Division II,Northeast,0.945903,1.255
Central Connecticut State University,New Britain,CT,Public,Division I,Northeast,2.257062,6.368
Connecticut College,New London,CT,Private,Division III,Northeast,0.426268,1.959
University of Connecticut,Storrs,CT,Public,Division I,Northeast,30.770306,18.758
Eastern Connecticut State University,Willimantic,CT,Public,Division III,Northeast,0.557932,3.178
Fairfield University,Fairfield,CT,Private,Division I,Northeast,7.986914,4.903
University of Hartford,West Hartford,CT,Private,Division III,Northeast,0.674792,3.838
Mitchell College,New London,CT,Private,Division III,Northeast,0.213637,0.409
University of New Haven,West Haven,CT,Private,Division II,Northeast,1.628214,4.547
Quinnipiac University,Hamden,CT,Private,Division I,Northeast,5.22809,6.07
Sacred Heart University,Fairfield,CT,Private,Division I,Northeast,3.809218,6.53
University of Saint Joseph,West Hartford,CT,Private,Division III,Northeast,0.424921,0.796
Southern Connecticut State University,New Haven,CT,Public,Division II,Northeast,1.523076,5.385
Trinity College,Hartford,CT,Private,Division III,Northeast,0.547594,2.167
Wesleyan University,Middletown,CT,Private,Division III,Northeast,0.567564,2.962
Western Connecticut State University,Danbury,CT,Public,Division III,Northeast,0.563115,2.997
Yale University,New Haven,CT,Private,Division I,Northeast,3.351838,6.799
Delaware State University,Dover,DE,Public,Division I,South,1.983186,4.068
University of Delaware,Newark,DE,Public,Division I,South,6.065689,18.051
Goldey-Beacom College,Wilmington,DE,Private,Division II,South,0.576573,0.553
Wilmington University,New Castle,DE,Private,Division II,South,0.524262,3.026
American University,Washington,DC,Private,Division I,Northeast,4.763629,7.357
The Catholic University of America,Washington,DC,Private,Division III,Northeast,0.518704,2.88
University of the District of Columbia,Washington,DC,Public,Division II,Northeast,1.23005,1.15
Gallaudet University,Washington,DC,Private,Division III,Northeast,0.321639,0.823
George Washington University,Washington,DC,Private,Division I,Northeast,8.749052,10.281
Georgetown University,Washington,DC,Private,Division I,Northeast,21.030781,7.188
Howard University,Washington,DC,Private,Division I,Northeast,3.91817,9.361
Trinity Washington University,Washington,DC,Private,Division III,Northeast,0.035162,0.928
Barry University,Miami,FL,Private,Division II,South,1.297232,2.031
Bethune-Cookman University,Daytona Beach,FL,Private,Division I,South,2.344268,2.336
Lynn University,Boca Raton,FL,Private,Division II,South,1.158947,2.622
University of Central Florida,Orlando,FL,Public,Division I,South,10.620181,41.433
Eckerd College,Saint Petersburg,FL,Private,Division II,South,1.588473,1.925
Edward Waters University,Jacksonville,FL,Private,Division II,South,0.922492,1.092
Embry-Riddle Aeronautical University-Daytona Beach,Daytona Beach,FL,Private,Division II,South,2.836108,7.178
Florida Agricultural and Mechanical University,Tallahassee,FL,Public,Division I,South,1.696698,6.755
Florida Atlantic University,Boca Raton,FL,Public,Division I,South,7.369106,17.18
Flagler College,Saint Augustine,FL,Private,Division II,South,1.397215,2.346
Florida Institute of Technology,Melbourne,FL,Private,Division II,South,1.54968,3.12
Florida International University,Miami,FL,Public,Division I,South,4.202104,25.091
Florida Southern College,Lakeland,FL,Private,Division II,South,2.075974,2.526
Florida State University,Tallahassee,FL,Public,Division I,South,16.650338,28.87
University of Florida,Gainesville,FL,Public,Division I,South,14.955598,31.254
Jacksonville University,Jacksonville,FL,Private,Division I,South,4.376565,2.453
University of Miami,Coral Gables,FL,Private,Division I,South,22.599669,12.224
University of North Florida,Jacksonville,FL,Public,Division I,South,3.393663,10.671
Nova Southeastern University,Fort Lauderdale,FL,Private,Division II,South,1.876471,6.701
Palm Beach Atlantic University,West Palm Beach,FL,Private,Division II,South,1.279035,2.314
Rollins College,Winter Park,FL,Private,Division II,South,1.911554,2.526
Saint Leo University,Saint Leo,FL,Private,Division II,South,1.249176,4.112
University of South Florida,Tampa,FL,Public,Division I,South,13.936793,30.009
Stetson University,DeLand,FL,Private,Division I,South,4.705323,2.252
The University of Tampa,Tampa,FL,Private,Division II,South,2.111234,9.918
The University of West Florida,Pensacola,FL,Public,Division II,South,1.309075,6.466
Albany State University,Albany,GA,Public,Division II,South,0.531443,4.325
Clark Atlanta University,Atlanta,GA,Private,Division II,South,1.243743,3.393
Berry College,Mount Berry,GA,Private,Division III,South,0.541073,2.194
Clayton  State University,Morrow,GA,Public,Division II,South,0.8604,2.788
Columbus State University,Columbus,GA,Public,Division II,South,0.801786,4.028
Covenant College,Lookout Mountain,GA,Private,Division III,South,0.324274,0.847
Emmanuel University,Franklin Springs,GA,Private,Division II,South,1.149455,0.7
Emory University,Atlanta,GA,Private,Division III,South,1.023785,7.199
Fort Valley State University,Fort Valley,GA,Public,Division II,South,0.61707,2.286
Georgia Institute of Technology-Main Campus,Atlanta,GA,Public,Division I,South,16.147645,17.083
Georgia Southwestern State University,Americus,GA,Public,Division II,South,0.793668,1.711
Georgia College & State University,Milledgeville,GA,Public,Division II,South,0.579851,5.217
Georgia Southern University,Statesboro,GA,Public,Division I,South,3.938035,18.016
Georgia State University,Atlanta,GA,Public,Division I,South,4.674628,20.869
University of Georgia,Athens,GA,Public,Division I,South,16.983707,29.715
LaGrange College,Lagrange,GA,Private,Division III,South,0.271794,0.561
Mercer University,Macon,GA,Private,Division I,South,4.390222,4.124
Oglethorpe University,Atlanta,GA,Private,Division III,South,0.420743,1.398
Piedmont University,Demorest,GA,Private,Division III,South,0.458099,1.171
Savannah State University,Savannah,GA,Public,Division II,South,0.52739,2.415
Shorter University,Rome,GA,Private,Division II,South,0.885736,1.023
Valdosta State University,Valdosta,GA,Public,Division II,South,1.030551,5.401
University of West Georgia,Carrollton,GA,Public,Division II,South,1.470239,5.825
Young Harris College,Young Harris,GA,Private,Division II,South,1.012827,0.807
Chaminade University of Honolulu,Honolulu,HI,Private,Division II,West,1.066891,1.395
University of Hawaii at Hilo,Hilo,HI,Public,Division II,West,1.140781,1.821
University of Hawaii at Manoa,Honolulu,HI,Public,Division I,West,6.222157,11.928
Hawaii Pacific University,Honolulu,HI,Private,Division II,West,1.110671,2.098
Boise State University,Boise,ID,Public,Division I,West,8.001777,13.589
Idaho State University,Pocatello,ID,Public,Division I,West,3.116553,5.77
University of Idaho,Moscow,ID,Public,Division I,West,3.191202,6.864
Northwest Nazarene University,Nampa,ID,Private,Division II,West,1.457291,1.006
Augustana College,Rock Island,IL,Private,Division III,North Central,0.459109,2.402
Aurora University,Aurora,IL,Private,Division III,North Central,0.409378,3.704
Blackburn College,Carlinville,IL,Private,Division III,North Central,0.321772,0.335
Bradley University,Peoria,IL,Private,Division I,North Central,5.589208,3.763
Chicago State University,Chicago,IL,Public,Division I,North Central,1.607866,0.981
University of Chicago,Chicago,IL,Private,Division III,North Central,1.004055,7.54
Concordia University-Chicago,River Forest,IL,Private,Division III,North Central,0.36085,1.183
DePaul University,Chicago,IL,Private,Division I,North Central,15.855374,13.339
Eastern Illinois University,Charleston,IL,Public,Division I,North Central,2.425491,3.893
Elmhurst University,Elmhurst,IL,Private,Division III,North Central,0.549878,2.89
Eureka College,Eureka,IL,Private,Division III,North Central,0.249468,0.508
Greenville University,Greenville,IL,Private,Division III,North Central,0.204291,0.816
University of Illinois Chicago,Chicago,IL,Public,Division I,North Central,6.15596,19.781
Benedictine University,Lisle,IL,Private,Division III,North Central,0.810548,1.644
University of Illinois Urbana-Champaign,Champaign,IL,Public,Division I,North Central,25.536414,33.994
Illinois Wesleyan University,Bloomington,IL,Private,Division III,North Central,0.540033,1.566
Illinois College,Jacksonville,IL,Private,Division III,North Central,0.409238,0.902
Illinois Institute of Technology,Chicago,IL,Private,Division III,North Central,0.317821,2.626
Illinois State University,Normal,IL,Public,Division I,North Central,4.702435,17.404
Knox College,Galesburg,IL,Private,Division III,North Central,0.492911,0.995
Lake Forest College,Lake Forest,IL,Private,Division III,North Central,0.270558,1.758
Lewis University,Romeoville,IL,Private,Division II,North Central,1.394683,3.151
Loyola University Chicago,Chicago,IL,Private,Division I,North Central,9.083706,11.098
McKendree University,Lebanon,IL,Private,Division II,North Central,1.294861,1.487
Millikin University,Decatur,IL,Private,Division III,North Central,0.455699,1.399
Monmouth College,Monmouth,IL,Private,Division III,North Central,0.193074,0.723
North Central College,Naperville,IL,Private,Division III,North Central,0.452574,2.325
North Park University,Chicago,IL,Private,Division III,North Central,0.575847,1.732
Northern Illinois University,Dekalb,IL,Public,Division I,North Central,4.399287,9.895
Northwestern University,Evanston,IL,Private,Division I,North Central,19.984728,8.732
Quincy University,Quincy,IL,Private,Division II,North Central,1.36299,1.011
Rockford University,Rockford,IL,Private,Division III,North Central,0.32559,0.888
University of Illinois Springfield,Springfield,IL,Public,Division II,North Central,0.932611,1.633
Southern Illinois University-Carbondale,Carbondale,IL,Public,Division I,North Central,5.026321,6.845
Southern Illinois University-Edwardsville,Edwardsville,IL,Public,Division I,North Central,2.468058,7.505
Western Illinois University,Macomb,IL,Public,Division I,North Central,2.579944,4.252
Wheaton College,Wheaton,IL,Private,Division III,North Central,0.502691,2.043
Anderson University,Anderson,IN,Private,Division III,North Central,0.375264,1.016
Ball State University,Muncie,IN,Public,Division I,North Central,4.744867,12.857
Butler University,Indianapolis,IN,Private,Division I,North Central,11.52014,4.313
DePauw University,Greencastle,IN,Private,Division III,North Central,0.666816,1.789
Earlham College,Richmond,IN,Private,Division III,North Central,0.310713,0.608
University of Evansville,Evansville,IN,Private,Division I,North Central,4.999097,1.44
Franklin College,Franklin,IN,Private,Division III,North Central,0.255022,0.865
Hanover College,Hanover,IN,Private,Division III,North Central,0.477378,0.952
Purdue University Fort Wayne,Fort Wayne,IN,Public,Division I,North Central,4.058702,4.596
Indiana University-Purdue University-Indianapolis,Indianapolis,IN,Public,Division I,North Central,3.961261,14.27
University of Indianapolis,Indianapolis,IN,Private,Division II,North Central,1.860971,2.958
University of Southern Indiana,Evansville,IN,Public,Division II,North Central,2.502245,4.748
Indiana State University,Terre Haute,IN,Public,Division I,North Central,4.074983,5.578
Indiana University-Bloomington,Bloomington,IN,Public,Division I,North Central,29.127666,35.754
Manchester University,North Manchester,IN,Private,Division III,North Central,0.280768,0.888
University of Notre Dame,Notre Dame,IN,Private,Division I,North Central,20.592084,8.909
Rose-Hulman Institute of Technology,Terre Haute,IN,Private,Division III,North Central,0.455887,2.206
Trine University,Angola,IN,Private,Division III,North Central,0.788003,2.313
Valparaiso University,Valparaiso,IN,Private,Division I,North Central,4.757081,2.196
Buena Vista University,Storm Lake,IA,Private,Division III,North Central,0.474451,1.215
Central College,Pella,IA,Private,Division III,North Central,0.440898,1.04
Coe College,Cedar Rapids,IA,Private,Division III,North Central,0.329106,1.233
Cornell College,Mount Vernon,IA,Private,Division III,North Central,0.417933,1.071
Drake University,Des Moines,IA,Private,Division I,North Central,7.075974,2.602
University of Dubuque,Dubuque,IA,Private,Division III,North Central,0.567969,1.255
Grinnell College,Grinnell,IA,Private,Division III,North Central,0.34482,1.702
Iowa State University,Ames,IA,Public,Division I,North Central,15.020991,24.038
University of Iowa,Iowa City,IA,Public,Division I,North Central,21.717974,20.492
Loras College,Dubuque,IA,Private,Division III,North Central,0.630736,1.059
Luther College,Decorah,IA,Private,Division III,North Central,0.276368,1.44
University of Northern Iowa,Cedar Falls,IA,Public,Division I,North Central,4.563252,6.97
Simpson College,Indianola,IA,Private,Division III,North Central,0.415547,1.09
Upper Iowa University,Fayette,IA,Private,Division II,North Central,0.99672,1.153
Wartburg College,Waverly,IA,Private,Division III,North Central,0.444905,1.413
Emporia State University,Emporia,KS,Public,Division II,North Central,1.655802,2.172
Fort Hays State University,Hays,KS,Public,Division II,North Central,1.105208,4.504
University of Kansas,Lawrence,KS,Public,Division I,North Central,25.432548,18.192
Newman University,Wichita,KS,Private,Division II,North Central,1.156526,0.818
Kansas State University,Manhattan,KS,Public,Division I,North Central,11.218413,13.516
Pittsburg State University,Pittsburg,KS,Public,Division II,North Central,1.644188,3.878
Washburn University,Topeka,KS,Public,Division II,North Central,1.547247,3.372
Wichita State University,Wichita,KS,Public,Division I,North Central,9.028839,8.498
Asbury University,Wilmore,KY,Private,Division III,South,0.22043,1.219
Bellarmine University,Louisville,KY,Private,Division I,South,3.969026,2.219
Berea College,Berea,KY,Private,Division III,South,0.366895,1.468
Centre College,Danville,KY,Private,Division III,South,0.329872,1.338
Eastern Kentucky University,Richmond,KY,Public,Division I,South,3.715222,9.944
Kentucky State University,Frankfort,KY,Public,Division II,South,1.505616,1.185
Kentucky Wesleyan College,Owensboro,KY,Private,Division II,South,1.45874,0.772
University of Kentucky,Lexington,KY,Public,Division I,South,38.069502,21.784
University of Louisville,Louisville,KY,Public,Division I,South,27.878531,11.725
Morehead State University,Morehead,KY,Public,Division I,South,3.637973,4.298
Murray State University,Murray,KY,Public,Division I,South,4.930111,6.047
Northern Kentucky University,Highland Heights,KY,Public,Division I,South,4.467815,6.703
Spalding University,Louisville,KY,Private,Division III,South,0.25705,0.513
Thomas More University,Crestview Hills,KY,Private,Division II,South,0.969499,1.236
Transylvania University,Lexington,KY,Private,Division III,South,0.655,0.999
Western Kentucky University,Bowling Green,KY,Public,Division I,South,5.597046,11.12
Centenary College of Louisiana,Shreveport,LA,Private,Division III,South,0.319404,0.613
Grambling State University,Grambling,LA,Public,Division I,South,2.395972,3.703
Louisiana State University and Agricultural & Mechanical College,Baton Rouge,LA,Public,Division I,South,22.625925,27.764
Louisiana Tech University,Ruston,LA,Public,Division I,South,4.595946,7.432
McNeese State University,Lake Charles,LA,Public,Division I,South,3.347509,4.382
University of New Orleans,New Orleans,LA,Public,Division I,South,2.558471,3.794
Nicholls State University,Thibodaux,LA,Public,Division I,South,1.860893,4.265
University of Louisiana at Monroe,Monroe,LA,Public,Division I,South,3.150481,3.954
Northwestern State University of Louisiana,Natchitoches,LA,Public,Division I,South,2.391537,4.326
Southeastern Louisiana University,Hammond,LA,Public,Division I,South,2.480179,8.066
Southern University and A & M College,Baton Rouge,LA,Public,Division I,South,2.278121,5.328
University of Louisiana at Lafayette,Lafayette,LA,Public,Division I,South,5.543709,10.974
Tulane University of Louisiana,New Orleans,LA,Private,Division I,South,9.060672,7.384
Bates College,Lewiston,ME,Private,Division III,Northeast,0.738495,1.753
Bowdoin College,Brunswick,ME,Private,Division III,Northeast,0.614649,1.845
Colby College,Waterville,ME,Private,Division III,Northeast,0.617193,2.282
University of Maine at Farmington,Farmington,ME,Public,Division III,Northeast,0.188276,1.002
University of Maine,Orono,ME,Public,Division I,Northeast,3.673397,7.271
Maine Maritime Academy,Castine,ME,Public,Division III,Northeast,0.331321,0.861
University of Maine at Presque Isle,Presque Isle,ME,Public,Division III,Northeast,0.151007,0.835
University of New England,Biddeford,ME,Private,Division III,Northeast,0.375694,2.165
Saint Joseph's College of Maine,Standish,ME,Private,Division III,Northeast,0.336633,0.747
University of Southern Maine,Portland,ME,Public,Division III,Northeast,0.302346,3.355
Thomas College,Waterville,ME,Private,Division III,Northeast,0.224103,0.681
Bowie State University,Bowie,MD,Public,Division II,South,0.958483,4.375
Coppin State University,Baltimore,MD,Public,Division I,South,1.502927,1.392
Frostburg State University,Frostburg,MD,Public,Division II,South,0.702112,2.38
Goucher College,Baltimore,MD,Private,Division III,South,0.336013,0.918
Hood College,Frederick,MD,Private,Division III,South,0.321395,1.172
Loyola University Maryland,Baltimore,MD,Private,Division I,South,4.112225,3.953
University of Maryland-Baltimore County,Baltimore,MD,Public,Division I,South,4.413768,9.073
University of Maryland-College Park,College Park,MD,Public,Division I,South,20.94632,28.371
University of Maryland Eastern Shore,Princess Anne,MD,Public,Division I,South,2.325008,2.058
Morgan State University,Baltimore,MD,Public,Division I,South,3.424486,7.675
Mount St. Mary's University,Emmitsburg,MD,Private,Division I,South,3.571551,1.711
Notre Dame of Maryland University,Baltimore,MD,Private,Division III,South,0.121313,0.534
Salisbury University,Salisbury,MD,Public,Division III,South,0.314907,5.765
St. Mary's College of Maryland,St. Mary's City,MD,Public,Division III,South,0.455551,1.544
Towson University,Towson,MD,Public,Division I,South,4.401404,14.516
Stevenson University,Owings Mills,MD,Private,Division III,South,0.376504,2.753
Washington College,Chestertown,MD,Private,Division III,South,0.367396,0.88
McDaniel College,Westminster,MD,Private,Division III,South,0.466492,1.639
American International College,Springfield,MA,Private,Division II,Northeast,1.449962,1.066
Amherst College,Amherst,MA,Private,Division III,Northeast,0.669985,1.907
Anna Maria College,Paxton,MA,Private,Division III,Northeast,0.207955,0.832
Assumption University,Worcester,MA,Private,Division II,Northeast,1.525104,1.652
Babson College,Wellesley,MA,Private,Division III,Northeast,0.658888,2.69
Bentley University,Waltham,MA,Private,Division II,Northeast,2.4819,4.242
Boston College,Chestnut Hill,MA,Private,Division I,Northeast,17.685985,9.702
Boston University,Boston,MA,Private,Division I,Northeast,5.119609,17.664
Brandeis University,Waltham,MA,Private,Division III,Northeast,0.888033,3.656
Bridgewater State University,Bridgewater,MA,Public,Division III,Northeast,0.226039,6.546
Clark University,Worcester,MA,Private,Division III,Northeast,0.467767,2.32
Curry College,Milton,MA,Private,Division III,Northeast,0.174324,1.616
Dean College,Franklin,MA,Private,Division III,Northeast,0.215358,1.083
Eastern Nazarene College,Quincy,MA,Private,Division III,Northeast,0.181357,0.359
Emerson College,Boston,MA,Private,Division III,Northeast,0.364743,4.106
Emmanuel College,Boston,MA,Private,Division III,Northeast,0.198912,1.822
Endicott College,Beverly,MA,Private,Division III,Northeast,0.33097,3.004
Fitchburg State University,Fitchburg,MA,Public,Division III,Northeast,0.152835,2.302
Framingham State University,Framingham,MA,Public,Division III,Northeast,0.174792,2.319
Gordon College,Wenham,MA,Private,Division III,Northeast,0.410732,1.203
Harvard University,Cambridge,MA,Private,Division I,Northeast,3.529648,7.233
College of the Holy Cross,Worcester,MA,Private,Division I,Northeast,4.641097,3.015
Lasell University,Newton,MA,Private,Division III,Northeast,0.330239,1.097
Lesley University,Cambridge,MA,Private,Division III,Northeast,0.060767,0.892
University of Massachusetts-Lowell,Lowell,MA,Public,Division I,Northeast,4.070858,9.437
University of Massachusetts-Amherst,Amherst,MA,Public,Division I,Northeast,8.58109,22.475
University of Massachusetts-Boston,Boston,MA,Public,Division III,Northeast,0.341396,9.96
Massachusetts Institute of Technology,Cambridge,MA,Private,Division III,Northeast,0.324357,4.538
Merrimack College,North Andover,MA,Private,Division I,Northeast,3.853145,3.96
Nichols College,Dudley,MA,Private,Division III,Northeast,0.325295,1.058
Massachusetts College of Liberal Arts,North Adams,MA,Public,Division III,Northeast,0.13,0.675
Northeastern University,Boston,MA,Private,Division I,Northeast,6.552308,15.719
College of Our Lady of the Elms,Chicopee,MA,Private,Division III,Northeast,0.185849,0.858
Regis College,Weston,MA,Private,Division III,Northeast,0.177821,0.866
Salem State University,Salem,MA,Public,Division III,Northeast,0.086232,3.719
Springfield College,Springfield,MA,Private,Division III,Northeast,0.449303,1.904
University of Massachusetts-Dartmouth,North Dartmouth,MA,Public,Division III,Northeast,0.278053,4.699
Stonehill College,Easton,MA,Private,Division I,Northeast,3.495509,2.447
Suffolk University,Boston,MA,Private,Division III,Northeast,0.291361,4.328
Tufts University,Medford,MA,Private,Division III,Northeast,0.643657,6.662
Wentworth Institute of Technology,Boston,MA,Private,Division III,Northeast,0.308645,3.464
Western New England University,Springfield,MA,Private,Division III,Northeast,0.513046,2.433
Westfield State University,Westfield,MA,Public,Division III,Northeast,0.255212,3.084
Wheaton College (Massachusetts),Norton,MA,Private,Division III,Northeast,0.369225,1.74
Williams College,Williamstown,MA,Private,Division III,Northeast,0.571507,2.06
Worcester Polytechnic Institute,Worcester,MA,Private,Division III,Northeast,0.721651,5.245
Worcester State University,Worcester,MA,Public,Division III,Northeast,0.216701,3.354
Adrian College,Adrian,MI,Private,Division III,North Central,0.262611,1.619
Albion College,Albion,MI,Private,Division III,North Central,0.499957,1.338
Alma College,Alma,MI,Private,Division III,North Central,0.409027,1.188
Calvin University,Grand Rapids,MI,Private,Division III,North Central,0.597258,2.737
Central Michigan University,Mount Pleasant,MI,Public,Division I,North Central,4.002926,8.564
Davenport University,Grand Rapids,MI,Private,Division II,North Central,1.437861,1.923
University of Detroit Mercy,Detroit,MI,Private,Division I,North Central,5.878454,2.123
Eastern Michigan University,Ypsilanti,MI,Public,Division I,North Central,3.986057,7.92
Grand Valley State University,Allendale,MI,Public,Division II,North Central,2.499018,17.207
Hope College,Holland,MI,Private,Division III,North Central,0.451288,3.2
Kalamazoo College,Kalamazoo,MI,Private,Division III,North Central,0.26585,1.169
Lake Superior State University,Sault Ste Marie,MI,Public,Division II,North Central,1.319731,1.206
University of Michigan-Ann Arbor,Ann Arbor,MI,Public,Division I,North Central,21.702417,32.179
Michigan State University,East Lansing,MI,Public,Division I,North Central,24.738404,37.367
Michigan Technological University,Houghton,MI,Public,Division II,North Central,1.560024,5.613
Northern Michigan University,Marquette,MI,Public,Division II,North Central,1.676874,5.593
Northwood University,Midland,MI,Private,Division II,North Central,1.444504,1.287
Oakland University,Rochester Hills,MI,Public,Division I,North Central,4.454078,10.106
The University of Olivet,Olivet,MI,Private,Division III,North Central,0.41632,0.894
Saginaw Valley State University,University Center,MI,Public,Division II,North Central,1.333236,5.254
Wayne State University,Detroit,MI,Public,Division II,North Central,1.631019,12.464
Western Michigan University,Kalamazoo,MI,Public,Division I,North Central,3.785349,11.013
Augsburg University,Minneapolis,MN,Private,Division III,North Central,0.388872,2.291
Bemidji State University,Bemidji,MN,Public,Division II,North Central,1.018749,2.252
Bethany Lutheran College,Mankato,MN,Private,Division III,North Central,0.361684,0.663
Bethel University,Saint Paul,MN,Private,Division III,North Central,0.409005,1.741
Carleton College,Northfield,MN,Private,Division III,North Central,0.152901,2.019
Concordia College at Moorhead,Moorhead,MN,Private,Division III,North Central,0.404034,1.685
Concordia University-Saint Paul,Saint Paul,MN,Private,Division II,North Central,1.185793,2.069
Martin Luther College,New Ulm,MN,Private,Division III,North Central,0.163435,0.601
Gustavus Adolphus College,Saint Peter,MN,Private,Division III,North Central,0.503034,1.891
Hamline University,Saint Paul,MN,Private,Division III,North Central,0.370959,1.626
Macalester College,Saint Paul,MN,Private,Division III,North Central,0.49041,2.102
Minnesota State University-Mankato,Mankato,MN,Public,Division II,North Central,1.478763,9.761
University of Minnesota-Twin Cities,Minneapolis,MN,Public,Division I,North Central,15.130749,28.533
University of Minnesota-Crookston,Crookston,MN,Public,Division II,North Central,1.188405,1.12
University of Minnesota-Duluth,Duluth,MN,Public,Division II,North Central,1.44938,7.091
University of Minnesota-Morris,Morris,MN,Public,Division III,North Central,0.247521,0.933
Minnesota State University Moorhead,Moorhead,MN,Public,Division II,North Central,1.114747,2.652
North Central University,Minneapolis,MN,Private,Division III,North Central,0.283508,0.72
University of Northwestern-St Paul,Saint Paul,MN,Private,Division III,North Central,0.172964,1.361
Saint Cloud State University,Saint Cloud,MN,Public,Division II,North Central,1.310715,4.08
Saint Mary's University of Minnesota,Winona,MN,Private,Division III,North Central,0.351643,0.862
St Olaf College,Northfield,MN,Private,Division III,North Central,0.311953,3.037
Crown College,Saint Bonifacius,MN,Private,Division III,North Central,0.257104,0.631
The College of Saint Scholastica,Duluth,MN,Private,Division III,North Central,0.369213,1.58
University of St Thomas,Saint Paul,MN,Private,Division I,North Central,4.008471,5.886
St Catherine University,Saint Paul,MN,Private,Division III,North Central,0.168543,1.678
Southwest Minnesota State University,Marshall,MN,Public,Division II,North Central,0.968378,1.481
Winona State University,Winona,MN,Public,Division II,North Central,1.049919,4.442
Alcorn State University,Alcorn State,MS,Public,Division I,South,1.640684,1.966
Belhaven University,Jackson,MS,Private,Division III,South,0.492448,1.088
Delta State University,Cleveland,MS,Public,Division II,South,0.85825,1.407
Jackson State University,Jackson,MS,Public,Division I,South,1.858567,4.27
Millsaps College,Jackson,MS,Private,Division III,South,0.325881,0.578
University of Mississippi,University,MS,Public,Division I,South,23.445063,17.957
Mississippi University for Women,Columbus,MS,Public,Division III,South,0.337391,1.447
Mississippi Valley State University,Itta Bena,MS,Public,Division I,South,1.315388,1.107
Mississippi College,Clinton,MS,Private,Division II,South,1.326082,2.318
Mississippi State University,Mississippi State,MS,Public,Division I,South,16.671379,16.542
University of Southern Mississippi,Hattiesburg,MS,Public,Division I,South,4.046473,8.412
University of Central Missouri,Warrensburg,MO,Public,Division II,North Central,1.668681,4.879
Drury University,Springfield,MO,Private,Division II,North Central,1.767949,1.35
Fontbonne University,Saint Louis,MO,Private,Division III,North Central,0.210101,0.588
Lincoln University,Jefferson City,MO,Public,Division II,North Central,0.95171,1.175
Lindenwood University,Saint Charles,MO,Private,Division I,North Central,2.304704,4.048
Maryville University of Saint Louis,Saint Louis,MO,Private,Division II,North Central,1.466897,3.608
Missouri Southern State University,Joplin,MO,Public,Division II,North Central,1.247859,2.525
Missouri Western State University,Saint Joseph,MO,Public,Division II,North Central,1.496535,2.097
University of Missouri-Columbia,Columbia,MO,Public,Division I,North Central,22.149912,22.045
University of Missouri-Kansas City,Kansas City,MO,Public,Division I,North Central,5.156933,5.724
Missouri University of Science and Technology,Rolla,MO,Public,Division II,North Central,1.198309,4.946
University of Missouri-St Louis,Saint Louis,MO,Public,Division II,North Central,1.067061,3.782
Truman State University,Kirksville,MO,Public,Division II,North Central,1.085087,2.585
Northwest Missouri State University,Maryville,MO,Public,Division II,North Central,1.857606,4.137
Rockhurst University,Kansas City,MO,Private,Division II,North Central,1.480529,1.63
Saint Louis University,Saint Louis,MO,Private,Division I,North Central,12.394872,6.694
Southwest Baptist University,Bolivar,MO,Private,Division II,North Central,1.137738,1.094
Southeast Missouri State University,Cape Girardeau,MO,Public,Division I,North Central,2.60306,5.846
Missouri State University-Springfield,Springfield,MO,Public,Division I,North Central,6.056883,11.497
Washington University in St Louis,Saint Louis,MO,Private,Division III,North Central,1.078616,7.523
Webster University,Saint Louis,MO,Private,Division III,North Central,0.274644,1.816
Westminster College,Fulton,MO,Private,Division III,North Central,0.308123,0.585
William Jewell College,Liberty,MO,Private,Division II,North Central,1.01766,0.841
Montana State University Billings,Billings,MT,Public,Division II,West,1.385129,1.867
Montana State University,Bozeman,MT,Public,Division I,West,4.937615,12.759
The University of Montana,Missoula,MT,Public,Division I,West,5.10534,6.091
Chadron State College,Chadron,NE,Public,Division II,North Central,1.017063,1.464
Creighton University,Omaha,NE,Private,Division I,North Central,16.042735,4.16
University of Nebraska at Kearney,Kearney,NE,Public,Division II,North Central,1.324814,3.672
University of Nebraska at Omaha,Omaha,NE,Public,Division I,North Central,4.590049,9.852
Nebraska Wesleyan University,Lincoln,NE,Private,Division III,North Central,0.354139,1.478
University of Nebraska-Lincoln,Lincoln,NE,Public,Division I,North Central,17.868941,18.078
Wayne State College,Wayne,NE,Public,Division II,North Central,1.119921,2.831
University of Nevada-Las Vegas,Las Vegas,NV,Public,Division I,West,7.097114,19.733
University of Nevada-Reno,Reno,NV,Public,Division I,West,9.04439,13.717
Colby-Sawyer College,New London,NH,Private,Division III,Northeast,0.177225,0.699
Dartmouth College,Hanover,NH,Private,Division I,Northeast,2.54667,4.366
Franklin Pierce University,Rindge,NH,Private,Division II,Northeast,1.295678,0.872
New England College,Henniker,NH,Private,Division III,Northeast,0.304274,0.95
Southern New Hampshire University,Manchester,NH,Private,Division II,Northeast,1.198863,49.043
University of New Hampshire-Main Campus,Durham,NH,Public,Division I,Northeast,3.35866,11.042
Keene State College,Keene,NH,Public,Division III,Northeast,0.454443,2.646
Plymouth State University,Plymouth,NH,Public,Division III,Northeast,0.177122,3.246
Rivier University,Nashua,NH,Private,Division III,Northeast,0.234696,0.994
Saint Anselm College,Manchester,NH,Private,Division II,Northeast,2.060369,2.017
Bloomfield College,Bloomfield,NJ,Private,Division II,Northeast,0.258694,0.832
Caldwell University,Caldwell,NJ,Private,Division II,Northeast,0.738855,1.392
Centenary University,Hackettstown,NJ,Private,Division III,Northeast,0.137893,0.901
Drew University,Madison,NJ,Private,Division III,Northeast,0.31166,1.497
Fairleigh Dickinson University-Metropolitan Campus,Teaneck,NJ,Private,Division I,Northeast,3.123357,2.012
Felician University,Lodi,NJ,Private,Division II,Northeast,1.073298,1.673
Fairleigh Dickinson University-Florham Campus,Madison,NJ,Private,Division III,Northeast,0.291888,1.879
Georgian Court University,Lakewood,NJ,Private,Division II,Northeast,1.194825,1.09
Rowan University,Glassboro,NJ,Public,Division III,Northeast,0.414998,13.005
New Jersey City University,Jersey City,NJ,Public,Division III,Northeast,0.318853,3.544
Kean University,Union,NJ,Public,Division III,Northeast,0.450303,9.277
Monmouth University,West Long Branch,NJ,Private,Division I,Northeast,6.067088,3.707
Montclair State University,Montclair,NJ,Public,Division III,Northeast,0.470387,16.236
New Jersey Institute of Technology,Newark,NJ,Public,Division I,Northeast,4.30143,7.849
Princeton University,Princeton,NJ,Private,Division I,Northeast,3.829074,5.579
Ramapo College of New Jersey,Mahwah,NJ,Public,Division III,Northeast,0.496413,4.378
Rider University,Lawrenceville,NJ,Private,Division I,Northeast,4.064708,3.047
Rutgers University-Camden,Camden,NJ,Public,Division III,Northeast,0.302668,3.318
Rutgers University-New Brunswick,New Brunswick,NJ,Public,Division I,Northeast,22.741637,35.051
Rutgers University-Newark,Newark,NJ,Public,Division III,Northeast,0.416443,6.439
Saint Peter's University,Jersey City,NJ,Private,Division I,Northeast,3.812787,1.848
Seton Hall University,South Orange,NJ,Private,Division I,Northeast,13.096895,5.802
Saint Elizabeth University,Morristown,NJ,Private,Division III,Northeast,0.221691,0.578
Stevens Institute of Technology,Hoboken,NJ,Private,Division III,Northeast,0.519041,4.063
Stockton University,Galloway,NJ,Public,Division III,Northeast,0.468402,7.435
The College of New Jersey,Ewing,NJ,Public,Division III,Northeast,0.428008,6.67
William Paterson University of New Jersey,Wayne,NJ,Public,Division III,Northeast,0.325247,5.13
Eastern New Mexico University-Main Campus,Portales,NM,Public,Division II,West,1.104863,2.228
New Mexico Highlands University,Las Vegas,NM,Public,Division II,West,0.882537,1.014
University of New Mexico-Main Campus,Albuquerque,NM,Public,Division I,West,7.961686,13.591
New Mexico State University-Main Campus,Las Cruces,NM,Public,Division I,West,5.566362,9.829
Western New Mexico University,Silver City,NM,Public,Division II,West,1.167131,1.171
Adelphi University,Garden City,NY,Private,Division II,Northeast,1.539132,4.88
Alfred University,Alfred,NY,Private,Division III,Northeast,0.280972,1.38
Bard College,Annandale-On-Hudson,NY,Private,Division III,Northeast,0.339437,2.101
Canisius University,Buffalo,NY,Private,Division I,Northeast,3.432125,1.721
Clarkson University,Potsdam,NY,Private,Division III,Northeast,0.291126,2.442
Colgate University,Hamilton,NY,Private,Division I,Northeast,5.647274,3.111
Columbia University in the City of New York,New York,NY,Private,Division I,Northeast,3.985542,8.299
Cornell University,Ithaca,NY,Private,Division I,Northeast,2.788673,15.784
CUNY Bernard M Baruch College,New York,NY,Public,Division III,Northeast,0.152929,12.894
CUNY Brooklyn College,Brooklyn,NY,Public,Division III,Northeast,0.135178,8.11
College of Staten Island CUNY,Staten Island,NY,Public,Division II,Northeast,0.607059,7.623
CUNY City College,New York,NY,Public,Division III,Northeast,0.03994,9.909
CUNY Hunter College,New York,NY,Public,Division III,Northeast,0.107455,13.578
CUNY John Jay College of Criminal Justice,New York,NY,Public,Division III,Northeast,0.192103,9.506
CUNY Lehman College,Bronx,NY,Public,Division III,Northeast,0.12092,7.383
CUNY Medgar Evers College,Brooklyn,NY,Public,Division III,Northeast,0.099222,2.49
CUNY Queens College,Queens,NY,Public,Division II,Northeast,0.55934,10.305
CUNY York College,Jamaica,NY,Public,Division III,Northeast,0.083977,3.215
D'Youville  University,Buffalo,NY,Private,Division II,Northeast,0.783407,1.068
Daemen University,Amherst,NY,Private,Division II,Northeast,1.213373,1.657
Dominican University New York,Orangeburg,NY,Private,Division II,Northeast,0.865048,1.022
Elmira College,Elmira,NY,Private,Division III,Northeast,0.271553,0.565
Fordham University,Bronx,NY,Private,Division I,Northeast,11.002637,9.821
Hamilton College,Clinton,NY,Private,Division III,Northeast,0.89734,2.044
Hartwick College,Oneonta,NY,Private,Division III,Northeast,0.279071,1.088
Hilbert College,Hamburg,NY,Private,Division III,Northeast,0.308402,0.874
Hobart William Smith Colleges,Geneva,NY,Private,Division III,Northeast,0.550243,1.588
Hofstra University,Hempstead,NY,Private,Division I,Northeast,7.361033,5.966
Houghton University,Houghton,NY,Private,Division III,Northeast,0.199785,0.826
Iona University,New Rochelle,NY,Private,Division I,Northeast,6.637263,2.701
Ithaca College,Ithaca,NY,Private,Division III,Northeast,0.510242,4.279
Keuka College,Keuka Park,NY,Private,Division III,Northeast,0.236392,0.851
Le Moyne College,Syracuse,NY,Private,Division I,Northeast,2.158569,2.184
Long Island University,Brookville,NY,Private,Division I,Northeast,5.423255,4.967
Manhattan College,Riverdale,NY,Private,Division I,Northeast,4.026383,2.783
Manhattanville College,Purchase,NY,Private,Division III,Northeast,0.277013,1.217
Marist College,Poughkeepsie,NY,Private,Division I,Northeast,4.526965,4.878
Mercy University,Dobbs Ferry,NY,Private,Division II,Northeast,0.507307,4.889
Molloy College,Rockville Centre,NY,Private,Division II,Northeast,0.627589,2.676
Mount Saint Mary College,Newburgh,NY,Private,Division III,Northeast,0.291218,1.063
University of Mount Saint Vincent,Bronx,NY,Private,Division III,Northeast,0.199756,2.228
Nazareth University,Rochester,NY,Private,Division III,Northeast,0.282324,1.843
New York University,New York,NY,Private,Division III,Northeast,1.263549,28.491
Niagara University,Niagara University,NY,Private,Division I,Northeast,4.415894,2.661
Pace University,New York,NY,Private,Division II,Northeast,1.412524,7.434
Pratt Institute-Main,Brooklyn,NY,Private,Division III,Northeast,0.256902,3.699
Rensselaer Polytechnic Institute,Troy,NY,Private,Division III,Northeast,0.412649,5.882
Roberts Wesleyan University,Rochester,NY,Private,Division II,Northeast,0.701072,0.941
University of Rochester,Rochester,NY,Private,Division III,Northeast,0.697289,6.321
Russell Sage College,Troy,NY,Private,Division III,Northeast,0.153879,1.054
St Bonaventure University,Saint Bonaventure,NY,Private,Division I,Northeast,7.493131,1.875
St Lawrence University,Canton,NY,Private,Division III,Northeast,0.35071600000000003,2.038
St. Thomas Aquinas College,Sparkill,NY,Private,Division II,Northeast,1.237226,0.987
Sarah Lawrence College,Bronxville,NY,Private,Division III,Northeast,0.193303,1.446
Siena College,Loudonville,NY,Private,Division I,Northeast,5.845794,3.38
Skidmore College,Saratoga Springs,NY,Private,Division III,Northeast,0.297741,2.735
St. Joseph's University-New York,Brooklyn,NY,Private,Division III,Northeast,0.212689,3.021
St. John Fisher University,Rochester,NY,Private,Division III,Northeast,0.497998,2.525
St. John's University-New York,Queens,NY,Private,Division I,Northeast,21.336894,9.558
SUNY College of Technology at Alfred,Alfred,NY,Public,Division III,Northeast,0.330367,3.231
SUNY College of Technology at Canton,Canton,NY,Public,Division III,Northeast,0.295987,2.326
SUNY College of Technology at Delhi,Delhi,NY,Public,Division III,Northeast,0.190594,2.214
SUNY College of Agriculture and Technology at Cobleskill,Cobleskill,NY,Public,Division III,Northeast,0.248236,1.671
Farmingdale State College,Farmingdale,NY,Public,Division III,Northeast,0.201879,7.534
SUNY Morrisville,Morrisville,NY,Public,Division III,Northeast,0.35899,1.687
University at Albany,Albany,NY,Public,Division I,Northeast,3.619754,11.551
Binghamton University,Vestal,NY,Public,Division I,Northeast,4.749465,14.086
University at Buffalo,Buffalo,NY,Public,Division I,Northeast,7.157616,18.902
Stony Brook University,Stony Brook,NY,Public,Division I,Northeast,5.800086,16.388
SUNY Polytechnic Institute,Utica,NY,Public,Division III,Northeast,0.311965,1.625
SUNY Brockport,Brockport,NY,Public,Division III,Northeast,0.352901,4.837
SUNY Buffalo State University,Buffalo,NY,Public,Division III,Northeast,0.337641,4.871
State University of New York at Cortland,Cortland,NY,Public,Division III,Northeast,0.328734,5.772
SUNY at Fredonia,Fredonia,NY,Public,Division III,Northeast,0.350651,2.783
SUNY College at Geneseo,Geneseo,NY,Public,Division III,Northeast,0.401624,3.713
State University of New York at New Paltz,New Paltz,NY,Public,Division III,Northeast,0.372673,5.564
SUNY Oneonta,Oneonta,NY,Public,Division III,Northeast,0.41796,4.757
State University of New York at Oswego,Oswego,NY,Public,Division III,Northeast,0.351334,5.304
SUNY College at Potsdam,Potsdam,NY,Public,Division III,Northeast,0.261156,1.882
SUNY at Purchase College,Purchase,NY,Public,Division III,Northeast,0.221545,2.911
SUNY Old Westbury,Old Westbury,NY,Public,Division III,Northeast,0.16394,3.433
SUNY College at Plattsburgh,Plattsburgh,NY,Public,Division III,Northeast,0.386254,3.389
SUNY Maritime College,Throggs Neck,NY,Public,Division III,Northeast,0.07751,1.167
Syracuse University,Syracuse,NY,Private,Division I,Northeast,23.027879,14.732
Union College,Schenectady,NY,Private,Division III,Northeast,0.534573,2.057
United States Merchant Marine Academy,Kings Point,NY,Public,Division III,Northeast,0.462911,0.947
Utica University,Utica,NY,Private,Division III,Northeast,0.410558,2.243
Vassar College,Poughkeepsie,NY,Private,Division III,Northeast,0.41084,2.426
Wagner College,Staten Island,NY,Private,Division I,Northeast,4.086736,1.54
Yeshiva University,New York,NY,Private,Division III,Northeast,0.259312,2.922
Appalachian State University,Boone,NC,Public,Division I,South,4.043145,18.079
Barton College,Wilson,NC,Private,Division II,South,0.989909,0.978
Belmont Abbey College,Belmont,NC,Private,Division II,South,0.909639,1.402
Brevard College,Brevard,NC,Private,Division III,South,0.337088,0.747
Campbell University,Buies Creek,NC,Private,Division I,South,4.064623,2.364
Catawba College,Salisbury,NC,Private,Division II,South,1.319464,1.069
Chowan University,Murfreesboro,NC,Private,Division II,South,0.886519,0.611
Davidson College,Davidson,NC,Private,Division I,South,6.401781,1.901
Duke University,Durham,NC,Private,Division I,South,34.64985,6.391
East Carolina University,Greenville,NC,Public,Division I,South,7.289086,17.222
Elizabeth City State University,Elizabeth City,NC,Public,Division II,South,1.307158,1.678
Elon University,Elon,NC,Private,Division I,South,5.169583,6.248
Fayetteville State University,Fayetteville,NC,Public,Division II,South,1.072375,4.058
Gardner-Webb University,Boiling Springs,NC,Private,Division I,South,2.193843,1.575
Greensboro College,Greensboro,NC,Private,Division III,South,0.30139,0.637
Guilford College,Greensboro,NC,Private,Division III,South,0.454923,0.991
High Point University,High Point,NC,Private,Division I,South,6.946423,4.943
Johnson C Smith University,Charlotte,NC,Private,Division II,South,1.530174,1.006
Lees-McRae College,Banner Elk,NC,Private,Division II,South,1.073506,0.795
Lenoir-Rhyne University,Hickory,NC,Private,Division II,South,1.157014,1.299
Livingstone College,Salisbury,NC,Private,Division II,South,1.047229,0.795
Mars Hill University,Mars Hill,NC,Private,Division II,South,0.971957,0.948
Methodist University,Fayetteville,NC,Private,Division III,South,0.292811,1.343
University of Mount Olive,Mount Olive,NC,Private,Division II,South,0.977495,1.238
North Carolina A & T State University,Greensboro,NC,Public,Division I,South,3.672913,10.979
University of North Carolina Asheville,Asheville,NC,Public,Division I,South,2.384488,2.511
University of North Carolina at Chapel Hill,Chapel Hill,NC,Public,Division I,South,18.893843,19.836
University of North Carolina at Charlotte,Charlotte,NC,Public,Division I,South,5.748731,20.734
University of North Carolina at Greensboro,Greensboro,NC,Public,Division I,South,4.934598,11.641
North Carolina Central University,Durham,NC,Public,Division I,South,2.869908,4.786
North Carolina State University at Raleigh,Raleigh,NC,Public,Division I,South,18.404122,24.727
North Carolina Wesleyan University,Rocky Mount,NC,Private,Division III,South,0.379602,1.035
University of North Carolina Wilmington,Wilmington,NC,Public,Division I,South,4.265474,12.244
William Peace University,Raleigh,NC,Private,Division III,South,0.306479,0.582
University of North Carolina at Pembroke,Pembroke,NC,Public,Division II,South,0.729769,3.988
Pfeiffer University,Misenheimer,NC,Private,Division III,South,0.317952,0.624
Queens University of Charlotte,Charlotte,NC,Private,Division I,South,3.156378,1.322
Saint Augustine's University,Raleigh,NC,Private,Division II,South,1.193865,0.709
Salem College,Winston-Salem,NC,Private,Division III,South,0.090345,0.346
Shaw University,Raleigh,NC,Private,Division II,South,1.20556,0.754
Wake Forest University,Winston-Salem,NC,Private,Division I,South,17.731299,5.413
Warren Wilson College,Swannanoa,NC,Private,Division III,South,0.152413,0.717
Wingate University,Wingate,NC,Private,Division II,South,0.990185,2.424
Winston-Salem State University,Winston-Salem,NC,Public,Division II,South,1.428671,3.767
Western Carolina University,Cullowhee,NC,Public,Division I,South,2.404586,8.162
University of Mary,Bismarck,ND,Private,Division II,North Central,1.237449,1.991
Minot State University,Minot,ND,Public,Division II,North Central,1.106665,1.719
University of North Dakota,Grand Forks,ND,Public,Division I,North Central,4.558806,7.062
North Dakota State University-Main Campus,Fargo,ND,Public,Division I,North Central,3.54549,8.766
University of Akron Main Campus,Akron,OH,Public,Division I,North Central,5.477921,8.374
Ashland University,Ashland,OH,Private,Division II,North Central,1.609647,1.886
Baldwin Wallace University,Berea,OH,Private,Division III,North Central,0.396688,2.687
Bluffton University,Bluffton,OH,Private,Division III,North Central,0.28546,0.583
Bowling Green State University-Main Campus,Bowling Green,OH,Public,Division I,North Central,4.507719,11.531
Capital University,Columbus,OH,Private,Division III,North Central,0.506051,1.664
Case Western Reserve University,Cleveland,OH,Private,Division III,North Central,0.549717,6.068
Cedarville University,Cedarville,OH,Private,Division II,North Central,1.564012,3.764
Central State University,Wilberforce,OH,Public,Division II,North Central,0.563288,2.408
University of Cincinnati-Main Campus,Cincinnati,OH,Public,Division I,North Central,17.046159,26.082
Cleveland State University,Cleveland,OH,Public,Division I,North Central,4.692685,7.482
University of Dayton,Dayton,OH,Private,Division I,North Central,14.404252,7.882
Defiance College,Defiance,OH,Private,Division III,North Central,0.280196,0.427
Denison University,Granville,OH,Private,Division III,North Central,0.537461,2.391
The University of Findlay,Findlay,OH,Private,Division II,North Central,1.423661,2.178
Heidelberg University,Tiffin,OH,Private,Division III,North Central,0.376535,0.878
Hiram College,Hiram,OH,Private,Division III,North Central,0.25708,0.698
John Carroll University,University Heights,OH,Private,Division III,North Central,0.474566,2.187
Kent State University at Kent,Kent,OH,Public,Division I,North Central,3.964739,16.575
Kenyon College,Gambier,OH,Private,Division III,North Central,0.294448,1.752
Lake Erie College,Painesville,OH,Private,Division II,North Central,0.761189,0.671
Malone University,Canton,OH,Private,Division II,North Central,0.925133,0.729
Marietta College,Marietta,OH,Private,Division III,North Central,0.457232,1.018
Miami University-Oxford,Oxford,OH,Public,Division I,North Central,4.640764,15.979
University of Mount Union,Alliance,OH,Private,Division III,North Central,0.532664,1.768
Mount St. Joseph University,Cincinnati,OH,Private,Division III,North Central,0.421669,1.057
Muskingum University,New Concord,OH,Private,Division III,North Central,0.383021,1.279
Oberlin College,Oberlin,OH,Private,Division III,North Central,0.425246,2.941
Ohio Dominican University,Columbus,OH,Private,Division II,North Central,0.830497,0.734
Ohio Northern University,Ada,OH,Private,Division III,North Central,0.66325,2.34
Ohio State University-Main Campus,Columbus,OH,Public,Division I,North Central,29.157732,41.782
Ohio University-Main Campus,Athens,OH,Public,Division I,North Central,5.295211,15.684
Ohio Wesleyan University,Delaware,OH,Private,Division III,North Central,0.41724,1.44
Otterbein University,Westerville,OH,Private,Division III,North Central,0.37994,1.97
Franciscan University of Steubenville,Steubenville,OH,Private,Division III,North Central,0.118986,2.565
Tiffin University,Tiffin,OH,Private,Division II,North Central,1.09037,1.579
University of Toledo,Toledo,OH,Public,Division I,North Central,5.625179,9.156
Ursuline College,Pepper Pike,OH,Private,Division II,North Central,0.447492,0.522
Walsh University,North Canton,OH,Private,Division II,North Central,1.308623,1.211
Wilmington College,Wilmington,OH,Private,Division III,North Central,0.251368,0.889
Wittenberg University,Springfield,OH,Private,Division III,North Central,0.536503,1.258
The College of Wooster,Wooster,OH,Private,Division III,North Central,0.401348,1.87
Wright State University-Main Campus,Dayton,OH,Public,Division I,North Central,4.192924,5.271
Xavier University,Cincinnati,OH,Private,Division I,North Central,18.279239,4.574
Youngstown State University,Youngstown,OH,Public,Division I,North Central,3.565991,6.515
Southern Nazarene University,Bethany,OK,Private,Division II,South,1.37856,1.441
Cameron University,Lawton,OK,Public,Division II,South,0.806316,1.895
University of Central Oklahoma,Edmond,OK,Public,Division II,South,1.208978,7.864
East Central University,Ada,OK,Public,Division II,South,1.031293,1.901
Northeastern State University,Tahlequah,OK,Public,Division II,South,0.890836,3.532
Northwestern Oklahoma State University,Alva,OK,Public,Division II,South,0.873031,1.296
Oklahoma Christian University,Edmond,OK,Private,Division II,South,1.231789,1.711
Oklahoma State University-Main Campus,Stillwater,OK,Public,Division I,South,15.430338,18.882
Oklahoma Baptist University,Shawnee,OK,Private,Division II,South,1.234998,1.272
University of Oklahoma-Norman Campus,Norman,OK,Public,Division I,South,19.566438,19.121
Oral Roberts University,Tulsa,OK,Private,Division I,South,4.461972,2.83
Rogers State University,Claremore,OK,Public,Division II,South,1.311378,1.975
Southeastern Oklahoma State University,Durant,OK,Public,Division II,South,1.048251,2.196
Southwestern Oklahoma State University,Weatherford,OK,Public,Division II,South,0.838693,2.963
University of Tulsa,Tulsa,OK,Private,Division I,South,7.864551,2.27
George Fox University,Newberg,OR,Private,Division III,West,0.515149,2.339
Lewis & Clark College,Portland,OR,Private,Division III,West,0.358958,2.153
Linfield University,McMinnville,OR,Private,Division III,West,0.371517,1.557
Oregon State University,Corvallis,OR,Public,Division I,West,12.533303,20.694
University of Oregon,Eugene,OR,Public,Division I,West,18.212986,18.675
Pacific University,Forest Grove,OR,Private,Division III,West,0.59313,1.459
Portland State University,Portland,OR,Public,Division I,West,3.369003,10.254
University of Portland,Portland,OR,Private,Division I,West,5.798773,3.051
Willamette University,Salem,OR,Private,Division III,West,0.425393,1.51
Western Oregon University,Monmouth,OR,Public,Division II,West,1.221202,2.785
Bryn Athyn College of the New Church,Bryn Athyn,PA,Private,Division III,Northeast,0.172538,0.267
Albright College,Reading,PA,Private,Division III,Northeast,0.150506,1.215
Allegheny College,Meadville,PA,Private,Division III,Northeast,0.435298,1.151
DeSales University,Center Valley,PA,Private,Division III,Northeast,0.385997,1.845
Alvernia University,Reading,PA,Private,Division III,Northeast,0.278666,1.716
Arcadia University,Glenside,PA,Private,Division III,Northeast,0.301536,1.581
Bucknell University,Lewisburg,PA,Private,Division I,Northeast,4.998751,3.813
Carlow University,Pittsburgh,PA,Private,Division III,Northeast,0.360432,0.988
Carnegie Mellon University,Pittsburgh,PA,Private,Division III,Northeast,0.557704,7.038
Cedar Crest College,Allentown,PA,Private,Division III,Northeast,0.073756,0.657
Chatham University,Pittsburgh,PA,Private,Division III,Northeast,0.293619,1.207
Chestnut Hill College,Philadelphia,PA,Private,Division II,Northeast,0.535916,0.796
Delaware Valley University,Doylestown,PA,Private,Division III,Northeast,0.280522,1.583
Dickinson College,Carlisle,PA,Private,Division III,Northeast,0.253805,2.152
Drexel University,Philadelphia,PA,Private,Division I,Northeast,6.132952,12.494
Duquesne University,Pittsburgh,PA,Private,Division I,Northeast,10.214989,5.151
East Stroudsburg University of Pennsylvania,East Stroudsburg,PA,Public,Division II,Northeast,1.099893,4.301
Eastern University,Saint Davids,PA,Private,Division III,Northeast,0.327827,1.407
Elizabethtown College,Elizabethtown,PA,Private,Division III,Northeast,0.363858,1.709
Franklin and Marshall College,Lancaster,PA,Private,Division III,Northeast,0.457264,1.902
Gannon University,Erie,PA,Private,Division II,Northeast,1.986029,2.415
Geneva College,Beaver Falls,PA,Private,Division III,Northeast,0.294744,0.959
Gettysburg College,Gettysburg,PA,Private,Division III,Northeast,0.530544,2.207
Gwynedd Mercy University,Gwynedd Valley,PA,Private,Division III,Northeast,0.143365,1.04
Haverford College,Haverford,PA,Private,Division III,Northeast,0.323265,1.419
Holy Family University,Philadelphia,PA,Private,Division II,Northeast,0.793099,2.071
Immaculata University,Immaculata,PA,Private,Division III,Northeast,0.121557,1.015
Indiana University of Pennsylvania-Main Campus,Indiana,PA,Public,Division II,Northeast,1.54523,6.463
Juniata College,Huntingdon,PA,Private,Division III,Northeast,0.445511,1.174
Keystone College,La Plume,PA,Private,Division III,Northeast,0.192735,0.717
King's College,Wilkes-Barre,PA,Private,Division III,Northeast,0.30888,1.492
Kutztown University of Pennsylvania,Kutztown,PA,Public,Division II,Northeast,1.046211,6.049
La Roche University,Pittsburgh,PA,Private,Division III,Northeast,0.181456,0.691
La Salle University,Philadelphia,PA,Private,Division I,Northeast,5.437274,1.7
Lafayette College,Easton,PA,Private,Division I,Northeast,5.431511,2.734
Lancaster Bible College,Lancaster,PA,Private,Division III,Northeast,0.220628,0.928
Lebanon Valley College,Annville,PA,Private,Division III,Northeast,0.348218,1.638
Lehigh University,Bethlehem,PA,Private,Division I,Northeast,4.208798,5.732
Lincoln University,Lincoln University,PA,Public,Division II,Northeast,1.178474,1.609
Lycoming College,Williamsport,PA,Private,Division III,Northeast,0.373966,1.044
Marywood University,Scranton,PA,Private,Division III,Northeast,0.155781,1.751
Mercyhurst University,Erie,PA,Private,Division II,Northeast,1.692233,2.129
Messiah University,Mechanicsburg,PA,Private,Division III,Northeast,0.342746,2.254
Millersville University of Pennsylvania,Millersville,PA,Public,Division II,Northeast,1.012869,4.651
Misericordia University,Dallas,PA,Private,Division III,Northeast,0.239818,1.456
Moravian University,Bethlehem,PA,Private,Division III,Northeast,0.348545,1.867
Mount Aloysius College,Cresson,PA,Private,Division III,Northeast,0.141823,1.033
Muhlenberg College,Allentown,PA,Private,Division III,Northeast,0.341357,1.747
Neumann University,Aston,PA,Private,Division III,Northeast,0.192344,1.357
Pennsylvania State University-Penn State Erie-Behrend College,Erie,PA,Public,Division III,Northeast,0.314304,3.059
Pennsylvania State University-Penn State Altoona,Altoona,PA,Public,Division III,Northeast,0.218881,2.358
Pennsylvania State University-Penn State Berks,Reading,PA,Public,Division III,Northeast,0.104413,1.737
Pennsylvania State University-Penn State Harrisburg,Middletown,PA,Public,Division III,Northeast,0.310158,3.956
Pennsylvania State University-Main Campus,University Park,PA,Public,Division I,Northeast,15.794103,40.951
Pennsylvania State University-Penn State Abington,Abington,PA,Public,Division III,Northeast,0.233334,2.858
University of Pennsylvania,Philadelphia,PA,Private,Division I,Northeast,3.517523,10.295
Cairn University-Langhorne,Langhorne,PA,Private,Division III,Northeast,0.112977,0.741
University of Pittsburgh-Bradford,Bradford,PA,Public,Division III,Northeast,0.328225,0.947
University of Pittsburgh-Greensburg,Greensburg,PA,Public,Division III,Northeast,0.179153,1.27
University of Pittsburgh-Johnstown,Johnstown,PA,Public,Division II,Northeast,1.068074,1.892
University of Pittsburgh-Pittsburgh Campus,Pittsburgh,PA,Public,Division I,Northeast,17.873541,19.564
Robert Morris University,Moon Township,PA,Private,Division I,Northeast,3.890886,2.725
Rosemont College,Rosemont,PA,Private,Division III,Northeast,0.167267,0.351
Saint Francis University,Loretto,PA,Private,Division I,Northeast,3.409041,1.382
Saint Joseph's University,Philadelphia,PA,Private,Division I,Northeast,7.63429,4.591
Saint Vincent College,Latrobe,PA,Private,Division III,Northeast,0.496689,1.247
University of Scranton,Scranton,PA,Private,Division III,Northeast,0.677462,3.506
Seton Hill University,Greensburg,PA,Private,Division II,Northeast,1.053775,1.449
Shippensburg University of Pennsylvania,Shippensburg,PA,Public,Division II,Northeast,1.065496,3.917
Slippery Rock University of Pennsylvania,Slippery Rock,PA,Public,Division II,Northeast,0.958786,6.334
Susquehanna University,Selinsgrove,PA,Private,Division III,Northeast,0.396092,2.106
Swarthmore College,Swarthmore,PA,Private,Division III,Northeast,0.479528,1.626
Temple University,Philadelphia,PA,Public,Division I,Northeast,12.510527,19.848
Thiel College,Greenville,PA,Private,Division III,Northeast,0.248257,0.766
Thomas Jefferson University,Philadelphia,PA,Private,Division II,Northeast,1.474106,3.363
Ursinus College,Collegeville,PA,Private,Division III,Northeast,0.435136,1.473
University of Valley Forge,Phoenixville,PA,Private,Division III,Northeast,0.065183,0.422
Villanova University,Villanova,PA,Private,Division I,Northeast,17.142737,6.774
Washington & Jefferson College,Washington,PA,Private,Division III,Northeast,0.293725,1.151
Waynesburg University,Waynesburg,PA,Private,Division III,Northeast,0.354178,1.038
West Chester University of Pennsylvania,West Chester,PA,Public,Division II,Northeast,1.031392,12.799
Westminster College,New Wilmington,PA,Private,Division III,Northeast,0.259341,1.049
Widener University,Chester,PA,Private,Division III,Northeast,0.381344,2.582
Wilkes University,Wilkes-Barre,PA,Private,Division III,Northeast,0.361826,1.808
Wilson College,Chambersburg,PA,Private,Division III,Northeast,0.22661800000000001,0.574
York College of Pennsylvania,York,PA,Private,Division III,Northeast,0.341749,2.92
Brown University,Providence,RI,Private,Division I,Northeast,3.269945,7.211
Bryant University,Smithfield,RI,Private,Division I,Northeast,4.20575,3.219
Johnson & Wales University-Providence,Providence,RI,Private,Division III,Northeast,0.320055,3.763
Providence College,Providence,RI,Private,Division I,Northeast,18.025549,4.078
Rhode Island College,Providence,RI,Public,Division III,Northeast,0.429002,3.942
University of Rhode Island,Kingston,RI,Public,Division I,Northeast,9.88554,13.061
Roger Williams University,Bristol,RI,Private,Division III,Northeast,0.257795,3.674
Salve Regina University,Newport,RI,Private,Division III,Northeast,0.331397,2.054
Allen University,Columbia,SC,Private,Division II,South,0.606591,0.625
Anderson University,Anderson,SC,Private,Division II,South,1.371596,2.988
Charleston Southern University,Charleston,SC,Private,Division I,South,2.622556,2.568
Benedict College,Columbia,SC,Private,Division II,South,1.121411,1.528
Southern Wesleyan University,Central,SC,Private,Division II,South,0.633343,0.622
College of Charleston,Charleston,SC,Public,Division I,South,7.704324,9.867
Citadel Military College of South Carolina,Charleston,SC,Public,Division I,South,1.895962,2.475
Claflin University,Orangeburg,SC,Private,Division II,South,0.964042,1.613
Clemson University,Clemson,SC,Public,Division I,South,18.178137,22.126
Coker University,Hartsville,SC,Private,Division II,South,0.928704,0.766
Converse University,Spartanburg,SC,Private,Division II,South,0.922399,0.821
Erskine College,Due West,SC,Private,Division II,South,0.653379,0.812
Francis Marion University,Florence,SC,Public,Division II,South,1.02523,2.478
Furman University,Greenville,SC,Private,Division I,South,6.348427,2.293
Lander University,Greenwood,SC,Public,Division II,South,1.675285,3.213
Limestone University,Gaffney,SC,Private,Division II,South,0.950454,1.288
Newberry College,Newberry,SC,Private,Division II,South,1.076018,1.441
North Greenville University,Tigerville,SC,Private,Division II,South,1.047431,1.639
University of South Carolina Aiken,Aiken,SC,Public,Division II,South,1.307487,2.377
University of South Carolina Beaufort,Bluffton,SC,Public,Division II,South,0.866918,1.718
University of South Carolina-Columbia,Columbia,SC,Public,Division I,South,21.39123,27.245
Coastal Carolina University,Conway,SC,Public,Division I,South,5.109865,9.501
South Carolina State University,Orangeburg,SC,Public,Division I,South,2.803774,2.562
University of South Carolina-Upstate,Spartanburg,SC,Public,Division I,South,2.444303,3.44
Winthrop University,Rock Hill,SC,Public,Division I,South,3.188137,3.209
Wofford College,Spartanburg,SC,Private,Division I,South,3.751068,1.867
Augustana University,Sioux Falls,SD,Private,Division II,North Central,1.555804,1.776
Black Hills State University,Spearfish,SD,Public,Division II,North Central,1.256997,1.552
Northern State University,Aberdeen,SD,Public,Division II,North Central,1.228368,0.997
South Dakota School of Mines and Technology,Rapid City,SD,Public,Division II,North Central,1.18144,1.732
South Dakota State University,Brookings,SD,Public,Division I,North Central,4.411737,7.691
University of Sioux Falls,Sioux Falls,SD,Private,Division II,North Central,1.14471,1.164
University of South Dakota,Vermillion,SD,Public,Division I,North Central,3.519097,4.551
Austin Peay State University,Clarksville,TN,Public,Division I,South,3.877351,5.4
Belmont University,Nashville,TN,Private,Division I,South,6.822196,7.035
Carson-Newman University,Jefferson City,TN,Private,Division II,South,1.260137,1.337
Christian Brothers University,Memphis,TN,Private,Division II,South,1.185658,0.903
Lipscomb University,Nashville,TN,Private,Division I,South,4.225145,2.871
East Tennessee State University,Johnson City,TN,Public,Division I,South,3.233111,8.611
King University,Bristol,TN,Private,Division II,South,1.144633,0.878
Lane College,Jackson,TN,Private,Division II,South,0.818283,0.785
Le Moyne-Owen College,Memphis,TN,Private,Division II,South,0.720844,0.494
Lee University,Cleveland,TN,Private,Division II,South,1.406535,2.427
Lincoln Memorial University,Harrogate,TN,Private,Division II,South,1.907241,1.268
Maryville College,Maryville,TN,Private,Division III,South,0.467845,1.017
University of Memphis,Memphis,TN,Public,Division I,South,13.620198,11.221
Middle Tennessee State University,Murfreesboro,TN,Public,Division I,South,6.827101,13.875
Rhodes College,Memphis,TN,Private,Division III,South,0.576116,1.891
The University of the South,Sewanee,TN,Private,Division III,South,0.5098,1.587
The University of Tennessee-Chattanooga,Chattanooga,TN,Public,Division I,South,3.516011,8.975
The University of Tennessee-Knoxville,Knoxville,TN,Public,Division I,South,21.006229,27.832
The University of Tennessee-Martin,Martin,TN,Public,Division I,South,2.828141,4.285
Tennessee State University,Nashville,TN,Public,Division I,South,3.048999,5.886
Tennessee Technological University,Cookeville,TN,Public,Division I,South,3.111188,7.832
Trevecca Nazarene University,Nashville,TN,Private,Division II,South,1.342851,1.328
Tusculum University,Greeneville,TN,Private,Division II,South,1.087705,0.827
Union University,Jackson,TN,Private,Division II,South,1.45356,1.491
Vanderbilt University,Nashville,TN,Private,Division I,South,25.562949,7.086
Abilene Christian University,Abilene,TX,Private,Division I,South,4.596044,3.05
Angelo State University,San Angelo,TX,Public,Division II,South,1.127437,4.927
Austin College,Sherman,TX,Private,Division III,South,0.450924,1.123
Baylor University,Waco,TX,Private,Division I,South,24.419759,14.788
Concordia University Texas,Austin,TX,Private,Division III,South,0.446746,1.191
Texas A & M University-Corpus Christi,Corpus Christi,TX,Public,Division I,South,3.980555,5.999
Dallas Baptist University,Dallas,TX,Private,Division II,South,1.08987,2.155
University of Dallas,Irving,TX,Private,Division III,South,0.347951,1.373
East Texas Baptist University,Marshall,TX,Private,Division III,South,0.618287,1.249
Texas A & M University-Commerce,Commerce,TX,Public,Division I,South,3.113751,5.756
Hardin-Simmons University,Abilene,TX,Private,Division III,South,0.44119,1.227
Houston Christian University,Houston,TX,Private,Division I,South,2.667318,2.189
University of Houston,Houston,TX,Public,Division I,South,15.503066,27.553
Howard Payne University,Brownwood,TX,Private,Division III,South,0.339815,0.658
University of the Incarnate Word,San Antonio,TX,Private,Division I,South,3.326049,4.016
Lamar University,Beaumont,TX,Public,Division I,South,3.173835,6.004
Texas A & M International University,Laredo,TX,Public,Division II,South,1.291188,5.258
LeTourneau University,Longview,TX,Private,Division III,South,0.409329,1.308
Lubbock Christian University,Lubbock,TX,Private,Division II,South,1.601979,1.137
University of Mary Hardin-Baylor,Belton,TX,Private,Division III,South,0.648964,2.808
McMurry University,Abilene,TX,Private,Division III,South,0.446093,1.031
Midwestern State University,Wichita Falls,TX,Public,Division II,South,0.96746,3.161
University of North Texas,Denton,TX,Public,Division I,South,7.107843,27.86
The University of Texas Rio Grande Valley,Edinburg,TX,Public,Division I,South,3.905957,20.087
Prairie View A & M University,Prairie View,TX,Public,Division I,South,2.212209,7.862
Rice University,Houston,TX,Private,Division I,South,7.729782,4.472
Saint Edward's University,Austin,TX,Private,Division II,South,1.968196,2.581
University of St Thomas,Houston,TX,Private,Division III,South,0.33184,2.387
Sam Houston State University,Huntsville,TX,Public,Division I,South,3.611142,14.533
Schreiner University,Kerrville,TX,Private,Division III,South,0.410745,1.004
St. Mary's University,San Antonio,TX,Private,Division II,South,1.732356,1.838
Southern Methodist University,Dallas,TX,Private,Division I,South,12.917124,6.947
Southwestern University,Georgetown,TX,Private,Division III,South,0.396451,1.44
Stephen F Austin State University,Nacogdoches,TX,Public,Division I,South,4.47787,7.764
Texas State University,San Marcos,TX,Public,Division I,South,4.285795,29.092
Sul Ross State University,Alpine,TX,Public,Division II,South,0.325712,0.871
Tarleton State University,Stephenville,TX,Public,Division I,South,3.681484,9.221
Texas A & M University-Kingsville,Kingsville,TX,Public,Division II,South,1.330862,4.048
Texas A & M University-College Station,College Station,TX,Public,Division I,South,21.72933,52.83
The University of Texas at Arlington,Arlington,TX,Public,Division I,South,4.845113,20.297
The University of Texas at Austin,Austin,TX,Public,Division I,South,24.515381,39.617
The University of Texas at Dallas,Richardson,TX,Public,Division III,South,0.553405,18.108
The University of Texas at El Paso,El Paso,TX,Public,Division I,South,7.696708,14.577
The University of Texas at Tyler,Tyler,TX,Public,Division II,South,1.746597,5.064
Texas Christian University,Fort Worth,TX,Private,Division I,South,22.091625,10.718
Texas Lutheran University,Seguin,TX,Private,Division III,South,0.343493,1.226
The University of Texas at San Antonio,San Antonio,TX,Public,Division I,South,5.236831,22.505
Texas Southern University,Houston,TX,Public,Division I,South,2.625295,5.729
Texas Tech University,Lubbock,TX,Public,Division I,South,18.477494,29.56
Texas Woman's University,Denton,TX,Public,Division II,South,0.681528,6.731
Trinity University,San Antonio,TX,Private,Division III,South,0.864226,2.48
West Texas A & M University,Canyon,TX,Public,Division II,South,1.642249,5.411
Brigham Young University,Provo,UT,Private,Division I,West,16.46865,29.261
Utah Tech University,Saint George,UT,Public,Division I,West,3.395663,6.75
Southern Utah University,Cedar City,UT,Public,Division I,West,3.111568,8.111
Utah State University,Logan,UT,Public,Division I,West,8.026809,16.558
Utah Valley University,Orem,UT,Public,Division I,West,3.59534,17.816
University of Utah,Salt Lake City,UT,Public,Division I,West,13.195757,22.272
Weber State University,Ogden,UT,Public,Division I,West,3.480831,10.431
Westminster University,Salt Lake City,UT,Private,Division II,West,0.772883,0.851
Middlebury College,Middlebury,VT,Private,Division III,Northeast,0.503448,2.772
Norwich University,Northfield,VT,Private,Division III,Northeast,0.433133,2.063
Saint Michael's College,Colchester,VT,Private,Division II,Northeast,1.878277,1.141
University of Vermont,Burlington,VT,Public,Division I,Northeast,4.983794,11.321
Averett University,Danville,VA,Private,Division III,South,0.322156,1.055
Bridgewater College,Bridgewater,VA,Private,Division III,South,0.463525,1.385
William & Mary,Williamsburg,VA,Public,Division I,South,5.436417,6.882
Christopher Newport University,Newport News,VA,Public,Division III,South,0.833519,4.321
Emory & Henry College,Emory,VA,Private,Division II,South,0.804717,1.086
Eastern Mennonite University,Harrisonburg,VA,Private,Division III,South,0.327925,0.771
Ferrum College,Ferrum,VA,Private,Division III,South,0.400571,0.73
George Mason University,Fairfax,VA,Public,Division I,South,8.05449,21.991
Hampden-Sydney College,Hampden-Sydney,VA,Private,Division III,South,0.687924,0.873
Hampton University,Hampton,VA,Private,Division I,South,3.255139,3.132
James Madison University,Harrisonburg,VA,Public,Division I,South,9.214221,19.474
Liberty University,Lynchburg,VA,Private,Division I,South,7.754923,31.511
Longwood University,Farmville,VA,Public,Division I,South,4.064883,2.836
University of Lynchburg,Lynchburg,VA,Private,Division III,South,0.366678,1.558
Mary Baldwin University,Staunton,VA,Private,Division III,South,0.259128,0.986
University of Mary Washington,Fredericksburg,VA,Public,Division III,South,0.540026,3.037
Marymount University,Arlington,VA,Private,Division III,South,0.437231,1.695
Norfolk State University,Norfolk,VA,Public,Division I,South,3.923826,4.898
Old Dominion University,Norfolk,VA,Public,Division I,South,7.390117,13.567
Radford University,Radford,VA,Public,Division I,South,3.350241,5.16
Randolph-Macon College,Ashland,VA,Private,Division III,South,0.662009,1.455
Randolph College,Lynchburg,VA,Private,Division III,South,0.330882,0.52
University of Richmond,University of Richmond,VA,Private,Division I,South,10.414969,2.897
Roanoke College,Salem,VA,Private,Division III,South,0.369196,1.76
Shenandoah University,Winchester,VA,Private,Division III,South,0.38071,2.051
Southern Virginia University,Buena Vista,VA,Private,Division III,South,0.338295,0.931
University of Virginia's College at Wise,Wise,VA,Public,Division II,South,0.793247,0.827
Virginia Polytechnic Institute and State University,Blacksburg,VA,Public,Division I,South,16.805635,29.582
Virginia Commonwealth University,Richmond,VA,Public,Division I,South,12.570753,18.537
University of Virginia-Main Campus,Charlottesville,VA,Public,Division I,South,19.291025,16.721
Virginia Military Institute,Lexington,VA,Public,Division I,South,2.180229,1.56
Virginia State University,Petersburg,VA,Public,Division II,South,1.778239,4.578
Virginia Union University,Richmond,VA,Private,Division II,South,1.063727,1.029
Virginia Wesleyan University,Virginia Beach,VA,Private,Division III,South,0.547322,1.155
Washington and Lee University,Lexington,VA,Private,Division III,South,0.494789,1.884
Central Washington University,Ellensburg,WA,Public,Division II,West,1.295075,6.979
Eastern Washington University,Cheney,WA,Public,Division I,West,3.914189,5.873
Gonzaga University,Spokane,WA,Private,Division I,West,18.870992,5.04
Pacific Lutheran University,Tacoma,WA,Private,Division III,West,0.445762,2.301
University of Puget Sound,Tacoma,WA,Private,Division III,West,0.420485,1.617
Saint Martin's University,Lacey,WA,Private,Division II,West,1.689899,1.18
Seattle Pacific University,Seattle,WA,Private,Division II,West,1.513495,2.006
Seattle University,Seattle,WA,Private,Division I,West,4.935336,3.987
Washington State University,Pullman,WA,Public,Division I,West,9.223193,19.247
University of Washington-Seattle Campus,Seattle,WA,Public,Division I,West,25.079412,29.653
Western Washington University,Bellingham,WA,Public,Division II,West,1.921416,12.247
Whitman College,Walla Walla,WA,Private,Division III,West,0.684293,1.497
Whitworth University,Spokane,WA,Private,Division III,West,0.621591,1.89
Bethany College,Bethany,WV,Private,Division III,South,0.268492,0.639
Bluefield State University,Bluefield,WV,Public,Division II,South,0.745275,0.925
University of Charleston,Charleston,WV,Private,Division II,South,1.189751,1.151
Concord University,Athens,WV,Public,Division II,South,0.83684,1.334
Davis & Elkins College,Elkins,WV,Private,Division II,South,0.860448,0.672
Fairmont State University,Fairmont,WV,Public,Division II,South,1.237479,2.336
Glenville State University,Glenville,WV,Public,Division II,South,0.848341,0.932
Marshall University,Huntington,WV,Public,Division I,South,6.806743,6.538
Shepherd University,Shepherdstown,WV,Public,Division II,South,0.705189,2.154
West Virginia State University,Institute,WV,Public,Division II,South,0.855446,1.214
West Liberty University,West Liberty,WV,Public,Division II,South,1.037525,1.506
West Virginia Wesleyan College,Buckhannon,WV,Private,Division II,South,0.587804,0.906
West Virginia University,Morgantown,WV,Public,Division I,South,15.661872,17.05
Wheeling University,Wheeling,WV,Private,Division II,South,0.676654,0.56
Alverno College,Milwaukee,WI,Private,Division III,North Central,0.087593,0.61
Beloit College,Beloit,WI,Private,Division III,North Central,0.209098,0.894
Carroll University,Waukesha,WI,Private,Division III,North Central,0.477494,2.424
Carthage College,Kenosha,WI,Private,Division III,North Central,0.335541,2.6
Concordia University-Wisconsin,Mequon,WI,Private,Division III,North Central,0.336042,1.926
Edgewood College,Madison,WI,Private,Division III,North Central,0.278051,1.028
Lakeland University,Plymouth,WI,Private,Division III,North Central,0.413887,0.73
Lawrence University,Appleton,WI,Private,Division III,North Central,0.376781,1.379
Maranatha Baptist University,Watertown,WI,Private,Division III,North Central,0.11055,0.429
Marian University,Fond Du Lac,WI,Private,Division III,North Central,0.273964,0.909
Marquette University,Milwaukee,WI,Private,Division I,North Central,26.236199,7.123
Milwaukee School of Engineering,Milwaukee,WI,Private,Division III,North Central,0.236287,2.544
Northland College,Ashland,WI,Private,Division III,North Central,0.206527,0.449
Ripon College,Ripon,WI,Private,Division III,North Central,0.295011,0.72
Saint Norbert College,De Pere,WI,Private,Division III,North Central,0.406449,1.742
University of Wisconsin-Whitewater,Whitewater,WI,Public,Division III,North Central,0.50061,8.295
University of Wisconsin-Eau Claire,Eau Claire,WI,Public,Division III,North Central,0.679448,8.418
University of Wisconsin-Green Bay,Green Bay,WI,Public,Division I,North Central,4.346278,4.833
University of Wisconsin-La Crosse,La Crosse,WI,Public,Division III,North Central,0.617018,8.812
Wisconsin Lutheran College,Milwaukee,WI,Private,Division III,North Central,0.49017,0.984
University of Wisconsin-Oshkosh,Oshkosh,WI,Public,Division III,North Central,0.635084,6.548
University of Wisconsin-Parkside,Kenosha,WI,Public,Division II,North Central,0.934019,2.442
University of Wisconsin-Superior,Superior,WI,Public,Division III,North Central,0.247685,1.518
University of Wisconsin-Madison,Madison,WI,Public,Division I,North Central,16.689411,34.001
University of Wisconsin-Milwaukee,Milwaukee,WI,Public,Division I,North Central,4.33272,14.666
University of Wisconsin-Platteville,Platteville,WI,Public,Division III,North Central,0.817045,5.414
University of Wisconsin-River Falls,River Falls,WI,Public,Division III,North Central,0.315806,3.826
University of Wisconsin-Stevens Point,Stevens Point,WI,Public,Division III,North Central,0.503146,6.415
University of Wyoming,Laramie,WY,Public,Division I,West,6.782639,6.85
Stanford University,Stanford,CA,Private,Division I,West,19.829901,7.841
Purdue University-Main Campus,West Lafayette,IN,Public,Division I,North Central,17.685475,37.671
Pennsylvania College of Technology,Williamsport,PA,Public,Division III,Northeast,0.301435,3.517
California State University-San Marcos,San Marcos,CA,Public,Division II,West,1.177948,11.826
California State University-Monterey Bay,Seaside,CA,Public,Division II,West,1.069418,5.161
Florida Gulf Coast University,Fort Myers,FL,Public,Division I,South,4.882205,11.166
Augusta University,Augusta,GA,Public,Division II,South,0.885895,4.517
University of North Georgia,Dahlonega,GA,Public,Division II,South,1.194595,11.556
Kennesaw State University,Kennesaw,GA,Public,Division I,South,4.343703,29.984
Husson University,Bangor,ME,Private,Division III,Northeast,0.381057,1.982
Purdue University Northwest,Hammond,IN,Public,Division II,North Central,0.882835,4.622
Commonwealth University of Pennsylvania,Bloomsburg,PA,Public,Division II,Northeast,1.949391,8.718
Pennsylvania Western University,California,PA,Public,Division II,Northeast,2.821802,6.985
