Student.ID,Grade,Gender,Race,Ethnicity.Hispanic.Y.N,ELL,Sped,Homeless,Free.Lunch,Migrant,Current.GPA,Number.of.Classes.Enrolled.in.for.the.school.year,Tracking.Pathway
3955,12,F,C,Hispanic,Y,Y,N,Y,N,3.455,7,NA
7008,11,M,C,Hispanic,Y,Y,N,Y,N,1.688,7,NA
7791,11,M,C,Hispanic,Y,N,N,Y,N,2.233,7,NA
5954,10,M,C,Hispanic,Y,Y,N,Y,N,0.905,7,NA
2881,11,M,C,Hispanic,N,N,N,Y,N,3.367,7,NA
8963,12,M,C,Hispanic,N,Y,N,Y,N,2.988,7,NA
9478,12,M,C,Hispanic,N,N,N,Y,N,1.452,7,NA
8268,12,M,C,Hispanic,N,N,N,Y,N,2.957,7,y
6188,12,M,C,Hispanic,Y,N,N,Y,N,1.696,7,NA
9846,12,F,C,Hispanic,N,N,Y,Y,N,2.955,7,NA
3405,12,M,C,Hispanic,Y,Y,N,Y,N,3.071,7,NA
2230,12,M,C,Hispanic,N,N,N,Y,N,1.42,7,NA
7860,12,M,C,Hispanic,N,N,N,Y,N,1.932,7,NA
5727,12,M,C,Hispanic,N,Y,N,Y,N,1.614,7,NA
5026,12,F,C,Hispanic,Y,Y,N,Y,N,2.935,7,NA
5273,12,M,C,Non Hispanic,N,N,N,Y,N,3.196,7,NA
2886,12,M,C,Hispanic,Y,Y,N,Y,N,3.25,7,NA
8460,12,M,C,Hispanic,N,N,N,Y,N,1.523,7,NA
1331,12,M,C,Hispanic,N,Y,N,Y,N,2.457,7,NA
7778,12,M,C,Hispanic,N,N,N,Y,N,3.409,7,NA
2272,12,F,C,Hispanic,N,N,N,Y,N,3,7,NA
8541,11,M,C,Hispanic,N,Y,N,Y,N,2.5,7,NA
6065,12,M,C,Hispanic,Y,Y,N,Y,N,1.636,7,NA
6385,11,M,C,Hispanic,Y,Y,N,Y,N,3.077,7,NA
2063,11,M,C,Hispanic,N,Y,N,Y,N,1.7,7,NA
3851,12,M,C,Hispanic,N,N,N,Y,N,0.87,7,NA
8596,12,M,C,Hispanic,Y,Y,N,Y,N,2.295,7,NA
4235,11,M,C,Hispanic,N,Y,N,Y,N,1.667,7,NA
7555,11,M,C,Hispanic,N,Y,N,Y,N,1.867,7,y
4262,11,M,C,Hispanic,Y,Y,N,Y,N,2.867,7,NA
9138,12,F,C,Hispanic,Y,Y,N,Y,N,3.295,7,NA
7498,12,M,C,Hispanic,N,Y,N,Y,N,3.205,7,NA
9886,12,M,C,Hispanic,Y,Y,N,Y,N,1.467,7,NA
8564,12,M,C,Hispanic,N,N,N,Y,N,3.86,7,NA
9603,11,M,C,Hispanic,N,N,N,Y,N,2,7,NA
535,12,M,C,Hispanic,Y,Y,N,Y,N,1.295,7,NA
3661,12,M,C,Hispanic,N,Y,N,Y,N,2.864,7,NA
6354,10,M,C,Hispanic,N,Y,N,Y,N,2.25,7,NA
799,11,F,C,Hispanic,N,N,N,Y,N,2.094,7,NA
4805,12,F,C,Hispanic,Y,Y,N,Y,N,2.761,7,NA
1219,12,M,C,Hispanic,N,N,N,Y,N,3.091,7,NA
6967,12,M,C,Hispanic,N,N,N,Y,N,2.909,7,NA
7571,12,M,C,Hispanic,Y,Y,N,Y,N,2.8,7,NA
2166,12,F,C,Hispanic,Y,Y,N,Y,N,1.273,7,NA
9122,12,M,C,Hispanic,N,N,N,Y,N,1.432,7,NA
8187,12,F,C,Hispanic,N,N,N,Y,N,2.273,7,y
5899,12,F,C,Hispanic,Y,N,N,Y,N,1.645,7,NA
9623,11,M,C,Hispanic,N,N,N,Y,N,2.063,7,y
3995,12,M,C,Hispanic,N,N,N,Y,N,1.191,7,NA
7490,12,F,C,Hispanic,N,N,N,Y,N,3.151,7,NA
2727,11,M,C,Hispanic,N,Y,N,Y,N,1.875,7,NA
712,10,M,C,Hispanic,N,Y,N,Y,N,1.875,7,NA
6812,12,F,C,Hispanic,Y,N,N,Y,N,1.534,7,NA
4823,12,M,C,Hispanic,Y,Y,N,Y,N,2.6,7,NA
5017,12,F,C,Hispanic,N,N,N,Y,N,3.348,7,NA
3914,12,F,C,Hispanic,N,Y,N,Y,N,3.205,7,NA
6925,12,M,C,Hispanic,N,Y,N,Y,N,2.565,7,NA
9689,11,M,C,Hispanic,N,Y,N,Y,N,2.433,7,NA
9954,11,M,C,Hispanic,Y,Y,N,Y,N,2.033,7,NA
4754,12,M,C,Hispanic,N,N,N,Y,N,1.767,7,y
2039,12,M,C,Hispanic,Y,N,N,Y,N,1.639,7,NA
1431,11,F,C,Hispanic,N,N,N,Y,N,1.467,7,NA
9189,11,F,C,Hispanic,N,Y,N,Y,N,2.2,7,NA
4342,12,M,C,Hispanic,Y,N,N,Y,N,1.644,7,y
5433,11,M,C,Hispanic,N,N,N,Y,N,3.765,7,NA
1379,11,M,C,Hispanic,Y,Y,N,Y,N,1.097,7,NA
6104,12,F,C,Hispanic,N,Y,N,Y,N,2.318,7,NA
9094,11,M,C,Hispanic,Y,Y,N,Y,N,1.871,7,y
6767,12,M,C,Hispanic,Y,Y,N,Y,N,1.674,7,NA
1591,10,F,C,Hispanic,Y,Y,N,Y,N,1.625,7,y
462,11,F,C,Hispanic,Y,Y,N,Y,N,2.333,7,NA
3477,10,M,C,Hispanic,Y,Y,N,Y,N,3,7,NA
9219,12,M,C,Hispanic,Y,Y,N,Y,N,2.744,7,NA
6660,11,M,C,Hispanic,N,N,N,Y,N,2.933,7,NA
4246,10,M,C,Hispanic,N,N,N,Y,N,2.063,7,NA
4867,10,F,C,Hispanic,N,N,N,Y,N,3.188,7,NA
9367,10,M,C,Hispanic,N,N,N,Y,N,3,7,NA
2721,12,M,C,Hispanic,N,Y,N,Y,N,2,7,NA
4160,12,M,C,Hispanic,N,N,N,Y,N,4,7,NA
9429,10,M,C,Hispanic,N,N,N,Y,N,1.625,7,NA
5658,10,M,C,Hispanic,Y,Y,N,Y,N,2.5,7,NA
8350,12,M,C,Hispanic,N,N,N,Y,N,3.423,7,NA
3885,12,M,C,Hispanic,N,N,N,Y,N,4.037,7,NA
3872,10,M,C,Hispanic,Y,Y,N,Y,N,2.313,7,NA
8116,10,F,C,Hispanic,N,N,N,Y,N,1.563,7,NA
3352,12,M,C,Hispanic,N,Y,N,Y,N,3.35,7,NA
8974,10,M,C,Hispanic,N,Y,N,Y,N,1.625,7,NA
7475,12,M,C,Hispanic,Y,Y,N,Y,N,2.364,7,NA
1905,10,M,C,Hispanic,N,N,N,Y,N,2.313,7,NA
3489,10,M,C,Hispanic,N,Y,N,Y,N,2.375,7,NA
3630,9,M,C,Hispanic,Y,Y,N,Y,N,2,7,NA
5992,12,M,C,Hispanic,Y,N,N,Y,N,1.682,7,NA
5395,12,M,C,Hispanic,N,Y,N,Y,N,3.26,7,NA
7092,12,F,C,Hispanic,N,N,N,Y,N,2.083,7,y
2264,12,F,C,Hispanic,N,N,N,Y,N,4.083,7,NA
5501,12,F,C,Hispanic,Y,N,N,Y,N,2.065,7,NA
8857,12,M,C,Hispanic,N,N,N,Y,N,4.1,7,NA
8892,12,M,C,Hispanic,Y,N,N,Y,N,1.174,7,NA
5011,12,M,C,Hispanic,N,N,N,Y,N,2.023,7,NA
5119,12,M,C,Hispanic,N,Y,N,Y,N,2.636,7,NA
7540,12,F,C,Hispanic,N,N,N,Y,N,3.773,7,y
6283,12,M,C,Hispanic,N,N,N,Y,N,2.63,7,NA
2582,12,F,C,Hispanic,N,N,N,Y,N,2.63,7,NA
9216,12,M,C,Hispanic,N,N,N,Y,N,2.909,7,NA
6676,12,F,C,Hispanic,N,N,N,Y,N,2.771,7,NA
6064,12,F,C,Hispanic,N,N,N,Y,N,3.239,7,NA
5235,12,M,C,Hispanic,N,N,N,Y,N,3.271,7,NA
3342,12,F,C,Hispanic,N,N,N,Y,N,3.479,7,y
9610,11,M,C,Hispanic,Y,N,N,Y,N,1.419,7,NA
257,12,M,C,Hispanic,Y,N,N,Y,N,1.34,7,NA
791,12,F,C,Hispanic,Y,N,N,Y,N,2.864,7,NA
4710,12,F,C,Hispanic,N,N,N,Y,N,2.457,7,NA
894,12,M,C,Hispanic,N,N,N,Y,N,2.205,7,NA
3696,12,M,C,Hispanic,N,N,N,Y,N,1.208,7,NA
5371,12,M,C,Hispanic,N,N,N,Y,N,1.438,7,NA
6363,12,F,C,Hispanic,Y,N,N,Y,N,3.136,7,y
529,12,F,C,Hispanic,N,N,N,Y,N,4.32,7,NA
8923,11,F,C,Hispanic,N,N,N,Y,N,2.25,7,NA
6898,12,M,C,Hispanic,N,N,N,Y,N,1.909,7,NA
2761,11,F,C,Hispanic,Y,N,N,Y,N,2.063,7,NA
6846,12,F,C,Hispanic,N,N,N,Y,N,1.889,7,y
4333,12,M,C,Hispanic,N,N,N,Y,N,3.783,7,NA
3333,12,F,C,Hispanic,N,N,N,Y,N,2.174,7,NA
4142,12,F,C,Hispanic,N,N,Y,Y,N,2.152,7,y
9872,12,F,C,Hispanic,Y,N,N,Y,N,3.136,7,NA
5175,12,M,C,Hispanic,N,N,N,Y,N,1.92,7,NA
1377,12,F,C,Hispanic,N,N,N,Y,N,2.205,7,y
9734,12,F,C,Hispanic,Y,N,N,Y,N,3.116,7,NA
1407,12,M,C,Hispanic,N,N,N,Y,N,2.705,7,NA
9680,12,M,C,Hispanic,N,N,N,Y,N,1.432,7,NA
8399,12,F,C,Hispanic,N,N,N,Y,N,2.364,7,NA
1449,12,F,C,Hispanic,N,N,N,Y,N,2.63,7,NA
5611,12,M,C,Hispanic,N,Y,N,Y,N,1.174,7,NA
6867,12,F,C,Hispanic,N,N,N,Y,N,3.913,7,NA
3879,12,F,C,Hispanic,N,N,N,Y,N,1.932,7,NA
6424,11,F,C,Hispanic,Y,Y,N,Y,N,1.633,7,NA
8665,12,F,C,Hispanic,N,N,N,Y,N,2.841,7,NA
5512,12,M,C,Hispanic,N,N,N,Y,N,1.682,7,NA
6489,12,M,C,Hispanic,N,N,N,Y,N,4.08,7,NA
664,12,F,C,Hispanic,N,N,N,Y,N,2.545,7,NA
6674,12,F,C,Hispanic,N,N,N,Y,N,3.455,7,NA
2124,12,F,C,Hispanic,N,N,N,Y,N,2.091,7,y
6821,12,F,C,Hispanic,N,N,N,Y,N,2.896,7,NA
4188,11,F,C,Hispanic,Y,N,N,Y,N,1.912,7,y
5075,12,M,C,Hispanic,N,N,N,Y,N,2.283,7,NA
8296,12,M,C,Hispanic,N,N,N,Y,N,1.244,7,NA
2381,12,F,C,Hispanic,N,N,N,Y,N,3.442,7,NA
8707,12,F,C,Hispanic,N,N,N,Y,N,3.273,7,NA
7503,11,M,C,Hispanic,N,N,N,Y,N,1.1,7,NA
6997,12,M,C,Hispanic,N,N,N,Y,N,3.87,7,NA
3045,11,F,C,Hispanic,Y,N,N,Y,N,1.433,7,NA
6955,11,M,C,Hispanic,N,Y,N,Y,N,0.967,7,NA
1533,12,F,C,Hispanic,N,N,Y,Y,N,3.826,7,y
1985,12,M,C,Hispanic,N,N,N,Y,N,1.583,7,NA
1713,12,M,C,Hispanic,N,N,N,Y,N,1.587,7,NA
3138,12,F,C,Hispanic,N,Y,N,Y,N,2.114,7,NA
9806,12,F,C,Hispanic,N,N,N,Y,N,2.72,7,y
4029,12,F,C,Hispanic,N,N,N,Y,N,3.542,7,y
1677,12,F,C,Hispanic,N,N,N,Y,N,3.958,7,y
4334,12,M,C,Hispanic,N,N,N,Y,N,3.3,7,NA
8574,12,F,C,Hispanic,N,N,N,Y,N,3.76,7,y
7680,12,M,C,Hispanic,N,N,N,Y,N,3.182,7,NA
2506,12,F,C,Hispanic,Y,N,N,Y,N,3,7,NA
4745,12,M,C,Hispanic,N,N,N,Y,N,1.688,7,y
3368,12,M,C,Hispanic,N,N,N,Y,N,2.435,7,NA
8136,12,M,C,Hispanic,N,N,N,Y,Y,1.571,7,NA
1802,12,M,C,Hispanic,N,N,N,Y,N,1.745,7,NA
9635,12,M,C,Hispanic,N,N,N,Y,N,2.196,7,NA
6998,12,F,C,Hispanic,N,N,N,Y,N,2.727,7,NA
4914,11,M,C,Hispanic,N,N,N,Y,N,2.933,7,NA
9671,12,F,C,Hispanic,N,N,N,Y,N,2.864,7,NA
6195,11,M,C,Hispanic,N,Y,N,Y,N,2.767,7,NA
9197,10,F,C,Hispanic,N,N,N,Y,N,3.625,7,y
6367,12,M,C,Hispanic,N,N,N,Y,N,2.813,7,NA
8728,12,F,C,Hispanic,N,N,N,Y,N,1.864,7,NA
2364,12,M,C,Hispanic,N,N,N,Y,N,2.022,7,NA
7976,12,F,C,Hispanic,N,N,N,Y,N,3.136,7,NA
2745,12,M,C,Hispanic,N,N,N,Y,N,1.978,7,NA
2054,12,F,C,Hispanic,N,N,N,Y,N,2.523,7,y
5613,12,M,C,Hispanic,N,N,N,Y,N,2.979,7,NA
2273,11,F,C,Hispanic,N,N,N,Y,N,1.344,7,NA
659,12,F,C,Hispanic,N,N,N,Y,N,2.63,7,NA
9873,11,M,C,Hispanic,N,N,N,Y,N,2.333,7,NA
985,12,M,C,Hispanic,Y,N,N,Y,N,1.957,7,NA
2489,12,M,C,Hispanic,N,N,N,Y,N,1.386,7,NA
1215,12,F,C,Hispanic,N,N,N,Y,N,3.875,7,NA
4422,12,F,C,Hispanic,N,N,N,Y,N,4.286,7,NA
9154,12,F,C,Hispanic,N,N,N,Y,N,2.63,7,NA
2045,12,F,C,Hispanic,N,N,N,Y,N,3.341,7,y
1882,12,F,C,Hispanic,N,N,N,Y,N,2.087,7,NA
4151,12,M,C,Hispanic,N,N,N,Y,N,3.523,7,NA
8566,11,M,C,Hispanic,Y,Y,N,Y,N,2.903,7,NA
980,12,F,C,Hispanic,N,N,N,Y,N,1.523,7,NA
7449,12,M,C,Hispanic,N,N,N,Y,N,3.159,7,NA
7303,12,M,C,Hispanic,N,N,N,Y,N,2.457,7,NA
5059,12,F,C,Hispanic,N,N,N,Y,N,2.955,7,NA
2287,12,F,C,Hispanic,N,N,N,Y,N,3.56,7,NA
602,12,M,C,Hispanic,N,N,N,Y,N,4.296,7,NA
8914,12,F,C,Hispanic,N,N,N,Y,N,3.913,7,y
3375,10,F,C,Hispanic,Y,N,N,Y,N,2.625,7,NA
5248,10,M,C,Hispanic,N,Y,N,Y,N,2.125,7,NA
8442,9,F,C,Hispanic,Y,Y,N,Y,N,1,7,NA
345,9,M,C,Hispanic,N,Y,N,Y,N,2,7,NA
7385,12,M,C,Hispanic,Y,N,N,Y,N,1.739,7,y
7379,12,F,C,Hispanic,N,N,N,Y,N,4.333,7,NA
3019,12,F,C,Hispanic,N,N,N,Y,N,3.766,7,y
1530,12,F,C,Hispanic,N,N,N,Y,N,2.636,7,y
9024,12,F,C,Hispanic,N,N,N,Y,N,4.292,7,NA
7872,12,F,C,Hispanic,N,N,N,Y,N,2.854,7,NA
3024,12,M,C,Hispanic,N,N,N,Y,N,1.935,7,NA
349,12,F,C,Hispanic,N,N,N,Y,N,2.833,7,NA
2177,11,M,C,Hispanic,Y,Y,N,Y,N,2.833,7,NA
8394,12,M,C,Hispanic,N,N,N,Y,N,2.091,7,NA
2515,12,M,C,Hispanic,Y,N,N,Y,N,2.545,7,NA
6825,12,M,C,Hispanic,Y,N,N,Y,N,1.6,7,NA
4645,12,F,C,Hispanic,Y,N,N,Y,N,3.045,7,NA
2346,12,F,C,Hispanic,N,N,N,Y,N,3.292,7,NA
2866,12,F,C,Hispanic,N,Y,N,Y,N,0.622,7,NA
3142,12,M,C,Hispanic,N,N,N,Y,N,2.955,7,y
7951,11,F,C,Hispanic,N,N,N,Y,N,2.5,7,NA
905,12,F,C,Hispanic,N,N,N,Y,N,4,7,NA
4744,12,M,C,Hispanic,N,N,N,Y,N,4.32,7,NA
3648,12,F,C,Hispanic,N,N,N,Y,N,3.583,7,NA
4216,12,M,C,Hispanic,N,N,N,Y,N,3.313,7,NA
9984,12,F,C,Hispanic,N,N,N,Y,N,4.377,7,NA
5274,12,M,C,Hispanic,N,N,N,Y,N,2.182,7,y
6101,12,F,C,Hispanic,Y,N,N,Y,N,2.295,7,NA
4182,12,F,C,Hispanic,N,N,N,Y,N,1.705,7,NA
4709,12,F,C,Hispanic,N,N,N,Y,N,2,7,NA
8330,12,F,C,Hispanic,N,N,N,Y,N,2.023,7,y
7751,10,M,C,Hispanic,Y,N,N,Y,N,1.059,7,NA
5400,9,M,C,Hispanic,Y,Y,N,Y,N,2,7,NA
6717,9,M,C,Hispanic,Y,N,N,Y,N,1.667,7,NA
3247,12,M,C,Hispanic,N,N,N,Y,N,1.841,7,NA
7328,12,M,C,Hispanic,N,N,N,Y,N,2.667,7,NA
1278,12,M,C,Hispanic,N,N,N,Y,N,1.705,7,NA
5997,12,F,C,Hispanic,N,Y,N,Y,N,1.915,7,y
7220,12,M,C,Hispanic,N,N,N,Y,N,2.348,7,NA
6705,12,F,C,Hispanic,N,N,N,Y,N,3.292,7,NA
8326,12,M,C,Hispanic,N,N,N,Y,N,1.477,7,NA
8738,11,M,C,Hispanic,N,Y,N,Y,N,0.967,7,NA
1143,12,M,C,Hispanic,N,N,N,Y,N,3.66,7,NA
1272,12,F,C,Hispanic,N,N,Y,Y,N,3.375,7,NA
2528,12,M,C,Hispanic,N,N,N,Y,N,2.435,7,NA
7477,12,M,C,Hispanic,Y,N,N,Y,N,1.684,7,NA
5529,12,F,C,Non Hispanic,N,N,N,Y,N,2.318,7,NA
3583,12,F,I,Non Hispanic,N,N,N,Y,N,3.727,7,y
1184,12,F,C,Hispanic,N,N,N,Y,N,2.455,7,y
5062,12,M,C,Hispanic,Y,N,N,Y,N,2.386,7,NA
1423,12,F,C,Hispanic,N,N,N,Y,N,2.636,7,NA
7692,12,M,C,Hispanic,Y,Y,N,Y,N,2.283,7,NA
3432,12,F,C,Hispanic,N,N,N,Y,N,4.042,7,NA
6735,11,M,C,Hispanic,Y,N,N,Y,N,0.645,7,NA
8494,11,F,C,Hispanic,N,N,N,Y,N,1.75,7,NA
2208,10,M,C,Hispanic,N,N,N,Y,N,2.25,7,NA
6253,12,F,C,Hispanic,N,N,N,Y,N,3.522,7,NA
2369,12,M,C,Hispanic,N,Y,N,Y,N,2.045,7,NA
7002,12,F,C,Hispanic,N,Y,N,Y,N,3.087,7,NA
3818,12,F,C,Hispanic,N,N,N,Y,N,3.348,7,NA
8692,12,F,C,Hispanic,N,N,N,Y,N,2.239,7,NA
7184,12,M,C,Hispanic,N,N,N,Y,N,2.651,7,NA
6502,12,M,C,Hispanic,N,N,N,Y,N,2.957,7,NA
2460,12,M,C,Hispanic,N,N,N,Y,N,1.28,7,NA
237,11,F,C,Hispanic,Y,N,N,Y,N,2.9,7,NA
6976,12,M,C,Hispanic,N,N,N,Y,N,1.933,7,NA
5623,10,M,C,Hispanic,Y,Y,N,Y,N,1.938,7,y
9537,12,M,C,Hispanic,N,N,N,Y,N,1.543,7,NA
1349,11,M,C,Hispanic,N,Y,N,Y,N,1.7,7,NA
6328,11,F,C,Hispanic,N,N,N,Y,N,3.357,7,y
8712,12,F,C,Hispanic,N,N,N,Y,N,2,7,NA
4430,11,M,C,Hispanic,Y,N,N,Y,N,2.156,7,NA
2264,10,F,C,Hispanic,N,N,N,Y,N,2.625,7,y
7265,12,M,C,Hispanic,N,N,N,Y,N,2.935,7,NA
5283,12,M,C,Hispanic,N,N,N,Y,N,2.783,7,NA
8657,10,M,C,Hispanic,N,Y,N,Y,N,2.125,7,NA
2493,11,F,C,Hispanic,N,N,N,Y,N,1.844,7,NA
8787,12,F,C,Hispanic,Y,N,N,Y,N,1.682,7,NA
2117,12,M,C,Hispanic,N,Y,N,Y,N,2.4,7,NA
1110,12,M,C,Hispanic,N,N,N,Y,N,1.622,7,y
8729,12,F,C,Hispanic,Y,N,N,Y,N,2.304,7,NA
7378,12,F,C,Hispanic,N,N,N,Y,N,1.75,7,NA
2919,12,M,C,Hispanic,N,N,N,Y,N,1.455,7,NA
2489,11,M,C,Hispanic,Y,Y,N,Y,N,0.933,7,NA
7126,12,M,C,Hispanic,N,N,N,Y,N,3.045,7,NA
1204,12,M,C,Hispanic,N,N,N,Y,N,1.708,7,NA
2783,9,M,C,Hispanic,N,Y,N,Y,N,2,7,NA
1557,10,M,C,Hispanic,Y,Y,N,Y,N,2.063,7,NA
8604,12,F,C,Hispanic,Y,N,N,Y,N,1.536,7,NA
553,12,M,C,Hispanic,Y,N,N,Y,N,3.158,7,NA
7059,12,F,C,Hispanic,N,N,N,Y,N,3.477,7,NA
6943,11,M,C,Hispanic,N,N,N,Y,N,1.233,7,NA
3551,10,M,C,Hispanic,Y,Y,N,Y,N,1.625,7,NA
7605,10,M,C,Hispanic,Y,N,N,Y,N,2.125,7,NA
9456,11,M,C,Hispanic,Y,N,N,Y,N,0.967,7,NA
2621,9,F,C,Hispanic,Y,N,N,Y,N,2,7,NA
777,10,M,C,Hispanic,Y,N,N,Y,N,1.375,7,NA
4592,12,M,C,Hispanic,N,N,N,Y,N,2.5,7,NA
5583,12,F,C,Hispanic,N,N,N,Y,N,1.455,7,NA
4293,11,F,C,Hispanic,N,N,N,Y,N,1.533,7,y
955,10,M,C,Hispanic,Y,Y,N,Y,N,2,7,NA
8049,12,F,C,Hispanic,N,N,N,Y,N,3.909,7,NA
1083,10,M,C,Hispanic,Y,N,N,Y,N,2.5,7,NA
632,12,F,C,Hispanic,N,Y,N,Y,N,1.636,7,NA
6037,10,M,C,Hispanic,Y,Y,N,Y,N,2,7,NA
4994,9,M,C,Hispanic,N,N,N,Y,N,3,7,NA
925,9,F,C,Hispanic,Y,Y,N,Y,N,1,7,NA
6338,11,F,C,Hispanic,N,N,Y,Y,N,1.633,7,y
4689,9,M,C,Hispanic,N,Y,N,Y,N,NA,7,NA
1333,12,F,C,Hispanic,Y,Y,N,Y,N,3.545,7,NA
6696,9,M,C,Hispanic,Y,N,N,Y,N,1,7,NA
4669,9,M,C,Hispanic,N,N,N,Y,N,2,7,NA
2637,11,M,C,Hispanic,Y,Y,N,Y,N,2.967,7,NA
6861,12,F,C,Hispanic,N,N,N,Y,N,1.578,7,NA
2087,9,M,C,Hispanic,Y,Y,N,Y,N,2,7,NA
5015,9,F,C,Hispanic,Y,Y,N,Y,N,1,7,NA
4164,9,M,C,Hispanic,Y,N,N,Y,N,2,7,NA
239,9,M,C,Hispanic,Y,N,N,Y,N,1,7,NA
7482,11,M,C,Hispanic,N,N,N,Y,N,2.2,7,NA
3442,10,M,C,Hispanic,N,N,N,Y,N,1.813,7,NA
9898,9,M,C,Hispanic,N,Y,N,Y,N,1,7,NA
6716,12,M,C,Hispanic,Y,Y,N,Y,N,1.128,7,NA
7961,9,M,C,Hispanic,N,N,N,Y,N,2.333,7,NA
109,11,F,C,Hispanic,N,N,N,Y,N,3.167,7,y
8344,11,M,C,Hispanic,Y,Y,N,Y,N,1.967,7,NA
3972,10,M,C,Hispanic,N,N,N,Y,N,3.636,7,y
1185,12,F,C,Hispanic,N,N,N,Y,N,2.6,7,NA
304,12,F,C,Hispanic,N,N,N,Y,N,2.37,7,NA
7900,10,F,C,Hispanic,N,N,N,Y,N,2.375,7,NA
2489,11,M,C,Hispanic,Y,N,N,Y,N,0.933,7,NA
6981,11,M,C,Hispanic,N,N,N,Y,N,2.8,7,NA
9017,11,F,C,Hispanic,Y,N,N,Y,N,1.9,7,NA
9257,11,M,C,Hispanic,Y,N,N,Y,N,1.267,7,NA
1240,11,M,C,Hispanic,N,N,N,Y,N,3.867,7,NA
2222,11,M,C,Hispanic,Y,N,N,Y,N,2.281,7,NA
7164,11,M,C,Hispanic,N,N,N,Y,N,3.625,7,NA
6779,11,M,C,Hispanic,N,N,N,Y,N,2.281,7,NA
3659,11,M,C,Hispanic,N,N,N,Y,N,3.8,7,NA
7761,11,M,C,Hispanic,Y,N,N,Y,N,2.667,7,NA
6407,11,F,C,Hispanic,N,N,N,Y,N,2.367,7,NA
7282,11,M,C,Hispanic,N,Y,N,Y,N,2.3,7,NA
9983,11,M,C,Hispanic,N,N,N,Y,N,2.9,7,NA
3611,11,M,C,Hispanic,N,N,N,Y,N,2.2,7,NA
5568,11,M,C,Hispanic,N,N,N,Y,N,1.613,7,NA
9777,11,M,C,Hispanic,Y,Y,N,Y,N,1.667,7,NA
3784,11,M,C,Hispanic,N,N,N,Y,N,2.367,7,NA
9090,11,M,C,Hispanic,N,N,N,Y,N,1.467,7,NA
5317,9,M,C,Hispanic,N,N,N,Y,N,2,7,NA
460,9,F,C,Non Hispanic,N,N,N,Y,N,3,7,NA
5546,10,M,C,Hispanic,N,Y,N,Y,N,2.75,7,NA
3000,11,F,C,Hispanic,Y,N,N,Y,N,1.242,7,NA
5250,11,F,C,Hispanic,N,Y,N,Y,N,NA,7,NA
4487,9,F,C,Hispanic,Y,Y,N,Y,N,1,7,NA
106,11,M,C,Hispanic,N,N,N,Y,N,1.387,7,NA
2453,11,M,C,Hispanic,N,N,N,Y,N,1.067,7,NA
6971,11,F,C,Hispanic,N,N,N,Y,N,3.5,7,NA
8993,11,F,C,Hispanic,N,N,N,Y,N,2.9,7,NA
5560,11,M,C,Hispanic,N,N,N,Y,N,2.433,7,NA
7370,10,M,C,Hispanic,N,Y,N,Y,N,1.25,7,NA
4062,11,M,C,Hispanic,N,N,N,Y,N,1,7,NA
180,11,M,C,Hispanic,N,N,N,Y,N,1.867,7,NA
7916,11,F,C,Hispanic,N,N,N,Y,N,3.7,7,NA
8650,11,F,C,Hispanic,N,N,N,Y,N,1.406,7,NA
3116,11,F,C,Hispanic,N,N,N,Y,N,2.563,7,NA
6550,11,F,C,Hispanic,N,N,N,Y,N,3.813,7,y
1809,11,M,C,Hispanic,N,N,N,Y,N,2.6,7,NA
7452,11,M,C,Hispanic,N,Y,N,Y,N,1.867,7,NA
5058,11,M,C,Hispanic,N,N,N,Y,N,1.8,7,NA
4108,11,F,C,Hispanic,N,N,N,Y,N,3.529,7,NA
2106,11,M,C,Hispanic,N,N,N,Y,N,3.4,7,y
2831,10,F,C,Hispanic,N,N,N,Y,N,1.563,7,NA
233,11,M,C,Hispanic,N,N,N,Y,N,4.176,7,NA
7984,11,M,C,Hispanic,Y,Y,N,Y,N,1.714,7,NA
9730,11,M,C,Hispanic,N,N,N,Y,N,2.567,7,NA
3344,11,M,C,Hispanic,N,N,N,Y,N,2.063,7,y
8616,11,M,C,Hispanic,N,N,N,Y,N,1.467,7,NA
2185,11,M,C,Hispanic,N,N,N,Y,N,1.9,7,NA
6415,11,F,C,Hispanic,N,N,N,Y,N,3.824,7,NA
432,11,M,C,Hispanic,N,N,N,Y,N,1.5,7,y
7459,11,F,C,Hispanic,Y,N,N,Y,N,3.156,7,NA
6764,11,F,C,Hispanic,N,N,N,Y,Y,3.031,7,NA
2072,11,M,C,Hispanic,N,N,N,Y,N,4.125,7,NA
7200,11,M,C,Hispanic,Y,N,N,Y,N,3.469,7,NA
7421,11,M,C,Hispanic,N,N,N,Y,N,2.6,7,NA
6483,11,M,C,Hispanic,N,N,N,Y,N,1.533,7,y
7569,11,F,C,Hispanic,N,N,N,Y,N,2.2,7,y
4825,11,F,C,Hispanic,N,Y,N,Y,N,2.633,7,NA
7232,11,F,C,Hispanic,Y,N,N,Y,N,1.767,7,NA
7358,11,F,C,Hispanic,Y,Y,N,Y,N,2.833,7,NA
6731,11,M,C,Hispanic,Y,N,N,Y,N,1.219,7,NA
8546,10,F,C,Hispanic,Y,N,N,Y,N,2.438,7,NA
3386,11,F,C,Hispanic,N,N,N,Y,N,3.533,7,y
9720,11,M,C,Hispanic,N,N,N,Y,N,3.156,7,NA
5970,11,F,C,Hispanic,N,N,N,Y,N,3.933,7,NA
3093,11,M,C,Hispanic,Y,N,N,Y,N,2.267,7,NA
911,11,M,C,Hispanic,N,N,N,Y,N,2.226,7,NA
6132,11,F,C,Hispanic,N,N,N,Y,N,3.276,7,NA
8168,11,M,C,Hispanic,N,N,N,Y,N,2.767,7,NA
4023,11,F,C,Hispanic,Y,N,N,Y,N,2.8,7,NA
3593,11,F,C,Hispanic,N,N,N,Y,N,4.176,7,NA
80,11,F,C,Hispanic,N,N,N,Y,N,2.219,7,y
6560,11,M,C,Hispanic,N,N,N,Y,N,2.033,7,y
7123,11,F,C,Hispanic,N,N,N,Y,N,3.706,7,NA
9337,11,M,C,Hispanic,N,N,N,Y,N,3.133,7,NA
7956,11,F,C,Hispanic,N,N,N,Y,N,2.394,7,NA
7994,11,F,C,Hispanic,N,N,N,Y,N,2.875,7,y
4601,11,M,C,Hispanic,N,N,N,Y,N,2.281,7,y
5612,11,F,C,Hispanic,N,N,N,Y,N,2.929,7,NA
117,11,F,C,Hispanic,N,N,N,Y,N,3.031,7,NA
8628,11,M,C,Hispanic,N,Y,N,Y,N,1.9,7,NA
5915,11,M,C,Hispanic,N,N,N,Y,N,1.9,7,NA
7854,11,F,C,Hispanic,N,N,N,Y,N,3.094,7,NA
1678,11,F,C,Hispanic,N,N,N,Y,N,2.033,7,y
4113,11,F,C,Hispanic,N,N,N,Y,N,3.167,7,y
4767,11,F,C,Hispanic,N,N,N,Y,N,1.867,7,NA
8314,12,F,C,Hispanic,N,N,N,Y,N,4.231,7,NA
1927,11,F,C,Hispanic,N,N,N,Y,N,2.933,7,NA
6755,11,M,C,Hispanic,Y,Y,N,Y,N,3.2,7,y
2247,11,M,C,Hispanic,N,N,N,Y,N,3.813,7,NA
7760,11,F,C,Hispanic,Y,N,N,Y,N,3.267,7,NA
1424,11,M,C,Hispanic,N,N,N,Y,N,2.467,7,NA
8380,11,F,C,Hispanic,Y,Y,N,Y,N,2.548,7,NA
9515,11,F,C,Hispanic,N,N,N,Y,N,3.667,7,NA
9507,11,F,C,Hispanic,N,N,N,Y,N,3.533,7,NA
902,11,M,C,Hispanic,Y,N,N,Y,N,1.781,7,NA
1608,11,M,C,Hispanic,Y,N,N,Y,N,1.733,7,NA
1691,11,F,C,Hispanic,N,N,N,Y,N,3.167,7,NA
2577,11,M,C,Hispanic,Y,N,N,Y,N,1.625,7,NA
3349,11,M,C,Hispanic,N,N,N,Y,N,2.2,7,NA
8128,10,M,C,Hispanic,Y,N,N,Y,N,1.647,7,NA
4954,11,M,C,Hispanic,N,N,N,Y,N,0.967,7,NA
5416,11,F,C,Hispanic,N,N,N,Y,N,2.156,7,NA
775,11,F,C,Hispanic,N,N,N,Y,N,3.3,7,NA
2964,11,M,C,Hispanic,N,N,N,Y,N,1.781,7,NA
5740,11,F,C,Hispanic,Y,Y,N,Y,N,3.133,7,NA
2021,11,F,C,Hispanic,N,N,N,Y,N,0.8,7,NA
9299,11,M,C,Hispanic,N,N,N,Y,N,2.156,7,NA
9045,11,M,C,Hispanic,N,N,N,Y,N,2.367,7,NA
8847,11,M,C,Hispanic,N,N,N,Y,N,3.563,7,y
6328,11,F,C,Hispanic,N,N,N,Y,N,2.226,7,y
6269,11,F,C,Hispanic,N,N,N,Y,N,2.167,7,NA
8044,11,M,C,Hispanic,N,N,N,Y,N,2.4,7,NA
8442,11,F,C,Hispanic,N,N,N,Y,N,2.969,7,y
7908,11,F,C,Hispanic,N,N,N,Y,N,3.25,7,y
2471,11,F,C,Hispanic,N,N,N,Y,N,1.933,7,y
2868,11,M,C,Hispanic,N,N,N,Y,N,3.067,7,NA
3268,11,M,C,Hispanic,N,N,N,Y,N,2.219,7,NA
9443,11,M,C,Hispanic,Y,N,N,Y,N,2.469,7,NA
4881,11,M,C,Hispanic,N,N,N,Y,N,2.133,7,NA
1121,11,F,C,Hispanic,N,N,N,Y,N,3.467,7,NA
8450,11,M,C,Hispanic,Y,N,N,Y,N,1.733,7,NA
481,11,M,C,Hispanic,Y,N,N,Y,N,2.143,7,NA
822,11,M,C,Hispanic,Y,N,N,Y,N,2.833,7,NA
7016,11,F,C,Hispanic,N,N,N,Y,N,2.938,7,NA
9062,11,M,C,Hispanic,N,N,N,Y,N,2.2,7,NA
6529,11,F,C,Hispanic,N,N,N,Y,N,3.067,7,NA
9525,11,F,C,Hispanic,Y,Y,N,Y,N,1.033,7,NA
3765,11,F,C,Hispanic,N,N,N,Y,N,4,7,NA
4762,11,F,C,Hispanic,N,N,N,Y,N,2.567,7,NA
9890,10,M,C,Hispanic,N,N,N,Y,N,2.188,7,NA
1283,11,F,C,Hispanic,N,N,N,Y,N,2.813,7,NA
3681,11,F,C,Hispanic,N,N,N,Y,N,3.769,7,NA
4355,10,M,C,Hispanic,N,N,N,Y,N,3,7,NA
430,11,M,C,Hispanic,N,N,N,Y,N,2.433,7,NA
4926,11,M,C,Hispanic,N,N,N,Y,N,1.735,7,NA
5713,11,M,C,Hispanic,N,N,N,Y,N,2.4,7,NA
5518,11,M,C,Hispanic,N,N,N,Y,N,2.633,7,NA
400,11,M,C,Hispanic,N,N,N,Y,N,2.7,7,NA
4639,11,F,C,Hispanic,N,N,N,Y,N,3.344,7,NA
8782,10,F,C,Hispanic,Y,N,N,Y,N,3.438,7,NA
7062,11,F,C,Hispanic,Y,N,N,Y,N,3.567,7,y
7703,11,M,C,Hispanic,N,N,N,Y,N,2.567,7,y
3061,11,F,C,Hispanic,N,Y,N,Y,N,2.6,7,NA
3405,11,F,C,Hispanic,N,N,N,Y,N,3.733,7,NA
1437,11,M,C,Hispanic,N,N,N,Y,N,2.2,7,NA
7588,11,M,C,Hispanic,N,N,N,Y,Y,0.967,7,NA
7450,11,M,C,Hispanic,N,N,N,Y,N,1.6,7,NA
6968,11,F,C,Hispanic,N,N,N,Y,N,3.719,7,y
9241,10,M,C,Hispanic,N,N,N,Y,N,3.875,7,y
4180,11,M,C,Hispanic,Y,N,N,Y,N,1.9,7,NA
1476,11,F,C,Hispanic,N,N,N,Y,N,3.533,7,NA
2860,11,F,C,Hispanic,N,N,N,Y,N,1.567,7,NA
7962,10,M,C,Hispanic,N,N,N,Y,N,1.875,7,NA
2958,11,F,C,Hispanic,N,N,N,Y,N,2.441,7,NA
1759,11,M,C,Hispanic,N,N,N,Y,N,1.933,7,NA
1998,11,M,C,Hispanic,N,N,N,Y,N,2.8,7,y
2851,11,F,C,Hispanic,Y,N,N,Y,N,2.233,7,NA
8843,11,F,C,Hispanic,N,N,N,Y,N,3.133,7,NA
5156,10,F,C,Hispanic,Y,N,N,Y,N,2.563,7,NA
6005,10,M,C,Hispanic,N,N,N,Y,N,3.556,7,NA
3264,10,F,C,Hispanic,Y,Y,N,Y,N,1.938,7,y
7803,11,M,C,Hispanic,N,N,N,Y,N,1.3,7,NA
7692,11,M,C,Hispanic,Y,N,N,Y,N,2.6,7,NA
3316,11,M,C,Hispanic,N,N,N,Y,N,1.966,7,NA
8324,11,M,C,Hispanic,N,N,N,Y,N,3.813,7,NA
3379,11,F,C,Hispanic,N,N,N,Y,N,2.906,7,NA
3435,11,M,C,Hispanic,N,N,N,Y,N,3.333,7,NA
9113,11,F,C,Hispanic,N,N,N,Y,N,2.467,7,NA
3039,11,F,C,Hispanic,N,N,N,Y,N,3.813,7,NA
6313,10,F,C,Hispanic,N,Y,N,Y,N,3.222,7,NA
7937,11,M,C,Hispanic,N,N,N,Y,N,2.333,7,NA
5141,11,F,C,Hispanic,N,N,N,Y,N,2.688,7,NA
4954,11,M,C,Hispanic,N,N,N,Y,N,2.25,7,NA
6423,11,F,C,Hispanic,N,N,N,Y,N,2.8,7,y
1465,11,M,C,Hispanic,N,N,N,Y,N,3.75,7,NA
3839,9,M,C,Hispanic,N,N,N,Y,N,2,7,NA
4742,11,M,C,Hispanic,N,N,N,Y,N,3.8,7,NA
4405,11,F,C,Hispanic,N,N,N,Y,N,1.533,7,NA
42,11,F,C,Hispanic,N,N,N,Y,N,3.219,7,y
544,11,F,C,Hispanic,Y,N,N,Y,N,1.719,7,NA
4104,11,F,C,Hispanic,N,N,N,Y,N,4.059,7,NA
3106,11,M,C,Hispanic,N,N,N,Y,N,2.867,7,NA
9535,9,M,C,Hispanic,N,Y,N,Y,N,1,7,NA
4346,9,M,C,Hispanic,N,N,N,Y,N,3.333,7,NA
408,11,F,C,Hispanic,N,N,N,Y,N,2.4,7,NA
6359,9,F,C,Hispanic,Y,Y,N,Y,N,3,7,NA
5084,10,M,C,Hispanic,Y,N,N,Y,N,2.188,7,NA
8958,11,M,C,Hispanic,N,N,N,Y,N,1.719,7,NA
8796,11,F,C,Hispanic,N,N,N,Y,N,2.767,7,y
6067,11,F,C,Hispanic,N,N,N,Y,N,2.4,7,NA
9484,11,M,C,Non Hispanic,N,Y,N,Y,N,2.25,7,NA
7833,11,F,C,Hispanic,Y,N,N,Y,N,2.833,7,NA
279,11,M,C,Hispanic,N,N,N,Y,N,2.036,7,NA
1381,11,F,C,Hispanic,N,N,N,Y,N,3.633,7,NA
6798,11,F,C,Hispanic,Y,N,N,Y,N,3.6,7,NA
4439,11,F,C,Hispanic,Y,N,N,Y,N,1.733,7,NA
9623,10,M,C,Hispanic,N,N,N,Y,N,1.8,7,NA
7969,11,F,C,Hispanic,N,N,N,Y,N,0.8,7,NA
2022,10,F,C,Hispanic,Y,N,N,Y,N,2.688,7,NA
3711,11,M,C,Hispanic,Y,N,N,Y,N,1.833,7,NA
6309,11,M,C,Hispanic,N,N,N,Y,N,1.933,7,NA
7180,11,F,C,Hispanic,N,N,N,Y,N,2,7,y
8356,11,F,C,Hispanic,N,N,N,Y,N,3.1,7,NA
3994,11,M,C,Hispanic,N,N,N,Y,N,3.943,7,NA
4364,9,M,C,Hispanic,Y,Y,N,Y,N,NA,7,NA
5796,9,F,C,Hispanic,Y,Y,N,Y,N,NA,7,NA
3245,9,M,C,Hispanic,N,Y,N,Y,N,NA,7,NA
4316,10,F,C,Hispanic,N,N,N,Y,N,1.188,7,NA
3691,11,F,C,Hispanic,Y,N,N,Y,N,3.188,7,NA
719,11,F,C,Hispanic,N,N,N,Y,N,2.333,7,NA
2622,11,F,C,Hispanic,Y,N,N,Y,N,1.313,7,NA
3815,10,F,C,Hispanic,Y,N,N,Y,N,1.143,7,NA
958,11,M,C,Hispanic,N,N,N,Y,N,3.733,7,NA
622,11,M,C,Hispanic,Y,Y,N,Y,N,2.143,7,NA
3650,10,F,C,Hispanic,Y,N,N,Y,N,0.688,7,NA
4744,11,F,C,Hispanic,N,N,N,Y,N,3.313,7,NA
8718,11,F,C,Hispanic,N,N,N,Y,N,3.833,7,NA
8166,11,F,C,Hispanic,N,N,N,Y,N,1.929,7,NA
644,11,F,C,Hispanic,Y,N,N,Y,N,2.333,7,NA
5419,11,F,C,Hispanic,N,N,N,Y,N,0.433,7,NA
6659,11,M,C,Hispanic,N,N,N,Y,N,2.133,7,NA
2120,11,F,C,Hispanic,N,N,N,Y,N,2.967,7,NA
691,11,F,C,Hispanic,N,N,N,Y,N,3.032,7,y
2979,9,M,C,Hispanic,N,N,N,Y,N,4,7,NA
5658,9,M,C,Hispanic,N,N,N,Y,N,3,7,NA
736,11,F,C,Hispanic,Y,N,N,Y,N,2,7,NA
2391,11,F,C,Hispanic,N,N,N,Y,N,2.133,7,NA
8765,9,M,C,Hispanic,Y,Y,N,Y,N,1,7,NA
6539,12,M,C,Hispanic,N,Y,N,Y,N,1.6,7,NA
1666,11,M,C,Hispanic,N,N,N,Y,N,2.533,7,NA
7966,11,M,C,Hispanic,Y,Y,N,Y,N,1.097,7,NA
7877,11,M,C,Hispanic,N,N,N,Y,N,1.933,7,NA
5497,11,M,C,Hispanic,N,Y,N,Y,N,1.276,7,NA
4566,11,F,C,Hispanic,N,N,N,Y,N,3.206,7,y
1235,11,F,C,Hispanic,N,N,N,Y,N,3.933,7,NA
1742,11,M,C,Hispanic,N,N,N,Y,N,1.367,7,NA
45,10,F,C,Hispanic,Y,N,N,Y,N,1.071,7,NA
2061,9,M,C,Hispanic,Y,N,N,Y,N,2,7,NA
8830,11,F,C,Hispanic,N,N,N,Y,N,1.406,7,NA
6679,10,M,C,Hispanic,Y,N,N,Y,N,2.167,7,NA
8272,9,F,C,Hispanic,N,N,N,Y,N,NA,7,NA
1350,9,M,C,Hispanic,N,Y,N,Y,N,2,7,NA
343,11,M,C,Hispanic,N,N,N,Y,N,2.333,7,NA
9450,10,M,C,Hispanic,Y,N,N,Y,N,NA,7,NA
4657,9,F,C,Hispanic,Y,Y,N,Y,N,NA,7,NA
8924,10,M,C,Hispanic,N,N,N,Y,N,2.889,7,NA
6915,10,M,C,Hispanic,N,Y,N,Y,N,2.65,7,NA
8077,9,M,C,Hispanic,N,Y,N,Y,N,3.2,7,NA
1042,9,M,C,Hispanic,N,N,N,Y,N,2,7,NA
3200,10,F,C,Hispanic,N,Y,N,Y,N,1.313,7,NA
6139,12,M,C,Hispanic,Y,Y,N,Y,N,1.145,7,NA
720,9,F,C,Hispanic,N,N,N,Y,N,3.667,7,NA
15,10,M,C,Hispanic,N,Y,N,Y,N,1.563,7,NA
5984,10,M,C,Hispanic,N,Y,N,Y,N,1.625,7,NA
7399,10,M,C,Hispanic,Y,Y,N,Y,N,2.063,7,NA
6894,9,M,C,Hispanic,N,Y,N,Y,N,1.667,7,NA
6187,10,F,C,Hispanic,N,N,N,Y,N,2.25,7,NA
7409,10,F,C,Hispanic,Y,Y,N,Y,N,3.063,7,NA
5055,11,M,C,Hispanic,Y,N,N,Y,N,1.968,7,NA
6083,10,M,C,Hispanic,Y,N,N,Y,N,1.75,7,NA
2183,10,F,C,Hispanic,Y,Y,N,Y,N,2.875,7,y
8892,10,M,C,Hispanic,Y,Y,N,Y,N,1.563,7,NA
6825,10,F,C,Hispanic,N,N,N,Y,N,3.75,7,y
2251,10,F,C,Hispanic,Y,Y,N,Y,N,2.438,7,NA
9726,10,M,C,Hispanic,Y,N,N,Y,N,1.235,7,NA
5549,10,F,C,Hispanic,Y,N,N,Y,N,2,7,NA
8148,10,F,C,Hispanic,Y,N,N,Y,N,1.875,7,NA
5211,10,F,C,Hispanic,N,Y,N,Y,N,2.25,7,y
7904,10,F,C,Hispanic,N,N,N,Y,N,2.438,7,y
4173,10,F,C,Hispanic,N,N,N,Y,N,2.375,7,NA
7674,10,M,C,Hispanic,Y,N,N,Y,N,1.625,7,NA
9181,10,F,C,Hispanic,N,N,N,Y,N,3.375,7,y
9313,10,F,C,Hispanic,N,Y,N,Y,N,0.5,7,NA
2135,10,F,C,Hispanic,N,Y,N,Y,N,3.375,7,y
8196,10,F,C,Hispanic,N,N,N,Y,N,3.8,7,y
1701,10,M,C,Hispanic,N,N,N,Y,N,2.188,7,NA
1513,10,M,C,Hispanic,Y,N,N,Y,N,1.938,7,NA
2208,10,F,C,Hispanic,N,N,N,Y,N,2,7,NA
75,10,M,C,Hispanic,N,N,N,Y,N,4.1,7,NA
8335,10,M,C,Hispanic,N,N,N,Y,N,2.938,7,y
6594,10,M,C,Hispanic,Y,N,N,Y,N,1.625,7,NA
6443,10,F,C,Hispanic,N,N,N,Y,N,3.813,7,NA
1947,10,M,C,Hispanic,N,N,N,Y,N,2.889,7,NA
3355,10,F,C,Hispanic,Y,N,N,Y,N,1.125,7,y
1809,10,M,C,Hispanic,Y,Y,N,Y,N,1.438,7,NA
608,10,F,C,Hispanic,Y,N,N,Y,N,2.125,7,NA
3227,10,M,C,Hispanic,N,N,N,Y,N,2.75,7,NA
9422,10,M,C,Hispanic,Y,N,N,Y,N,2.5,7,NA
5921,10,M,C,Hispanic,N,Y,N,Y,N,NA,7,NA
4707,10,M,C,Hispanic,Y,N,N,Y,N,2,7,NA
2956,10,M,C,Hispanic,N,N,N,Y,N,1.813,7,NA
9528,10,M,C,Hispanic,N,N,N,Y,Y,3.25,7,NA
467,10,M,C,Hispanic,Y,N,N,Y,N,1.778,7,NA
1251,10,M,C,Hispanic,N,N,N,Y,N,1.529,7,NA
4720,10,F,C,Hispanic,N,N,N,Y,N,2,7,y
5524,10,M,C,Hispanic,Y,N,N,Y,N,1.75,7,NA
1147,10,M,C,Hispanic,N,N,N,Y,N,3,7,y
9674,10,M,C,Hispanic,N,N,N,Y,N,1.938,7,NA
2329,10,F,C,Hispanic,Y,Y,N,Y,N,2.5,7,y
7780,10,F,C,Hispanic,N,Y,N,Y,N,1.813,7,y
5278,10,F,C,Hispanic,N,N,N,Y,N,3.125,7,NA
9656,10,M,C,Hispanic,Y,Y,N,Y,N,1.75,7,NA
144,10,M,C,Hispanic,N,N,N,Y,N,3.875,7,NA
6284,10,F,C,Hispanic,N,N,N,Y,N,3.125,7,NA
1096,10,F,C,Hispanic,N,N,N,Y,N,2.778,7,NA
6081,9,M,C,Hispanic,Y,N,N,Y,N,1,7,NA
4833,9,M,C,Hispanic,Y,N,N,Y,N,2.4,7,NA
1039,10,M,C,Hispanic,N,N,N,Y,N,1.071,7,NA
11,10,M,C,Hispanic,Y,N,N,Y,N,1.529,7,NA
3065,10,M,C,Hispanic,N,N,N,Y,N,2.563,7,y
9183,11,F,C,Hispanic,Y,N,N,Y,N,2.533,7,NA
7263,10,F,C,Hispanic,Y,Y,N,Y,N,2.5,7,y
5148,10,M,C,Hispanic,N,N,N,Y,N,2.875,7,y
803,10,F,C,Hispanic,N,N,N,Y,N,2.75,7,NA
3550,10,M,C,Hispanic,N,N,N,Y,N,2.313,7,NA
9660,9,M,C,Hispanic,N,Y,N,Y,N,NA,7,NA
4087,10,M,C,Hispanic,N,N,N,Y,N,3,7,NA
7879,10,M,C,Hispanic,N,N,N,Y,N,2.167,7,NA
9871,9,M,C,Hispanic,Y,N,N,Y,N,2,7,NA
6317,9,F,C,Hispanic,Y,N,N,Y,N,1,7,NA
3544,9,M,C,Hispanic,N,N,N,Y,N,1,7,NA
7160,10,F,C,Hispanic,N,N,N,Y,N,3.563,7,NA
3109,10,F,C,Hispanic,N,N,N,Y,N,1.25,7,NA
9953,10,M,C,Hispanic,Y,N,N,Y,N,3.056,7,NA
9365,12,F,C,Hispanic,N,N,N,Y,N,1.891,7,NA
8432,10,M,C,Hispanic,Y,Y,N,Y,N,2.556,7,NA
4393,10,M,C,Hispanic,Y,N,N,Y,N,2.375,7,NA
2722,10,F,C,Hispanic,N,N,N,Y,N,2.778,7,NA
1757,10,M,C,Hispanic,N,N,N,Y,N,3,7,NA
3109,10,F,C,Hispanic,N,N,N,Y,N,3.313,7,NA
2198,10,M,C,Hispanic,N,N,N,Y,N,3.25,7,NA
7664,10,F,C,Hispanic,N,N,N,Y,N,1.833,7,NA
9980,10,F,C,Hispanic,Y,N,N,Y,N,1.938,7,NA
8615,10,M,C,Hispanic,N,N,N,Y,N,2.353,7,NA
3223,10,M,C,Hispanic,N,N,N,Y,N,2.563,7,NA
3822,10,F,C,Hispanic,N,N,N,Y,N,3.25,7,NA
9162,9,F,C,Hispanic,N,N,N,Y,N,1,7,NA
5858,10,M,C,Hispanic,N,N,N,Y,N,2.688,7,NA
9789,10,F,C,Hispanic,N,N,N,Y,N,2.611,7,NA
6717,10,M,C,Hispanic,Y,N,N,Y,N,1.75,7,NA
3383,10,F,C,Hispanic,N,N,N,Y,N,2.563,7,NA
6233,10,F,C,Hispanic,N,N,N,Y,N,2.688,7,NA
6729,10,M,C,Hispanic,N,N,N,Y,N,2.063,7,NA
3736,10,F,C,Hispanic,N,N,N,Y,N,2.813,7,NA
5222,10,M,C,Hispanic,N,N,N,Y,N,2.13,7,NA
8397,9,F,C,Hispanic,Y,N,N,Y,N,1,7,NA
368,10,M,C,Hispanic,N,N,N,Y,N,2.75,7,NA
6723,10,M,C,Hispanic,N,N,N,Y,N,2.25,7,NA
7199,10,F,C,Hispanic,N,N,N,Y,N,3,7,NA
6485,10,F,C,Hispanic,N,N,N,Y,N,4,7,NA
886,10,M,C,Hispanic,Y,N,N,Y,N,1.563,7,NA
3426,10,F,C,Hispanic,N,N,N,Y,N,4.111,7,y
979,10,M,C,Hispanic,N,N,N,Y,N,2.438,7,NA
7463,10,F,C,Hispanic,Y,N,N,Y,N,2.813,7,NA
2569,10,M,C,Hispanic,N,N,N,Y,N,3.6,7,NA
6316,10,F,C,Hispanic,N,N,N,Y,N,3.9,7,y
606,9,F,C,Hispanic,N,N,N,Y,N,3,7,NA
4807,10,M,C,Hispanic,Y,N,N,Y,N,1,7,NA
4956,9,F,C,Hispanic,Y,N,N,Y,N,0,7,NA
2013,10,F,C,Hispanic,N,N,N,Y,N,2.947,7,y
3986,10,M,C,Hispanic,N,N,N,Y,N,2.063,7,NA
7464,10,M,C,Hispanic,Y,Y,N,Y,N,2.688,7,NA
9323,10,M,C,Hispanic,N,N,N,Y,N,4.1,7,y
4626,10,M,C,Hispanic,N,N,N,Y,N,2.313,7,y
3153,10,F,C,Hispanic,N,N,N,Y,N,3.188,7,NA
8328,10,F,C,Hispanic,N,N,N,Y,N,2.111,7,NA
8300,10,M,C,Hispanic,N,N,N,Y,N,2,7,NA
8841,10,F,C,Hispanic,N,N,N,Y,N,1.722,7,NA
4800,10,F,C,Hispanic,N,N,N,Y,N,2.5,7,NA
8112,10,F,C,Hispanic,Y,N,N,Y,N,1.938,7,y
9387,10,F,C,Hispanic,Y,N,N,Y,N,2.5,7,NA
1247,10,F,C,Hispanic,N,N,N,Y,N,2.625,7,NA
1512,9,M,C,Hispanic,N,N,N,Y,N,3,7,NA
6970,10,M,C,Hispanic,N,N,N,Y,N,1.688,7,NA
2250,10,M,C,Hispanic,Y,N,N,Y,N,2.75,7,NA
120,10,M,C,Hispanic,N,N,N,Y,N,2.688,7,NA
79,10,M,C,Hispanic,Y,N,N,Y,N,1.313,7,NA
4458,10,F,C,Hispanic,N,N,N,Y,N,3.5,7,NA
6936,10,M,C,Hispanic,N,N,N,Y,N,1.125,7,NA
6952,10,M,C,Hispanic,Y,N,N,Y,N,2.375,7,NA
3882,10,M,C,Hispanic,N,N,N,Y,N,2.75,7,NA
1194,11,F,C,Hispanic,N,N,N,Y,N,3.594,7,NA
7066,10,M,C,Hispanic,N,N,N,Y,N,3.75,7,NA
3780,10,M,C,Hispanic,N,N,N,Y,N,3.25,7,NA
6351,10,M,C,Hispanic,N,N,N,Y,N,2.875,7,NA
5819,10,F,C,Hispanic,N,N,N,Y,N,3.333,7,NA
8280,10,M,C,Hispanic,N,N,N,Y,N,3,7,NA
6635,10,M,C,Hispanic,N,N,N,Y,N,2.063,7,NA
2636,10,M,C,Hispanic,N,N,N,Y,N,0.938,7,NA
3095,10,F,C,Hispanic,N,N,N,Y,N,3.063,7,NA
7941,10,F,C,Hispanic,N,N,N,Y,N,1.556,7,NA
5926,9,F,C,Hispanic,Y,Y,N,Y,N,2,7,NA
4158,10,F,C,Hispanic,Y,N,N,Y,N,3.375,7,NA
3678,10,F,C,Hispanic,Y,N,N,Y,N,3.375,7,NA
46,10,M,C,Hispanic,Y,N,N,Y,N,2.75,7,NA
909,10,F,C,Hispanic,N,N,N,Y,N,2.938,7,NA
3377,9,M,C,Hispanic,N,Y,N,Y,N,1,7,NA
935,9,F,C,Hispanic,Y,N,N,Y,N,2,7,y
1231,10,F,C,Hispanic,N,N,N,Y,N,3.111,7,NA
5773,10,M,C,Hispanic,Y,N,N,Y,N,1.688,7,NA
1091,10,F,C,Hispanic,N,N,N,Y,N,2.889,7,NA
8036,10,M,C,Hispanic,Y,N,N,Y,N,2.438,7,NA
7715,10,F,C,Hispanic,N,N,N,Y,N,2.722,7,NA
6068,10,F,C,Hispanic,N,N,N,Y,N,2.375,7,NA
933,10,M,C,Hispanic,Y,Y,N,Y,N,1.875,7,NA
2738,10,F,C,Hispanic,Y,N,N,Y,N,2.389,7,NA
7492,10,F,C,Hispanic,Y,Y,N,Y,N,2.625,7,NA
7273,10,F,C,Hispanic,N,N,N,Y,N,3.188,7,NA
3311,10,F,C,Hispanic,N,N,N,Y,N,1.813,7,NA
6150,10,M,C,Hispanic,N,N,N,Y,N,2.875,7,NA
5672,9,F,C,Hispanic,Y,Y,N,Y,N,2,7,NA
687,10,F,C,Hispanic,N,N,N,Y,N,3.556,7,y
5492,10,M,C,Hispanic,N,N,N,Y,N,3,7,NA
6319,10,F,C,Hispanic,Y,N,N,Y,N,2.688,7,y
3073,10,F,C,Hispanic,N,Y,N,Y,N,2,7,NA
4987,10,F,C,Hispanic,N,N,N,Y,N,2.25,7,y
7747,10,F,C,Hispanic,N,N,N,Y,N,2.625,7,NA
2165,10,M,C,Hispanic,N,N,N,Y,N,2.063,7,NA
4301,10,M,C,Hispanic,N,N,N,Y,N,2.833,7,NA
2428,10,M,C,Hispanic,N,N,N,Y,N,2,7,NA
6506,10,F,C,Non Hispanic,N,N,N,Y,N,3.3,7,y
3568,10,F,C,Hispanic,N,N,N,Y,N,1.059,7,NA
3407,10,F,C,Hispanic,N,N,N,Y,N,2.875,7,NA
9909,10,F,C,Hispanic,N,N,N,Y,N,2.625,7,y
5756,10,M,C,Hispanic,N,Y,N,Y,N,2.25,7,NA
1581,10,F,C,Hispanic,N,N,N,Y,N,2.625,7,NA
1952,10,F,C,Hispanic,N,N,N,Y,N,3.875,7,NA
4433,10,F,C,Hispanic,N,N,N,Y,N,4,7,NA
5655,9,M,C,Hispanic,Y,N,N,Y,N,1.667,7,NA
3624,10,F,C,Hispanic,N,N,N,Y,N,3.125,7,NA
2502,10,M,C,Hispanic,N,N,N,Y,N,2.313,7,NA
5341,10,M,C,Hispanic,Y,N,N,Y,N,1.875,7,NA
5574,10,M,C,Hispanic,Y,N,N,Y,N,1.625,7,NA
8800,10,M,C,Hispanic,Y,N,N,Y,N,2.313,7,NA
4154,10,F,C,Hispanic,N,N,N,Y,N,2.25,7,NA
7437,10,F,C,Hispanic,N,N,N,Y,N,1.944,7,y
1305,10,F,C,Hispanic,N,N,N,Y,N,2.563,7,NA
3311,10,F,C,Hispanic,N,N,N,Y,N,3.125,7,NA
8437,10,M,C,Hispanic,N,N,N,Y,N,0.938,7,NA
4089,10,F,C,Hispanic,N,N,N,Y,N,2.75,7,y
6479,9,M,C,Hispanic,N,Y,N,Y,N,2,7,NA
5272,10,M,C,Hispanic,N,N,N,Y,N,2.625,7,NA
3816,10,F,C,Hispanic,N,N,N,Y,N,2.778,7,NA
8757,10,F,C,Hispanic,N,N,N,Y,N,1.944,7,NA
1638,10,M,C,Non Hispanic,N,Y,N,Y,N,2.625,7,NA
7291,10,M,C,Hispanic,N,N,N,Y,N,0.875,7,NA
4741,10,F,C,Hispanic,Y,N,N,Y,N,2.25,7,NA
9182,10,M,C,Hispanic,N,N,N,Y,N,1.9,7,NA
1125,10,M,C,Hispanic,N,N,N,Y,N,1.938,7,NA
1200,12,F,C,Hispanic,N,N,N,Y,N,3.854,7,NA
7174,11,F,C,Hispanic,N,Y,N,Y,N,2.2,7,NA
3989,10,M,C,Hispanic,Y,N,N,Y,N,2.125,7,NA
9878,11,M,C,Hispanic,N,N,N,Y,N,3.5,7,NA
3402,9,F,C,Hispanic,Y,N,N,Y,N,2.667,7,NA
9359,9,M,C,Hispanic,Y,N,N,Y,N,2.333,7,NA
1607,10,F,C,Hispanic,N,N,N,Y,N,2.944,7,NA
3918,10,F,C,Hispanic,Y,N,N,Y,N,1.75,7,NA
6190,11,F,C,Hispanic,Y,N,N,Y,N,0.4,7,NA
3121,10,M,C,Hispanic,N,Y,N,Y,N,1.125,7,NA
6897,11,F,C,Hispanic,N,Y,N,Y,N,3.233,7,y
1904,10,F,C,Hispanic,N,N,N,Y,N,3.625,7,NA
7109,10,M,C,Hispanic,N,N,N,Y,N,2.167,7,NA
1546,9,M,C,Hispanic,Y,Y,N,Y,N,NA,7,NA
1402,12,F,C,Hispanic,N,N,N,Y,N,2.636,7,NA
2230,10,F,C,Hispanic,Y,N,N,Y,N,2.632,7,NA
8729,10,M,C,Hispanic,N,N,N,Y,N,2.063,7,NA
3104,10,M,C,Hispanic,N,N,N,Y,N,2.125,7,NA
9899,10,M,C,Hispanic,N,Y,N,Y,N,0.625,7,NA
2556,10,F,C,Hispanic,N,N,N,Y,N,2.176,7,NA
1988,10,M,C,Hispanic,N,N,N,Y,N,2.188,7,NA
6416,10,M,C,Hispanic,N,N,N,Y,N,2.188,7,NA
2217,10,F,C,Hispanic,N,Y,N,Y,N,1.222,7,NA
1054,10,F,C,Hispanic,N,N,N,Y,N,2.313,7,NA
9161,9,F,C,Hispanic,N,N,N,Y,N,0,7,NA
4487,10,M,C,Hispanic,N,N,N,Y,N,2.5,7,NA
2624,9,M,C,Hispanic,Y,N,N,Y,N,2.333,7,NA
3417,9,M,C,Hispanic,Y,N,N,Y,N,2.333,7,NA
2964,10,F,C,Hispanic,N,N,N,Y,N,1.611,7,NA
5745,9,F,C,Hispanic,Y,N,N,Y,N,1.667,7,NA
3537,10,F,C,Hispanic,Y,N,N,Y,N,2.167,7,NA
5540,10,F,C,Hispanic,N,N,N,Y,N,2.5,7,NA
608,10,M,C,Hispanic,Y,Y,N,Y,N,1.188,7,NA
3963,10,F,C,Hispanic,Y,N,N,Y,N,1.875,7,NA
5785,10,M,C,Hispanic,N,N,N,Y,N,2.833,7,NA
8882,10,M,C,Hispanic,N,N,N,Y,Y,2.125,7,NA
163,10,M,C,Hispanic,N,N,N,Y,N,2.571,7,NA
8416,10,F,C,Hispanic,Y,N,N,Y,N,1.563,7,NA
5467,10,M,C,Hispanic,Y,Y,N,Y,N,1.563,7,NA
6849,10,F,C,Hispanic,N,N,N,Y,N,2.765,7,NA
4292,9,M,C,Hispanic,Y,N,N,Y,N,2,7,NA
1441,10,F,C,Hispanic,Y,N,N,Y,N,2.938,7,NA
2977,9,F,C,Hispanic,Y,Y,Y,Y,N,1,7,y
560,10,M,C,Hispanic,N,N,N,Y,N,2.176,7,NA
6459,9,F,C,Hispanic,N,N,Y,Y,N,2.667,7,NA
1696,10,F,C,Hispanic,Y,N,N,Y,N,1.625,7,y
139,10,F,C,Hispanic,Y,Y,N,Y,N,1.188,7,y
123,12,F,C,Hispanic,Y,N,N,Y,N,2.432,7,NA
7515,10,M,C,Hispanic,Y,N,N,Y,Y,1.333,7,NA
8680,12,M,C,Hispanic,N,N,N,Y,N,1.326,7,NA
9699,10,M,C,Hispanic,N,N,N,Y,N,1.75,7,NA
5857,10,F,C,Hispanic,Y,N,N,Y,N,2.125,7,NA
4267,9,M,C,Hispanic,Y,Y,N,Y,N,3,7,NA
5365,10,F,C,Hispanic,Y,N,N,Y,N,0.941,7,y
6267,9,M,C,Hispanic,Y,Y,N,Y,N,2,7,NA
3806,9,M,C,Hispanic,N,Y,N,Y,N,2,7,NA
6756,11,M,C,Hispanic,Y,Y,N,Y,N,2.667,7,NA
6380,9,F,C,Hispanic,N,N,N,Y,N,2.667,7,y
5516,9,M,C,Hispanic,Y,N,N,Y,N,1,7,NA
3879,10,M,C,Hispanic,Y,N,N,Y,N,1.938,7,NA
5096,9,F,C,Hispanic,Y,Y,N,Y,N,2.333,7,NA
8170,11,F,C,Hispanic,N,Y,N,Y,N,1.4,7,NA
8811,9,F,C,Hispanic,Y,N,N,Y,N,1,7,NA
5066,10,F,C,Hispanic,Y,N,N,Y,N,1.063,7,NA
1799,9,M,C,Hispanic,Y,Y,N,Y,N,3,7,NA
1948,9,F,C,Hispanic,Y,Y,N,Y,N,1,7,NA
8849,12,F,C,Hispanic,Y,N,N,Y,N,3.091,7,NA
8594,11,M,C,Hispanic,N,N,N,Y,N,2.533,7,NA
7265,9,F,C,Hispanic,N,N,N,Y,N,2,7,NA
6718,11,M,C,Hispanic,Y,Y,N,Y,N,1,7,NA
8803,9,F,C,Hispanic,Y,N,N,Y,N,2,7,NA
687,9,M,C,Hispanic,Y,Y,N,Y,N,2,7,NA
6374,10,M,C,Hispanic,Y,N,N,Y,N,2.313,7,NA
7517,9,F,C,Hispanic,N,N,N,Y,N,2.667,7,NA
8442,12,F,C,Hispanic,N,N,N,Y,N,1.932,7,NA
121,11,F,C,Hispanic,N,N,N,Y,N,1.484,7,NA
2855,9,M,C,Hispanic,N,N,N,Y,N,3,7,NA
5423,11,M,C,Hispanic,N,N,N,Y,N,1.172,7,NA
8782,9,F,C,Hispanic,N,N,N,Y,N,2.333,7,NA
5538,9,M,I,Non Hispanic,N,N,N,Y,N,2,7,NA
4879,9,F,C,Hispanic,Y,N,N,Y,N,3,7,NA
8459,9,F,C,Hispanic,N,N,N,Y,N,2,7,NA
7692,9,F,C,Hispanic,N,N,N,Y,N,2.667,7,y
2863,9,F,C,Hispanic,Y,N,N,Y,N,1,7,NA
4021,9,F,C,Hispanic,N,N,N,Y,N,1,7,NA
8843,9,M,C,Hispanic,N,N,N,Y,N,2.667,7,NA
4028,9,F,C,Hispanic,N,N,N,Y,N,2,7,y
875,9,M,C,Hispanic,N,N,N,Y,N,3,7,NA
3443,9,M,C,Hispanic,Y,N,N,Y,N,4,7,NA
8329,9,M,C,Hispanic,Y,N,N,Y,N,2,7,NA
5509,9,M,C,Hispanic,N,Y,N,Y,N,3,7,NA
1555,9,F,C,Hispanic,N,N,N,Y,N,NA,7,NA
9326,9,F,C,Hispanic,N,N,N,Y,N,2,7,NA
8632,9,M,C,Hispanic,N,N,N,Y,N,2.667,7,NA
5052,9,M,C,Hispanic,N,N,N,Y,N,4,7,NA
1307,9,M,C,Hispanic,N,N,N,Y,N,3,7,NA
6749,9,F,C,Hispanic,Y,N,N,Y,N,2,7,NA
9605,9,M,C,Hispanic,N,N,N,Y,N,2,7,NA
277,9,F,C,Hispanic,N,N,N,Y,N,3,7,NA
7693,9,F,C,Hispanic,N,N,N,Y,N,3,7,y
295,9,M,C,Hispanic,Y,N,N,Y,N,2,7,NA
5634,9,M,C,Hispanic,N,N,N,Y,N,2,7,NA
8464,9,F,C,Hispanic,N,N,N,Y,N,2.667,7,NA
2270,9,F,C,Hispanic,N,N,N,Y,N,3,7,NA
9434,9,F,C,Hispanic,N,N,N,Y,N,2.667,7,NA
6783,9,M,C,Hispanic,Y,Y,N,Y,N,1,7,NA
8538,9,M,C,Hispanic,Y,N,N,Y,N,1,7,NA
7291,9,F,C,Hispanic,N,N,N,Y,N,2.667,7,NA
419,9,F,C,Hispanic,N,N,N,Y,N,3.4,7,NA
7193,9,F,C,Hispanic,Y,N,N,Y,N,1.667,7,NA
2490,9,M,C,Hispanic,Y,Y,N,Y,N,2,7,NA
3143,9,M,C,Hispanic,Y,N,N,Y,N,2.667,7,NA
8046,9,M,C,Hispanic,N,N,N,Y,N,2.333,7,NA
2221,9,M,C,Hispanic,N,N,N,Y,N,2,7,NA
7321,9,F,C,Hispanic,N,N,N,Y,N,3,7,NA
429,9,M,C,Hispanic,Y,N,N,Y,N,2,7,NA
8850,9,F,C,Hispanic,N,N,N,Y,N,2.333,7,NA
1583,9,F,C,Hispanic,N,N,N,Y,N,2.667,7,y
965,9,F,C,Hispanic,N,N,N,Y,N,3.4,7,NA
1060,9,M,C,Hispanic,Y,Y,N,Y,N,NA,7,NA
8480,9,M,C,Hispanic,N,N,N,Y,N,3,7,NA
3605,9,F,C,Hispanic,Y,N,N,Y,N,3,7,NA
6923,9,F,C,Hispanic,Y,Y,N,Y,N,2,7,NA
4065,9,F,C,Hispanic,N,N,N,Y,N,3,7,NA
6961,9,M,C,Hispanic,N,N,N,Y,N,1,7,NA
2725,9,F,C,Hispanic,N,N,N,Y,N,2.667,7,NA
9656,9,F,C,Hispanic,N,N,N,Y,N,2,7,NA
2323,9,F,C,Hispanic,N,N,N,Y,N,2.667,7,NA
9447,9,M,C,Hispanic,N,N,N,Y,N,2,7,NA
3830,9,M,C,Hispanic,N,N,N,Y,N,2,7,NA
7668,9,F,C,Hispanic,N,N,N,Y,N,3,7,NA
447,9,M,C,Hispanic,N,N,N,Y,N,2.6,7,NA
3363,9,M,C,Hispanic,Y,N,N,Y,N,2.333,7,NA
1818,9,M,C,Hispanic,N,N,N,Y,N,1,7,NA
7276,9,M,C,Hispanic,N,N,N,Y,N,2,7,NA
5330,9,M,C,Hispanic,N,N,N,Y,N,2,7,NA
9489,9,M,C,Hispanic,N,N,N,Y,N,2,7,NA
7615,9,M,C,Hispanic,N,N,N,Y,N,3,7,NA
8170,9,F,C,Hispanic,N,N,N,Y,N,2,7,NA
8897,9,F,C,Hispanic,N,N,N,Y,N,2,7,y
1966,9,M,C,Hispanic,Y,N,N,Y,N,2,7,NA
7111,9,M,C,Hispanic,Y,N,N,Y,N,2,7,NA
421,9,F,C,Hispanic,N,N,N,Y,N,1,7,NA
8352,9,F,C,Hispanic,N,N,N,Y,N,2,7,NA
9714,9,M,C,Hispanic,N,N,N,Y,N,1,7,NA
8092,9,M,C,Hispanic,N,N,N,Y,N,2.667,7,NA
6604,9,F,C,Hispanic,N,N,N,Y,N,3,7,y
5355,10,M,C,Hispanic,Y,N,N,Y,N,2.438,7,NA
2758,9,M,C,Hispanic,Y,N,N,Y,N,2,7,NA
3531,9,M,C,Hispanic,N,N,N,Y,N,2,7,NA
4272,9,F,C,Hispanic,N,N,N,Y,N,3.667,7,y
115,9,F,C,Hispanic,Y,N,N,Y,N,1.667,7,NA
4204,9,M,C,Hispanic,N,N,N,Y,N,2,7,NA
1557,9,M,C,Hispanic,Y,N,N,Y,N,2,7,NA
7714,9,F,C,Hispanic,N,N,N,Y,N,1,7,y
1504,9,F,C,Hispanic,N,N,N,Y,N,1,7,NA
3646,9,F,C,Hispanic,N,N,N,Y,N,2,7,y
9588,9,M,C,Hispanic,N,N,N,Y,N,2.667,7,NA
9801,9,M,C,Hispanic,Y,N,N,Y,N,1.667,7,NA
130,9,F,C,Hispanic,Y,Y,N,Y,N,1,7,NA
5339,9,F,C,Hispanic,N,N,N,Y,N,2,7,NA
2633,9,F,C,Hispanic,Y,N,N,Y,N,1,7,NA
3010,9,M,C,Hispanic,N,N,N,Y,N,3,7,NA
4616,9,M,C,Hispanic,N,N,N,Y,N,2,7,NA
5380,9,F,C,Hispanic,N,N,N,Y,N,1,7,NA
2705,9,M,C,Hispanic,N,N,N,Y,N,0,7,NA
5607,9,F,C,Hispanic,N,N,N,Y,N,2,7,NA
76,9,F,C,Hispanic,N,N,N,Y,N,4,7,NA
770,9,F,C,Hispanic,Y,N,N,Y,N,3,7,NA
973,9,M,C,Hispanic,N,N,N,Y,N,2,7,NA
1875,9,M,C,Hispanic,Y,Y,N,Y,N,1,7,NA
598,9,M,C,Hispanic,N,N,N,Y,N,3,7,NA
1601,9,M,C,Hispanic,N,N,N,Y,N,3.333,7,y
7312,9,F,C,Hispanic,N,N,N,Y,N,2,7,NA
8757,9,F,C,Hispanic,N,N,N,Y,N,3,7,NA
2530,9,F,C,Hispanic,N,Y,N,Y,N,1,7,NA
223,9,F,C,Hispanic,N,N,N,Y,N,3,7,NA
7896,9,M,C,Hispanic,N,N,N,Y,N,4,7,NA
2915,9,F,C,Hispanic,N,N,N,Y,N,1.667,7,NA
472,9,F,C,Hispanic,N,N,N,Y,N,1,7,NA
8108,9,M,C,Hispanic,N,N,N,Y,N,2,7,NA
2662,9,F,C,Hispanic,N,N,N,Y,N,1,7,NA
375,9,F,C,Hispanic,Y,N,N,Y,N,2,7,y
7210,9,M,C,Hispanic,N,Y,N,Y,N,2,7,NA
4568,9,F,C,Hispanic,N,N,N,Y,N,1,7,NA
6514,9,F,C,Hispanic,N,N,N,Y,N,3,7,NA
8243,9,F,C,Hispanic,N,N,N,Y,N,3,7,y
6846,9,M,C,Hispanic,Y,N,N,Y,N,2,7,NA
3298,9,F,C,Hispanic,N,Y,N,Y,N,1,7,NA
4987,9,F,C,Hispanic,N,N,N,Y,N,1,7,y
7638,9,M,C,Hispanic,N,N,N,Y,N,2,7,NA
3528,9,M,C,Hispanic,Y,N,N,Y,N,2,7,NA
4624,9,M,C,Hispanic,N,N,N,Y,N,3,7,NA
3323,9,M,C,Hispanic,N,N,N,Y,N,2,7,NA
1896,9,F,C,Hispanic,N,N,N,Y,N,4,7,NA
7652,9,M,C,Hispanic,N,N,N,Y,N,3,7,NA
5570,9,F,C,Hispanic,N,N,N,Y,N,2,7,NA
795,9,M,C,Hispanic,N,N,N,Y,N,2.667,7,y
4469,9,M,C,Hispanic,N,N,N,Y,N,2,7,NA
4202,9,M,C,Hispanic,Y,N,N,Y,N,2,7,NA
617,9,M,C,Hispanic,Y,N,N,Y,N,2,7,y
8261,9,F,C,Hispanic,N,N,N,Y,N,2,7,y
5218,9,M,C,Hispanic,N,N,N,Y,N,1,7,NA
1018,9,F,C,Hispanic,N,N,N,Y,N,3,7,NA
5721,9,F,C,Hispanic,N,N,N,Y,N,2,7,NA
3591,9,M,C,Hispanic,N,N,N,Y,N,4,7,NA
1455,9,F,C,Hispanic,Y,Y,N,Y,N,2.667,7,y
9754,9,M,C,Hispanic,N,N,N,Y,N,3.667,7,NA
1020,9,M,C,Hispanic,N,N,N,Y,N,2,7,NA
987,9,F,C,Hispanic,N,N,N,Y,N,3,7,NA
2961,9,M,C,Hispanic,N,N,N,Y,N,2,7,NA
1816,9,F,C,Hispanic,Y,N,N,Y,N,3,7,NA
4019,9,M,C,Hispanic,Y,Y,N,Y,N,3,7,NA
3007,9,F,C,Hispanic,Y,N,N,Y,N,2.333,7,y
4911,9,F,C,Hispanic,Y,N,N,Y,N,2,7,NA
906,9,M,C,Hispanic,N,N,N,Y,N,3,7,NA
7206,9,M,C,Hispanic,Y,N,N,Y,N,2,7,NA
4300,10,F,C,Hispanic,Y,N,N,Y,N,2.313,7,NA
4288,9,F,C,Hispanic,N,N,N,Y,N,3,7,y
9919,9,F,C,Hispanic,Y,Y,N,Y,N,1,7,NA
4040,11,F,C,Hispanic,N,N,N,Y,N,2.733,7,NA
6386,9,F,C,Hispanic,Y,Y,N,Y,N,NA,7,NA
5216,9,M,C,Hispanic,N,N,N,Y,N,3,7,NA
1674,9,F,C,Hispanic,N,N,N,Y,N,2,7,NA
1933,9,F,C,Hispanic,N,N,N,Y,N,3,7,NA
8503,9,M,C,Hispanic,N,N,N,Y,N,3,7,NA
540,9,M,C,Hispanic,N,N,N,Y,N,3,7,NA
3141,9,F,C,Hispanic,Y,N,N,Y,N,3.667,7,NA
269,9,F,C,Hispanic,N,N,N,Y,N,1,7,NA
4806,9,F,C,Hispanic,N,N,N,Y,N,2,7,y
2306,9,M,C,Hispanic,Y,Y,N,Y,N,2,7,NA
2821,9,M,C,Hispanic,N,Y,N,Y,N,NA,7,NA
4585,12,F,C,Non Hispanic,N,Y,N,Y,N,2.762,7,NA
6435,9,M,C,Non Hispanic,N,N,N,Y,N,1,7,NA
6512,9,F,C,Hispanic,N,N,N,Y,N,4,7,NA
7810,9,F,C,Hispanic,N,N,N,Y,N,2,7,NA
7600,10,M,C,Hispanic,N,N,N,Y,N,2.563,7,NA
7100,9,F,C,Hispanic,N,N,N,Y,N,2.333,7,NA
5190,9,F,C,Hispanic,N,N,N,Y,N,3,7,y
1448,12,F,C,Hispanic,N,N,N,Y,N,3.25,7,NA
7352,9,M,C,Hispanic,N,Y,N,Y,N,0,7,NA
4034,11,F,C,Hispanic,Y,N,N,Y,N,3.353,7,NA
65,9,M,C,Hispanic,Y,Y,N,Y,N,2,7,NA
8241,9,F,C,Hispanic,N,N,N,Y,N,2,7,NA
6537,10,M,C,Hispanic,N,Y,N,Y,N,2.75,7,NA
7755,12,F,C,Hispanic,N,N,N,Y,N,3.051,7,NA
7037,11,M,C,Hispanic,N,N,N,Y,N,2.219,7,NA
8077,10,F,C,Hispanic,N,N,N,Y,N,2.611,7,NA
1524,9,M,C,Hispanic,Y,N,N,Y,N,2,7,NA
2616,9,F,C,Hispanic,Y,Y,N,Y,N,2,7,NA
7882,9,M,C,Hispanic,N,N,N,Y,N,2,7,NA
6183,9,F,C,Hispanic,N,N,N,Y,N,4,7,NA
7922,9,M,C,Hispanic,N,N,N,Y,N,3,7,NA
9751,9,M,C,Hispanic,Y,N,N,Y,N,1.667,7,NA
3297,9,M,C,Hispanic,N,Y,N,Y,N,1,7,NA
7356,9,F,C,Hispanic,Y,N,N,Y,N,2,7,NA
8550,9,F,C,Hispanic,N,N,N,Y,N,2.667,7,NA
3684,9,F,C,Hispanic,N,N,N,Y,N,0,7,NA
5524,9,F,C,Hispanic,N,N,N,Y,N,1,7,y
5777,9,M,C,Hispanic,N,N,N,Y,N,2,7,NA
6799,9,F,C,Hispanic,N,N,N,Y,N,3,7,y
8815,9,M,C,Hispanic,N,N,N,Y,N,2,7,NA
1101,9,F,C,Hispanic,Y,N,N,Y,N,1,7,NA
3156,9,M,C,Hispanic,N,N,N,Y,N,1,7,NA
9874,9,F,C,Hispanic,N,N,N,Y,N,1,7,NA
3848,9,F,C,Hispanic,Y,N,N,Y,N,2.333,7,NA
3279,9,F,C,Hispanic,N,N,N,Y,N,3.333,7,NA
6863,9,F,C,Hispanic,N,N,N,Y,N,0,7,NA
6810,9,F,C,Hispanic,N,N,Y,Y,N,2,7,NA
3414,9,F,C,Hispanic,N,N,N,Y,N,3,7,NA
8885,9,F,C,Hispanic,N,N,N,Y,N,3.2,7,NA
4929,9,F,C,Hispanic,N,N,N,Y,N,2,7,NA
7409,9,M,C,Hispanic,N,N,N,Y,N,1.667,7,NA
3164,9,M,C,Hispanic,N,Y,N,Y,N,1,7,NA
1023,9,F,C,Hispanic,N,N,N,Y,N,3.333,7,NA
5004,9,F,C,Hispanic,N,N,N,Y,N,3,7,y
5027,9,M,C,Hispanic,N,Y,N,Y,N,3,7,NA
1099,9,M,C,Hispanic,N,Y,N,Y,N,NA,7,NA
8057,9,M,C,Hispanic,Y,N,Y,Y,Y,1,7,NA
7328,9,F,C,Hispanic,N,N,N,Y,N,2,7,NA
883,9,M,C,Hispanic,N,Y,N,Y,N,1,7,NA
1609,9,M,C,Hispanic,Y,N,N,Y,N,2.333,7,NA
2553,9,F,C,Non Hispanic,N,N,N,Y,N,1,7,NA
9735,9,M,C,Hispanic,N,N,N,Y,N,3,7,NA
2500,9,F,C,Hispanic,N,N,N,Y,N,0,7,NA
3738,9,M,C,Hispanic,N,N,N,Y,N,2,7,NA
4674,9,F,C,Hispanic,Y,N,N,Y,N,2,7,NA
2389,9,M,C,Hispanic,N,N,N,Y,N,2,7,NA
9945,12,F,C,Hispanic,Y,N,N,Y,N,3.446,7,NA
1093,9,F,C,Hispanic,Y,N,N,Y,N,2,7,NA
5404,12,M,C,Hispanic,Y,N,N,Y,N,1.841,7,NA
6633,9,F,C,Hispanic,N,N,N,Y,N,2,7,NA
654,9,F,C,Hispanic,Y,Y,N,Y,N,2,7,NA
6345,11,F,C,Hispanic,Y,N,N,Y,N,2.867,7,NA
4381,10,F,B,Non Hispanic,N,N,N,Y,N,2.4,7,NA
5758,10,F,C,Hispanic,Y,N,N,Y,N,2.188,7,NA
2987,12,F,C,Hispanic,N,N,N,Y,N,2.5,7,NA
2108,10,M,C,Hispanic,N,N,N,Y,N,1.75,7,NA
4240,10,M,C,Hispanic,Y,N,N,Y,N,2.667,7,NA
2686,10,M,C,Hispanic,Y,N,N,Y,N,2.5,7,NA
8793,9,F,C,Hispanic,Y,N,N,Y,N,3.667,7,NA
3544,10,M,C,Hispanic,Y,N,N,Y,N,2.563,7,NA
3628,12,M,C,Hispanic,Y,N,N,Y,N,3.091,7,NA
9555,12,F,C,Hispanic,N,N,N,Y,N,1.978,7,NA
5668,12,F,C,Hispanic,Y,N,N,Y,N,3.113,7,NA
5506,9,M,C,Hispanic,N,N,N,Y,N,1,7,NA
1733,10,M,C,Hispanic,Y,N,N,Y,N,2.375,7,NA
9174,12,M,C,Hispanic,Y,Y,N,Y,N,2.727,7,NA
8923,10,F,C,Hispanic,N,N,N,Y,N,3.895,7,y
5837,11,F,C,Hispanic,N,Y,N,Y,N,3,7,NA
2239,12,F,C,Hispanic,N,N,N,Y,Y,3.326,7,y
338,12,F,C,Hispanic,N,N,N,Y,N,3.2,7,NA
7480,9,F,C,Non Hispanic,N,N,Y,Y,N,1,7,NA
4028,9,F,C,Hispanic,Y,N,N,Y,N,3,7,NA
4573,11,F,C,Hispanic,Y,N,N,Y,N,1.781,7,NA
3449,9,M,C,Hispanic,Y,N,N,Y,N,1,7,NA
7663,11,M,C,Hispanic,N,N,N,Y,N,2.1,7,NA
7896,11,M,C,Hispanic,Y,N,N,Y,N,1.933,7,NA
8143,9,F,C,Hispanic,N,N,N,Y,N,2.667,7,NA
1459,12,M,C,Hispanic,N,N,N,Y,N,1.667,7,NA
4781,11,M,C,Hispanic,N,N,N,Y,N,2.667,7,NA
7208,11,M,C,Hispanic,N,N,N,Y,N,2.361,7,NA
3455,11,F,C,Hispanic,N,N,N,Y,N,1.867,7,y
4630,12,F,C,Hispanic,N,N,N,Y,N,2.064,7,NA
8872,12,M,C,Hispanic,N,N,N,Y,N,1.773,7,NA
8459,9,M,C,Hispanic,Y,N,N,Y,N,2.333,7,NA
5058,12,F,C,Hispanic,Y,N,N,Y,N,3,7,NA
891,12,F,C,Hispanic,Y,N,Y,Y,N,1.773,7,NA
1566,10,F,C,Hispanic,N,N,N,Y,N,3,7,NA
8763,10,F,C,Hispanic,Y,N,N,Y,N,1.857,7,NA
5198,12,F,C,Hispanic,N,N,N,Y,N,3.754,7,y
5042,9,M,C,Hispanic,N,Y,N,Y,N,2,7,NA
7036,9,M,C,Hispanic,Y,N,N,Y,N,2,7,NA
9821,11,M,C,Hispanic,N,N,N,Y,N,1.6,7,NA
3979,10,M,C,Hispanic,N,N,N,Y,N,1.765,7,NA
6888,12,F,C,Hispanic,N,N,N,Y,N,2.205,7,NA
3751,12,F,C,Hispanic,Y,N,N,Y,N,2.259,7,NA
6856,11,M,C,Hispanic,N,Y,N,Y,N,1.933,7,NA
9124,9,M,C,Hispanic,N,Y,N,Y,N,1,7,NA
8893,10,M,C,Hispanic,N,N,N,Y,N,2.5,7,NA
4301,12,F,C,Hispanic,N,N,N,Y,N,2.386,7,NA
318,10,F,C,Hispanic,Y,N,N,Y,N,2.611,7,NA
2801,9,M,C,Hispanic,N,N,N,Y,N,3.667,7,NA
5162,9,F,C,Hispanic,N,N,N,Y,N,3,7,NA
2504,9,F,C,Hispanic,Y,N,N,Y,N,3,7,NA
978,12,F,C,Hispanic,Y,N,N,Y,N,1.898,7,NA
3850,12,F,C,Hispanic,N,N,N,Y,N,2.889,7,NA
7787,9,M,C,Hispanic,N,N,N,Y,N,3,7,y
2197,12,F,C,Hispanic,Y,N,N,Y,N,2.565,7,y
5684,9,F,C,Hispanic,N,N,N,Y,N,3,7,NA
9714,9,F,C,Hispanic,N,N,N,Y,N,2.667,7,NA
7063,10,F,C,Hispanic,Y,N,N,Y,N,3.278,7,NA
8355,9,F,C,Hispanic,Y,N,N,Y,N,2.333,7,NA
6511,10,M,C,Hispanic,N,N,N,Y,N,2.125,7,NA
2498,11,F,C,Hispanic,N,N,N,Y,N,2.533,7,y
5560,9,M,C,Hispanic,Y,N,N,Y,N,1.667,7,NA
9241,12,M,C,Hispanic,Y,N,N,Y,N,1.607,7,NA
8104,10,M,C,Hispanic,Y,Y,N,Y,N,0.611,7,NA
4309,12,M,C,Hispanic,Y,N,N,Y,N,1.596,7,NA
5877,11,F,C,Hispanic,N,N,N,Y,N,1.75,7,NA
8604,9,F,C,Hispanic,N,N,N,Y,N,2.6,7,NA
3429,10,F,C,Hispanic,Y,N,N,Y,N,2.875,7,NA
1367,10,F,C,Hispanic,Y,N,N,Y,N,1.889,7,NA
4441,10,M,C,Hispanic,Y,N,N,Y,N,1.875,7,NA
4827,10,M,C,Hispanic,N,N,N,Y,N,2.688,7,NA
6498,9,F,C,Hispanic,N,N,N,Y,N,4,7,NA
6653,10,F,C,Hispanic,Y,N,N,Y,N,3.471,7,NA
4517,9,F,C,Hispanic,N,N,N,Y,N,2,7,NA
6599,11,M,C,Hispanic,Y,N,N,Y,N,3.433,7,NA
8372,11,M,C,Hispanic,Y,N,N,Y,N,3.067,7,NA
4916,12,F,C,Hispanic,Y,N,N,Y,N,1.761,7,NA
8074,11,M,C,Hispanic,Y,N,N,Y,N,2.233,7,NA
1559,9,F,C,Hispanic,N,N,N,Y,N,2,7,NA
2286,11,F,C,Hispanic,Y,N,N,Y,N,2.75,7,y
7073,10,M,C,Hispanic,Y,N,N,Y,N,1.667,7,NA
8286,12,F,C,Hispanic,Y,N,N,Y,N,3.326,7,NA
6187,11,M,C,Hispanic,Y,N,N,Y,N,3.938,7,NA
5006,9,F,C,Hispanic,N,N,N,Y,N,3.333,7,NA
347,12,M,C,Hispanic,N,N,N,Y,N,2.553,7,NA
5323,9,M,C,Hispanic,N,N,N,Y,N,1.667,7,NA
9553,11,F,C,Hispanic,Y,N,N,Y,N,2.367,7,NA
5797,10,M,C,Hispanic,Y,N,N,Y,N,1.444,7,NA
7593,10,F,C,Hispanic,Y,N,N,Y,N,3.316,7,NA
1223,9,F,C,Hispanic,Y,N,N,Y,N,3.333,7,NA
5280,9,M,C,Hispanic,Y,N,N,Y,N,0,7,NA
3478,11,M,C,Hispanic,Y,Y,N,Y,N,0.97,7,NA
4111,11,M,C,Hispanic,N,Y,N,Y,N,3.3,7,y
2923,11,M,C,Hispanic,Y,N,N,Y,Y,2.133,7,NA
7582,10,F,C,Hispanic,Y,N,N,Y,Y,1.778,7,NA
9329,9,M,C,Hispanic,Y,Y,N,Y,N,1,7,NA
7407,12,M,C,Hispanic,Y,N,N,Y,N,1.818,7,NA
1083,12,F,C,Hispanic,N,Y,N,Y,N,3.091,7,NA
7193,9,M,C,Non Hispanic,N,N,N,Y,N,1,7,NA
6614,11,M,C,Hispanic,Y,N,N,Y,N,2.125,7,NA
440,9,F,C,Hispanic,Y,N,N,Y,N,0,7,NA
7092,10,M,C,Hispanic,Y,Y,N,Y,N,1.938,7,NA
9879,9,M,C,Hispanic,N,N,N,Y,N,3,7,NA
6787,9,F,C,Hispanic,N,N,N,Y,N,2,7,y
4330,9,F,C,Hispanic,Y,N,N,Y,N,3.333,7,NA
9808,9,F,C,Hispanic,Y,N,N,Y,N,2.333,7,NA
8891,10,F,C,Hispanic,Y,N,N,Y,N,1,7,NA
6454,10,M,C,Hispanic,Y,N,N,Y,N,1.778,7,NA
5925,10,F,C,Hispanic,Y,N,N,Y,N,2.278,7,NA
5419,12,F,C,Hispanic,N,N,N,Y,N,3.913,7,NA
7296,11,F,C,Hispanic,Y,N,N,Y,N,3.433,7,NA
9889,9,F,C,Hispanic,Y,N,N,Y,N,2.667,7,NA
4068,12,F,C,Hispanic,Y,N,N,Y,N,3.543,7,NA
5643,11,M,C,Hispanic,Y,N,N,Y,N,2.741,7,NA
3705,12,M,C,Hispanic,Y,N,N,Y,N,2.553,7,NA
6059,12,F,C,Hispanic,Y,N,N,Y,N,3.196,7,NA
3519,12,F,C,Hispanic,N,N,N,Y,N,3.87,7,NA
5598,10,F,C,Hispanic,Y,N,N,Y,N,1.778,7,NA
701,12,F,C,Hispanic,Y,Y,N,Y,N,2.773,7,NA
7176,10,M,C,Hispanic,Y,Y,N,Y,N,2.625,7,NA
919,10,F,C,Hispanic,Y,N,N,Y,N,1.474,7,NA
274,9,M,C,Hispanic,Y,N,N,Y,N,2.333,7,NA
2673,12,M,C,Hispanic,Y,N,N,Y,N,1.191,7,NA
4839,9,M,C,Hispanic,Y,N,N,Y,N,1,7,NA
731,9,F,C,Hispanic,Y,Y,N,Y,N,3,7,NA
8353,9,M,C,Hispanic,Y,N,N,Y,N,1.333,7,NA
4473,12,M,C,Hispanic,Y,Y,N,Y,N,1.07,7,NA
7325,10,M,C,Hispanic,Y,N,N,Y,N,1.2,7,NA
7132,11,M,C,Hispanic,Y,N,N,Y,N,3.031,7,NA
8797,10,F,C,Hispanic,N,N,N,Y,N,3.875,7,NA
2348,10,M,C,Hispanic,Y,N,N,Y,N,1.353,7,NA
9699,11,M,C,Hispanic,Y,N,N,Y,N,2.969,7,NA
5332,12,F,C,Hispanic,Y,N,N,Y,N,1.667,7,NA
3645,11,F,C,Hispanic,Y,N,N,Y,N,2,7,NA
1355,9,F,C,Hispanic,Y,N,N,Y,N,1,7,NA
7528,12,F,C,Hispanic,Y,N,N,Y,N,2.174,7,y
2985,12,F,C,Hispanic,Y,N,N,Y,N,2.304,7,NA
3957,11,M,C,Hispanic,Y,N,N,Y,Y,1.818,7,NA
6188,12,F,C,Hispanic,N,N,N,Y,N,1.75,7,NA
2604,9,M,C,Hispanic,N,N,N,Y,N,2,7,NA
3838,11,M,C,Hispanic,Y,N,N,Y,N,1.281,7,NA
5807,9,M,C,Hispanic,N,N,N,Y,N,1,7,NA
2796,9,M,C,Hispanic,N,N,N,Y,N,1,7,NA
1684,11,M,C,Hispanic,Y,N,N,Y,N,1.938,7,NA
866,12,F,C,Hispanic,N,N,N,Y,N,2.262,7,NA
2958,10,M,C,Hispanic,Y,N,N,Y,N,2.722,7,NA
7051,10,M,C,Hispanic,Y,N,N,Y,N,1.211,7,NA
6386,10,M,C,Hispanic,N,N,N,Y,N,3.25,7,NA
2231,9,F,C,Hispanic,Y,N,N,Y,Y,2.667,7,NA
6810,11,M,C,Hispanic,Y,N,N,Y,N,2.188,7,NA
6381,9,M,C,Hispanic,Y,N,N,Y,N,1.667,7,NA
7327,9,M,C,Hispanic,N,Y,Y,Y,N,3,7,NA
5654,11,M,C,Hispanic,Y,N,N,Y,N,1.375,7,NA
7373,11,F,C,Hispanic,Y,N,N,Y,N,3.485,7,y
3569,11,F,C,Hispanic,Y,N,N,Y,Y,1.75,7,NA
7182,11,F,C,Hispanic,N,N,N,Y,N,3.941,7,NA
8572,10,F,C,Hispanic,Y,Y,N,Y,N,2.25,7,NA
5888,10,F,C,Hispanic,Y,N,N,Y,N,2,7,y
1442,9,M,C,Hispanic,Y,N,N,Y,N,3,7,NA
929,12,F,C,Hispanic,Y,N,N,Y,N,2.122,7,NA
4736,11,M,C,Hispanic,Y,N,N,Y,N,1.868,7,NA
7795,10,F,C,Hispanic,N,N,N,Y,N,2.261,7,NA
2479,11,M,C,Hispanic,N,N,N,Y,N,1.359,7,NA
2650,11,F,C,Hispanic,N,Y,N,Y,N,1.469,7,NA
1071,11,M,C,Hispanic,N,N,N,Y,N,2.143,7,NA
8043,10,F,C,Hispanic,N,N,N,Y,N,2.438,7,NA
3230,10,F,C,Hispanic,N,N,N,Y,N,2.438,7,NA
4379,11,M,C,Hispanic,Y,N,N,Y,N,2.9,7,NA
2079,12,M,C,Hispanic,N,N,N,Y,N,3.667,7,NA
4121,12,F,C,Hispanic,N,N,N,Y,N,3.756,7,NA
3950,11,M,C,Hispanic,Y,N,N,Y,N,3.824,7,NA
1786,11,M,C,Hispanic,Y,N,N,Y,N,3.824,7,NA
5077,9,M,C,Hispanic,Y,Y,N,Y,N,1,7,NA
4702,11,F,C,Hispanic,Y,N,N,Y,N,1.764,7,NA
4392,9,F,C,Hispanic,Y,N,N,Y,N,2,7,NA
2332,9,M,C,Hispanic,Y,N,N,Y,N,3.333,7,NA
9481,10,F,C,Hispanic,Y,N,N,Y,N,2.412,7,NA
5337,12,F,C,Hispanic,Y,N,N,Y,N,3.2,7,NA
6708,12,F,C,Hispanic,N,N,N,Y,N,2.17,7,NA
791,11,M,C,Hispanic,N,Y,N,Y,N,1.624,7,NA
1496,10,M,C,Hispanic,N,N,N,Y,N,3.188,7,NA
3652,9,F,C,Hispanic,N,N,N,Y,N,NA,7,NA
3245,11,M,C,Hispanic,Y,N,N,Y,N,1.353,7,NA
942,10,M,C,Hispanic,Y,N,N,Y,N,2.381,7,NA
9150,9,M,C,Hispanic,N,N,N,Y,N,3,7,NA
3569,9,M,C,Hispanic,Y,Y,N,Y,N,NA,7,NA
3879,9,F,C,Non Hispanic,N,N,N,Y,N,2,7,NA
7307,9,M,C,Hispanic,Y,N,N,Y,N,1,7,NA
6368,10,M,C,Hispanic,Y,N,N,Y,N,1.875,7,NA
3623,10,F,C,Hispanic,Y,N,N,Y,N,1.778,7,NA
4446,9,M,C,Hispanic,N,Y,N,Y,N,NA,7,NA
3469,9,M,C,Hispanic,Y,N,N,Y,N,2,7,NA
7454,10,M,C,Hispanic,Y,N,N,Y,N,1.529,7,NA
2471,10,M,C,Hispanic,Y,N,N,Y,N,2.222,7,NA
5714,12,F,C,Hispanic,N,N,N,Y,N,2.478,7,NA
3007,11,F,C,Hispanic,Y,N,N,Y,N,2.6,7,NA
8697,11,M,C,Non Hispanic,N,N,N,Y,N,3.519,7,NA
8269,10,F,C,Non Hispanic,N,N,N,Y,N,3.737,7,NA
4629,9,M,C,Hispanic,Y,N,N,Y,N,2,7,NA
177,9,M,C,Hispanic,Y,N,N,Y,N,0,7,NA
4962,9,F,C,Hispanic,N,N,N,Y,N,2,7,NA
4764,9,F,C,Hispanic,Y,N,N,Y,N,NA,7,NA
4401,9,F,C,Non Hispanic,N,N,N,Y,N,3,7,NA
5042,11,F,C,Hispanic,Y,N,N,Y,N,2.882,7,NA
8290,12,M,C,Hispanic,N,N,N,Y,N,1.94,7,NA
3832,10,F,C,Non Hispanic,N,N,N,Y,N,3.517,7,NA
5667,10,F,C,Hispanic,Y,N,N,Y,N,3.385,7,NA
8145,10,M,C,Hispanic,N,N,N,Y,N,1.462,7,NA
6358,11,F,C,Hispanic,Y,N,N,Y,N,3.613,7,NA
3467,9,M,C,Hispanic,Y,N,N,Y,N,2,7,NA
6646,10,M,C,Hispanic,Y,N,N,Y,N,3.154,7,NA
721,11,F,C,Hispanic,Y,N,N,Y,N,3.68,7,NA
2731,9,M,C,Hispanic,Y,N,N,Y,Y,1,7,NA
3359,9,M,C,Hispanic,Y,N,N,Y,N,1,7,NA
5912,10,M,C,Hispanic,Y,N,N,Y,N,2.2,7,NA
2621,9,M,C,Hispanic,Y,N,N,Y,N,0,7,NA
3590,9,M,C,Hispanic,Y,N,N,Y,N,1,7,NA
1321,9,F,C,Hispanic,N,N,N,Y,N,1,7,NA
8947,10,F,C,Hispanic,Y,N,N,Y,N,3.238,7,NA
7241,11,F,C,Hispanic,N,N,N,Y,N,3.944,7,NA
3333,9,M,C,Hispanic,Y,N,Y,Y,N,3,7,NA
6658,10,M,C,Hispanic,Y,N,N,Y,N,2.25,7,NA
3673,10,F,C,Hispanic,N,N,N,Y,N,3.481,7,NA
6660,9,F,C,Hispanic,Y,N,N,Y,N,NA,7,NA
8756,12,F,C,Hispanic,N,N,N,Y,N,1.703,7,NA
7891,9,M,C,Hispanic,N,N,N,Y,N,0.9,7,NA
2445,9,F,C,Hispanic,Y,N,N,Y,N,1.846,7,NA
9050,9,M,C,Hispanic,N,N,N,Y,N,3.345,7,NA